k0,elasticity,growth,inflation,demurrage,k,net,burn,gross
0.2,1,0.01,0.02,0,0.196039734661,0.00574684525992,0,0.00574684525992
0.2,1,0.01,0.02,0.005,0.195061982406,0.00571818274961,0.00094671899828,0.00666490174789
0.2,1,0.01,0.02,0.01,0.19408910671,0.00568966319417,0.00188399443516,0.00757365762932
0.2,1,0.01,0.02,0.015,0.193121083252,0.0056612858806,0.00281189696056,0.00847318284117
0.2,1,0.01,0.02,0.02,0.19215788783,0.00563305009948,0.00373049675462,0.0093635468541
0.2,1,0.01,0.02,0.025,0.191199496367,0.0056049551449,0.00463986353054,0.0102448186754
0.2,1,0.01,0.02,0.03,0.1902458849,0.00557700031449,0.00554006653757,0.0111170668521
0.2,1,0.01,0.02,0.035,0.189297029591,0.00554918490938,0.00643117456385,0.0119803594732
0.2,1,0.01,0.02,0.04,0.188352906717,0.00552150823418,0.00731325593931,0.0128347641735
0.2,1,0.01,0.02,0.045,0.187413492675,0.00549396959697,0.00818637853853,0.0136803481355
0.2,1,0.01,0.02,0.05,0.186478763981,0.00546656830929,0.00905060978359,0.0145171780929
0.2,1,0.01,0.02,0.055,0.185548697266,0.0054393036861,0.00990601664688,0.015345320333
0.2,1,0.01,0.02,0.06,0.184623269277,0.00541217504579,0.0107526656539,0.0161648406997
0.2,1,0.01,0.02,0.065,0.18370245688,0.00538518171014,0.0115906228861,0.0169758045962
0.2,1,0.01,0.02,0.07,0.182786237054,0.00535832300431,0.0124199539835,0.0177782769878
0.2,1,0.01,0.02,0.075,0.181874586894,0.00533159825683,0.0132407241478,0.0185723224046
0.2,1,0.01,0.02,0.08,0.180967483607,0.00530500679959,0.0140529981446,0.0193580049442
0.2,1,0.01,0.02,0.085,0.180064904517,0.00527854796779,0.0148568403067,0.0201353882745
0.2,1,0.01,0.02,0.09,0.179166827059,0.00525222109997,0.0156523145363,0.0209045356363
0.2,1,0.01,0.02,0.095,0.178273228781,0.00522602553795,0.0164394843081,0.0216655098461
0.2,1,0.01,0.02,0.1,0.177384087343,0.00519996062684,0.0172184126717,0.0224183732985
0.2,1,0.01,0.02,0.105,0.176499380517,0.00517402571502,0.0179891622542,0.0231631879692
0.2,1,0.01,0.02,0.11,0.175619086184,0.00514822015411,0.0187517952633,0.0239000154174
0.2,1,0.01,0.02,0.115,0.174743182338,0.00512254329897,0.0195063734894,0.0246289167884
0.2,1,0.01,0.02,0.12,0.17387164708,0.00509699450768,0.0202529583087,0.0253499528163
0.2,1,0.01,0.02,0.125,0.173004458622,0.00507157314152,0.0209916106851,0.0260631838266
0.2,1,0.01,0.02,0.13,0.172141595285,0.00504627856495,0.0217223911736,0.0267686697386
0.2,1,0.01,0.02,0.135,0.171283035497,0.0050211101456,0.0224453599224,0.027466470068
0.2,1,0.01,0.02,0.14,0.170428757793,0.00499606725428,0.0231605766755,0.0281566439297
0.2,1,0.01,0.02,0.145,0.169578740818,0.00497114926489,0.0238681007751,0.02883925004
0.2,1,0.01,0.02,0.15,0.168732963319,0.0049463555545,0.0245679911647,0.0295143467192
0.2,1,0.01,0.02,0.155,0.167891404154,0.00492168550325,0.0252603063908,0.0301819918941
0.2,1,0.01,0.02,0.16,0.167054042282,0.00489713849439,0.0259451046061,0.0308422431005
0.2,1,0.01,0.02,0.165,0.16622085677,0.00487271391426,0.0266224435713,0.0314951574855
0.2,1,0.01,0.02,0.17,0.165391826789,0.00484841115222,0.0272923806582,0.0321407918104
0.2,1,0.01,0.02,0.175,0.164566931611,0.00482422960072,0.0279549728518,0.0327792024526
0.2,1,0.01,0.02,0.18,0.163746150616,0.0048001686552,0.0286102767529,0.0334104454081
0.2,1,0.01,0.02,0.185,0.162929463282,0.00477622771416,0.0292583485801,0.0340345762943
0.2,1,0.01,0.02,0.19,0.162116849194,0.00475240617905,0.0298992441728,0.0346516503519
0.2,1,0.01,0.02,0.195,0.161308288035,0.00472870345435,0.0305330189933,0.0352617224477
0.2,1,0.01,0.02,0.2,0.160503759592,0.00470511894748,0.031159728129,0.0358648470765
0.2,1,0.01,0.02,0.205,0.159703243752,0.00468165206883,0.031779426295,0.0364610783639
0.2,1,0.01,0.02,0.21,0.158906720501,0.00465830223172,0.0323921678365,0.0370504700682
0.2,1,0.01,0.02,0.215,0.158114169926,0.00463506885241,0.0329980067308,0.0376330755832
0.2,1,0.01,0.02,0.22,0.157325572213,0.00461195135007,0.0335969965899,0.03820894794
0.2,1,0.01,0.02,0.225,0.156540907648,0.00458894914675,0.0341891906629,0.0387781398096
0.2,1,0.01,0.02,0.23,0.155760156614,0.0045660616674,0.0347746418378,0.0393407035052
0.2,1,0.01,0.02,0.235,0.154983299592,0.00454328833982,0.0353534026443,0.0398966909841
0.2,1,0.01,0.02,0.24,0.154210317161,0.00452062859469,0.0359255252558,0.0404461538505
0.2,1,0.01,0.02,0.245,0.153441189995,0.00449808186552,0.0364910614918,0.0409891433573
0.2,1,0.01,0.02,0.25,0.152675898867,0.00447564758862,0.0370500628197,0.0415257104083
0.2,1,0.01,0.02,0.255,0.151914424645,0.00445332520314,0.0376025803577,0.0420559055608
0.2,1,0.01,0.02,0.26,0.151156748291,0.00443111415103,0.0381486648764,0.0425797790275
0.2,1,0.01,0.02,0.265,0.150402850864,0.004409013877,0.0386883668015,0.0430973806785
0.2,1,0.01,0.02,0.27,0.149652713516,0.00438702382855,0.0392217362155,0.0436087600441
0.2,1,0.01,0.02,0.275,0.148906317493,0.00436514345593,0.0397488228602,0.0441139663162
0.2,1,0.01,0.02,0.28,0.148163644136,0.00434337221211,0.0402696761388,0.0446130483509
0.2,1,0.01,0.02,0.285,0.147424674878,0.00432170955283,0.0407843451178,0.0451060546706
0.2,1,0.01,0.02,0.29,0.146689391245,0.00430015493651,0.0412928785294,0.0455930334659
0.2,1,0.01,0.02,0.295,0.145957774854,0.00427870782429,0.0417953247737,0.046074032598
0.2,1,0.01,0.02,0.3,0.145229807415,0.00425736767999,0.0422917319204,0.0465490996004
0.2,1,0.01,0.02,0.305,0.144505470728,0.0042361339701,0.0427821477113,0.0470182816814
0.2,1,0.01,0.02,0.31,0.143784746686,0.00421500616378,0.043266619562,0.0474816257258
0.2,1,0.01,0.02,0.315,0.143067617271,0.00419398373284,0.0437451945644,0.0479391782972
0.2,1,0.01,0.02,0.32,0.142354064553,0.0041730661517,0.0442179194883,0.04839098564
0.2,1,0.01,0.02,0.325,0.141644070694,0.00415225289744,0.0446848407837,0.0488370936812
0.2,1,0.01,0.02,0.33,0.140937617944,0.00413154344972,0.045146004583,0.0492775480327
0.2,1,0.01,0.02,0.335,0.140234688642,0.0041109372908,0.0456014567026,0.0497123939934
0.2,1,0.01,0.02,0.34,0.139535265214,0.00409043390552,0.046051242645,0.0501416765505
0.2,1,0.01,0.02,0.345,0.138839330176,0.00407003278131,0.046495407601,0.0505654403823
0.2,1,0.01,0.02,0.35,0.138146866127,0.00404973340812,0.0469339964518,0.0509837298599
0.2,1,0.01,0.02,0.355,0.137457855758,0.00402953527849,0.0473670537703,0.0513965890488
0.2,1,0.01,0.02,0.36,0.136772281842,0.00400943788744,0.0477946238238,0.0518040617113
0.2,1,0.01,0.02,0.365,0.136090127241,0.00398944073255,0.0482167505756,0.0522061913081
0.2,1,0.01,0.02,0.37,0.1354113749,0.00396954331389,0.0486334776867,0.0526030210006
0.2,1,0.01,0.02,0.375,0.13473600785,0.00394974513402,0.0490448485184,0.0529945936524
0.2,1,0.01,0.02,0.38,0.134064009207,0.00393004569798,0.0494509061335,0.0533809518315
0.2,1,0.01,0.02,0.385,0.133395362172,0.00391044451328,0.0498516932985,0.0537621378118
0.2,1,0.01,0.02,0.39,0.132730050027,0.00389094108991,0.0502472524856,0.0541381935755
0.2,1,0.01,0.02,0.395,0.132068056141,0.00387153494026,0.0506376258743,0.0545091608146
0.2,1,0.01,0.02,0.4,0.131409363963,0.00385222557919,0.0510228553535,0.0548750809327
0.2,1,0.03,0.02,0,0.196039734661,0.00944185282112,0,0.00944185282112
0.2,1,0.03,0.02,0.005,0.195061982406,0.00939476138371,0.00092833610511,0.0103230974888
0.2,1,0.03,0.02,0.01,0.19408910671,0.00934790481583,0.00184741201894,0.0111953168348
0.2,1,0.03,0.02,0.015,0.193121083252,0.00930128194606,0.00275729701958,0.0120585789656
0.2,1,0.03,0.02,0.02,0.19215788783,0.00925489160882,0.00365805992443,0.0129129515332
0.2,1,0.03,0.02,0.025,0.191199496367,0.00920873264435,0.00454976909306,0.0137585017374
0.2,1,0.03,0.02,0.03,0.1902458849,0.00916280389867,0.00543249243004,0.0145952963287
0.2,1,0.03,0.02,0.035,0.189297029591,0.00911710422358,0.00630629738785,0.0154234016114
0.2,1,0.03,0.02,0.04,0.188352906717,0.00907163247656,0.00717125096961,0.0162428834462
0.2,1,0.03,0.02,0.045,0.187413492675,0.00902638752083,0.00802741973196,0.0170538072528
0.2,1,0.03,0.02,0.05,0.186478763981,0.00898136822525,0.0088748697878,0.017856238013
0.2,1,0.03,0.02,0.055,0.185548697266,0.00893657346435,0.00971366680907,0.0186502402734
0.2,1,0.03,0.02,0.06,0.184623269277,0.00889200211825,0.0105438760295,0.0194358781478
0.2,1,0.03,0.02,0.065,0.18370245688,0.00884765307267,0.0113655622475,0.0202132153202
0.2,1,0.03,0.02,0.07,0.182786237054,0.00880352521887,0.0121787898285,0.0209823150473
0.2,1,0.03,0.02,0.075,0.181874586894,0.00875961745366,0.012983622708,0.0217432401617
0.2,1,0.03,0.02,0.08,0.180967483607,0.00871592867935,0.0137801243942,0.0224960530736
0.2,1,0.03,0.02,0.085,0.180064904517,0.00867245780371,0.0145683579707,0.0232408157744
0.2,1,0.03,0.02,0.09,0.179166827059,0.00862920373996,0.0153483860987,0.0239775898387
0.2,1,0.03,0.02,0.095,0.178273228781,0.00858616540676,0.0161202710206,0.0247064364273
0.2,1,0.03,0.02,0.1,0.177384087343,0.00854334172813,0.0168840745615,0.0254274162897
0.2,1,0.03,0.02,0.105,0.176499380517,0.0085007316335,0.0176398581328,0.0261405897663
0.2,1,0.03,0.02,0.11,0.175619086184,0.0084583340576,0.0183876827339,0.0268460167915
0.2,1,0.03,0.02,0.115,0.174743182338,0.00841614794049,0.0191276089557,0.0275437568962
0.2,1,0.03,0.02,0.12,0.17387164708,0.00837417222752,0.0198596969823,0.0282338692098
0.2,1,0.03,0.02,0.125,0.173004458622,0.00833240586929,0.0205840065941,0.0289164124634
0.2,1,0.03,0.02,0.13,0.172141595285,0.00829084782165,0.0213005971702,0.0295914449919
0.2,1,0.03,0.02,0.135,0.171283035497,0.00824949704563,0.0220095276909,0.0302590247365
0.2,1,0.03,0.02,0.14,0.170428757793,0.00820835250746,0.02271085674,0.0309192092475
0.2,1,0.03,0.02,0.145,0.169578740818,0.00816741317854,0.0234046425077,0.0315720556862
0.2,1,0.03,0.02,0.15,0.168732963319,0.00812667803537,0.0240909427926,0.032217620828
0.2,1,0.03,0.02,0.155,0.167891404154,0.00808614605957,0.0247698150046,0.0328559610642
0.2,1,0.03,0.02,0.16,0.167054042282,0.00804581623785,0.0254413161671,0.033487132405
0.2,1,0.03,0.02,0.165,0.16622085677,0.00800568756195,0.0261055029194,0.0341111904813
0.2,1,0.03,0.02,0.17,0.165391826789,0.00796575902866,0.0267624315192,0.0347281905479
0.2,1,0.03,0.02,0.175,0.164566931611,0.00792602963976,0.027412157845,0.0353381874848
0.2,1,0.03,0.02,0.18,0.163746150616,0.00788649840201,0.0280547373984,0.0359412358005
0.2,1,0.03,0.02,0.185,0.162929463282,0.00784716432713,0.0286902253067,0.0365373896338
0.2,1,0.03,0.02,0.19,0.162116849194,0.00780802643177,0.0293186763248,0.0371267027566
0.2,1,0.03,0.02,0.195,0.161308288035,0.00776908373748,0.0299401448381,0.0377092285756
0.2,1,0.03,0.02,0.2,0.160503759592,0.00773033527068,0.0305546848644,0.038285020135
0.2,1,0.03,0.02,0.205,0.159703243752,0.00769178006267,0.0311623500563,0.038854130119
0.2,1,0.03,0.02,0.21,0.158906720501,0.00765341714957,0.0317631937037,0.0394166108533
0.2,1,0.03,0.02,0.215,0.158114169926,0.00761524557229,0.032357268736,0.0399725143083
0.2,1,0.03,0.02,0.22,0.157325572213,0.00757726437654,0.0329446277241,0.0405218921006
0.2,1,0.03,0.02,0.225,0.156540907648,0.0075394726128,0.033525322883,0.0410647954958
0.2,1,0.03,0.02,0.23,0.155760156614,0.00750186933627,0.0340994060739,0.0416012754102
0.2,1,0.03,0.02,0.235,0.154983299592,0.00746445360686,0.0346669288066,0.0421313824134
0.2,1,0.03,0.02,0.24,0.154210317161,0.00742722448918,0.0352279422412,0.0426551667303
0.2,1,0.03,0.02,0.245,0.153441189995,0.0073901810525,0.035782497191,0.0431726782435
0.2,1,0.03,0.02,0.25,0.152675898867,0.00735332237073,0.0363306441242,0.0436839664949
0.2,1,0.03,0.02,0.255,0.151914424645,0.0073166475224,0.0368724331663,0.0441890806887
0.2,1,0.03,0.02,0.26,0.151156748291,0.00728015559065,0.0374079141021,0.0446880696928
0.2,1,0.03,0.02,0.265,0.150402850864,0.00724384566316,0.0379371363782,0.0451809820413
0.2,1,0.03,0.02,0.27,0.149652713516,0.00720771683219,0.0384601491046,0.0456678659367
0.2,1,0.03,0.02,0.275,0.148906317493,0.00717176819451,0.0389770010571,0.0461487692516
0.2,1,0.03,0.02,0.28,0.148163644136,0.00713599885142,0.0394877406798,0.0466237395312
0.2,1,0.03,0.02,0.285,0.147424674878,0.00710040790866,0.0399924160864,0.047092823995
0.2,1,0.03,0.02,0.29,0.146689391245,0.00706499447648,0.0404910750628,0.0475560695393
0.2,1,0.03,0.02,0.295,0.145957774854,0.00702975766952,0.0409837650694,0.0480135227389
0.2,1,0.03,0.02,0.3,0.145229807415,0.00699469660688,0.0414705332424,0.0484652298492
0.2,1,0.03,0.02,0.305,0.144505470728,0.00695981041201,0.0419514263965,0.0489112368085
0.2,1,0.03,0.02,0.31,0.143784746686,0.00692509821277,0.0424264910268,0.0493515892396
0.2,1,0.03,0.02,0.315,0.143067617271,0.00689055914134,0.0428957733107,0.049786332452
0.2,1,0.03,0.02,0.32,0.142354064553,0.00685619233424,0.0433593191098,0.0502155114441
0.2,1,0.03,0.02,0.325,0.141644070694,0.00682199693232,0.0438171739724,0.0506391709047
0.2,1,0.03,0.02,0.33,0.140937617944,0.00678797208067,0.0442693831348,0.0510573552155
0.2,1,0.03,0.02,0.335,0.140234688642,0.00675411692868,0.0447159915239,0.0514701084525
0.2,1,0.03,0.02,0.34,0.139535265214,0.00672043062996,0.0451570437586,0.0518774743886
0.2,1,0.03,0.02,0.345,0.138839330176,0.00668691234236,0.0455925841525,0.0522794964948
0.2,1,0.03,0.02,0.35,0.138146866127,0.00665356122792,0.0460226567148,0.0526762179428
0.2,1,0.03,0.02,0.355,0.137457855758,0.00662037645285,0.0464473051534,0.0530676816062
0.2,1,0.03,0.02,0.36,0.136772281842,0.00658735718754,0.0468665728758,0.0534539300633
0.2,1,0.03,0.02,0.365,0.136090127241,0.0065545026065,0.0472805029916,0.0538350055981
0.2,1,0.03,0.02,0.37,0.1354113749,0.00652181188837,0.0476891383142,0.0542109502025
0.2,1,0.03,0.02,0.375,0.13473600785,0.00648928421588,0.0480925213627,0.0545818055786
0.2,1,0.03,0.02,0.38,0.134064009207,0.00645691877582,0.0484906943639,0.0549476131397
0.2,1,0.03,0.02,0.385,0.133395362172,0.00642471475908,0.0488836992539,0.0553084140129
0.2,1,0.03,0.02,0.39,0.132730050027,0.00639267136054,0.04927157768,0.0556642490406
0.2,1,0.03,0.02,0.395,0.132068056141,0.00636078777911,0.0496543710029,0.0560151587821
0.2,1,0.03,0.02,0.4,0.131409363963,0.00632906321771,0.0500321202981,0.0563611835158
0.2,1,0.06,0.02,0,0.196039734661,0.0147229249487,0,0.0147229249487
0.2,1,0.06,0.02,0.005,0.195061982406,0.0146494940541,0.000902062441758,0.0155515564959
0.2,1,0.06,0.02,0.01,0.19408910671,0.0145764293977,0.00179512677312,0.0163715561709
0.2,1,0.06,0.02,0.015,0.193121083252,0.0145037291528,0.00267926031148,0.0171829894643
0.2,1,0.06,0.02,0.02,0.19215788783,0.0144313915019,0.00355452992657,0.0179859214285
0.2,1,0.06,0.02,0.025,0.191199496367,0.0143594146365,0.00442100204325,0.0187804166797
0.2,1,0.06,0.02,0.03,0.1902458849,0.0142877967572,0.00527874264429,0.0195665394015
0.2,1,0.06,0.02,0.035,0.189297029591,0.0142165360736,0.0061278172731,0.0203443533467
0.2,1,0.06,0.02,0.04,0.188352906717,0.0141456308041,0.00696829103651,0.0211139218406
0.2,1,0.06,0.02,0.045,0.187413492675,0.0140750791761,0.00780022860747,0.0218753077836
0.2,1,0.06,0.02,0.05,0.186478763981,0.0140048794259,0.00862369422776,0.0226285736537
0.2,1,0.06,0.02,0.055,0.185548697266,0.0139350297983,0.0094387517107,0.0233737815091
0.2,1,0.06,0.02,0.06,0.184623269277,0.0138655285473,0.0102454644438,0.0241109929911
0.2,1,0.06,0.02,0.065,0.18370245688,0.0137963739351,0.0110438953914,0.0248402693266
0.2,1,0.06,0.02,0.07,0.182786237054,0.0137275642331,0.0118341070975,0.0255616713306
0.2,1,0.06,0.02,0.075,0.181874586894,0.0136590977208,0.012616161688,0.0262752594088
0.2,1,0.06,0.02,0.08,0.180967483607,0.0135909726867,0.0133901208736,0.0269810935604
0.2,1,0.06,0.02,0.085,0.180064904517,0.0135231874277,0.0141560459526,0.0276792333803
0.2,1,0.06,0.02,0.09,0.179166827059,0.013455740249,0.0149139978129,0.0283697380619
0.2,1,0.06,0.02,0.095,0.178273228781,0.0133886294645,0.0156640369351,0.0290526663996
0.2,1,0.06,0.02,0.1,0.177384087343,0.0133218533965,0.0164062233947,0.0297280767912
0.2,1,0.06,0.02,0.105,0.176499380517,0.0132554103755,0.0171406168649,0.0303960272403
0.2,1,0.06,0.02,0.11,0.175619086184,0.0131892987404,0.0178672766188,0.0310565753592
0.2,1,0.06,0.02,0.115,0.174743182338,0.0131235168385,0.0185862615324,0.0317097783709
0.2,1,0.06,0.02,0.12,0.17387164708,0.0130580630252,0.0192976300865,0.0323556931118
0.2,1,0.06,0.02,0.125,0.173004458622,0.0129929356642,0.0200014403697,0.0329943760339
0.2,1,0.06,0.02,0.13,0.172141595285,0.0129281331272,0.0206977500805,0.0336258832077
0.2,1,0.06,0.02,0.135,0.171283035497,0.0128636537942,0.0213866165298,0.0342502703241
0.2,1,0.06,0.02,0.14,0.170428757793,0.0127994960533,0.0220680966436,0.0348675926969
0.2,1,0.06,0.02,0.145,0.169578740818,0.0127356583004,0.022742246965,0.0354779052654
0.2,1,0.06,0.02,0.15,0.168732963319,0.0126721389396,0.0234091236569,0.0360812625966
0.2,1,0.06,0.02,0.155,0.167891404154,0.012608936383,0.0240687825045,0.0366777188875
0.2,1,0.06,0.02,0.16,0.167054042282,0.0125460490504,0.0247212789171,0.0372673279675
0.2,1,0.06,0.02,0.165,0.16622085677,0.0124834753697,0.0253666679311,0.0378501433008
0.2,1,0.06,0.02,0.17,0.165391826789,0.0124212137766,0.0260050042121,0.0384262179886
0.2,1,0.06,0.02,0.175,0.164566931611,0.0123592627144,0.0266363420569,0.0389956047714
0.2,1,0.06,0.02,0.18,0.163746150616,0.0122976206345,0.0272607353966,0.0395583560311
0.2,1,0.06,0.02,0.185,0.162929463282,0.0122362859957,0.027878237798,0.0401145237937
0.2,1,0.06,0.02,0.19,0.162116849194,0.0121752572647,0.0284889024666,0.0406641597312
0.2,1,0.06,0.02,0.195,0.161308288035,0.0121145329157,0.0290927822483,0.0412073151641
0.2,1,0.06,0.02,0.2,0.160503759592,0.0120541114307,0.0296899296324,0.0417440410631
0.2,1,0.06,0.02,0.205,0.159703243752,0.0119939912992,0.0302803967528,0.042274388052
0.2,1,0.06,0.02,0.21,0.158906720501,0.011934171018,0.0308642353914,0.0427984064094
0.2,1,0.06,0.02,0.215,0.158114169926,0.0118746490917,0.0314414969793,0.043316146071
0.2,1,0.06,0.02,0.22,0.157325572213,0.0118154240323,0.0320122325998,0.0438276566321
0.2,1,0.06,0.02,0.225,0.156540907648,0.0117564943591,0.0325764929901,0.0443329873492
0.2,1,0.06,0.02,0.23,0.155760156614,0.0116978585989,0.0331343285435,0.0448321871424
0.2,1,0.06,0.02,0.235,0.154983299592,0.0116395152857,0.033685789312,0.0453253045977
0.2,1,0.06,0.02,0.24,0.154210317161,0.011581462961,0.0342309250079,0.0458123879689
0.2,1,0.06,0.02,0.245,0.153441189995,0.0115237001735,0.0347697850063,0.0462934851798
0.2,1,0.06,0.02,0.25,0.152675898867,0.0114662254791,0.0353024183471,0.0467686438262
0.2,1,0.06,0.02,0.255,0.151914424645,0.011409037441,0.035828873737,0.047237911178
0.2,1,0.06,0.02,0.26,0.151156748291,0.0113521346293,0.0363491995521,0.0477013341814
0.2,1,0.06,0.02,0.265,0.150402850864,0.0112955156217,0.0368634438392,0.0481589594609
0.2,1,0.06,0.02,0.27,0.149652713516,0.0112391790025,0.0373716543186,0.048610833321
0.2,1,0.06,0.02,0.275,0.148906317493,0.0111831233633,0.0378738783857,0.049057001749
0.2,1,0.06,0.02,0.28,0.148163644136,0.0111273473029,0.0383701631134,0.0494975104162
0.2,1,0.06,0.02,0.285,0.147424674878,0.0110718494267,0.0388605552537,0.0499324046804
0.2,1,0.06,0.02,0.29,0.146689391245,0.0110166283473,0.0393451012403,0.0503617295876
0.2,1,0.06,0.02,0.295,0.145957774854,0.0109616826842,0.03982384719,0.0507855298742
0.2,1,0.06,0.02,0.3,0.145229807415,0.0109070110637,0.0402968389053,0.051203849969
0.2,1,0.06,0.02,0.305,0.144505470728,0.0108526121191,0.0407641218758,0.0516167339949
0.2,1,0.06,0.02,0.31,0.143784746686,0.0107984844903,0.0412257412808,0.0520242257711
0.2,1,0.06,0.02,0.315,0.143067617271,0.0107446268242,0.0416817419906,0.0524263688148
0.2,1,0.06,0.02,0.32,0.142354064553,0.0106910377744,0.042132168569,0.0528232063434
0.2,1,0.06,0.02,0.325,0.141644070694,0.010637716001,0.0425770652751,0.0532147812761
0.2,1,0.06,0.02,0.33,0.140937617944,0.0105846601711,0.043016476065,0.0536011362361
0.2,1,0.06,0.02,0.335,0.140234688642,0.0105318689583,0.0434504445939,0.0539823135522
0.2,1,0.06,0.02,0.34,0.139535265214,0.0104793410427,0.0438790142183,0.054358355261
0.2,1,0.06,0.02,0.345,0.138839330176,0.0104270751112,0.0443022279972,0.0547293031084
0.2,1,0.06,0.02,0.35,0.138146866127,0.0103750698572,0.0447201286946,0.0550951985518
0.2,1,0.06,0.02,0.355,0.137457855758,0.0103233239804,0.0451327587811,0.0554560827615
0.2,1,0.06,0.02,0.36,0.136772281842,0.0102718361872,0.0455401604359,0.0558119966231
0.2,1,0.06,0.02,0.365,0.136090127241,0.0102206051905,0.0459423755484,0.0561629807389
0.2,1,0.06,0.02,0.37,0.1354113749,0.0101696297094,0.0463394457204,0.0565090754298
0.2,1,0.06,0.02,0.375,0.13473600785,0.0101189084697,0.0467314122675,0.0568503207372
0.2,1,0.06,0.02,0.38,0.134064009207,0.0100684402031,0.0471183162215,0.0571867564246
0.2,1,0.06,0.02,0.385,0.133395362172,0.0100182236481,0.0475001983316,0.0575184219797
0.2,1,0.06,0.02,0.39,0.132730050027,0.00996825754922,0.0478770990664,0.0578453566157
0.2,1,0.06,0.02,0.395,0.132068056141,0.00991854065728,0.0482490586161,0.0581675992733
0.2,1,0.06,0.02,0.4,0.131409363963,0.00986907172937,0.0486161168935,0.0584851886228
0.2,4,0.01,0.02,0,0.184623269277,0.00541217504579,0,0.00541217504579
0.2,4,0.01,0.02,0.005,0.180967483607,0.00530500679959,0.000878312384038,0.00618331918363
0.2,4,0.01,0.02,0.01,0.177384087343,0.00519996062684,0.00172184126717,0.00692180189401
0.2,4,0.01,0.02,0.015,0.17387164708,0.00509699450768,0.00253161978858,0.00762861429626
0.2,4,0.01,0.02,0.02,0.170428757793,0.00499606725428,0.00330865381078,0.00830472106506
0.2,4,0.01,0.02,0.025,0.167054042282,0.00489713849439,0.0040539225947,0.00895106108909
0.2,4,0.01,0.02,0.03,0.163746150616,0.0048001686552,0.00476837945881,0.00956854811402
0.2,4,0.01,0.02,0.035,0.160503759592,0.00470511894748,0.00545295242258,0.0101580713701
0.2,4,0.01,0.02,0.04,0.157325572213,0.00461195135007,0.00610854483453,0.0107204961846
0.2,4,0.01,0.02,0.045,0.154210317161,0.00452062859469,0.00673603598547,0.0112566645802
0.2,4,0.01,0.02,0.05,0.151156748291,0.00443111415103,0.00733628170701,0.011767395858
0.2,4,0.01,0.02,0.055,0.148163644136,0.00434337221211,0.00791011495583,0.0122534871679
0.2,4,0.01,0.02,0.06,0.145229807415,0.00425736767999,0.00845834638408,0.0127157140641
0.2,4,0.01,0.02,0.065,0.142354064553,0.0041730661517,0.00898176489605,0.0131548310478
0.2,4,0.01,0.02,0.07,0.139535265214,0.00409043390552,0.00948113819161,0.0135715720971
0.2,4,0.01,0.02,0.075,0.136772281842,0.00400943788744,0.00995721329663,0.0139666511841
0.2,4,0.01,0.02,0.08,0.134064009207,0.00393004569798,0.0104107170807,0.0143407627787
0.2,4,0.01,0.02,0.085,0.131409363963,0.00385222557919,0.0108423567626,0.0146945823418
0.2,4,0.01,0.02,0.09,0.128807284217,0.003775946402,0.0112528204033,0.0150287668053
0.2,4,0.01,0.02,0.095,0.126256729101,0.00370117765372,0.0116427773875,0.0153439550412
0.2,4,0.01,0.02,0.1,0.123756678361,0.00362788942585,0.0120128788935,0.0156407683194
0.2,4,0.01,0.02,0.105,0.121306131943,0.00355605240212,0.0123637583517,0.0159198107539
0.2,4,0.01,0.02,0.11,0.118904109594,0.00348563784677,0.0126960318922,0.016181669739
0.2,4,0.01,0.02,0.115,0.116549650475,0.00341661759303,0.0130102987814,0.0164269163744
0.2,4,0.01,0.02,0.12,0.11424181277,0.00334896403188,0.0133071418485,0.0166561058804
0.2,4,0.01,0.02,0.125,0.111979673313,0.003282650101,0.0135871279015,0.0168697780025
0.2,4,0.01,0.02,0.13,0.109762327219,0.00321764927394,0.0138508081328,0.0170684574068
0.2,4,0.01,0.02,0.135,0.107588887519,0.00315393554948,0.0140987185159,0.0172526540654
0.2,4,0.01,0.02,0.14,0.105458484809,0.00309148344129,0.0143313801914,0.0174228636327
0.2,4,0.01,0.02,0.145,0.103370266898,0.00303026796771,0.0145492998449,0.0175795678126
0.2,4,0.01,0.02,0.15,0.101323398473,0.00297026464171,0.0147529700747,0.0177232347164
0.2,4,0.01,0.02,0.155,0.0993170607583,0.00291144946117,0.0149428697511,0.0178543192122
0.2,4,0.01,0.02,0.16,0.097350451192,0.00285379889924,0.0151194643668,0.0179732632661
0.2,4,0.01,0.02,0.165,0.0954227831042,0.00279728989492,0.0152832063795,0.0180804962745
0.2,4,0.01,0.02,0.17,0.093533285402,0.00274189984386,0.0154345355449,0.0181764353887
0.2,4,0.01,0.02,0.175,0.091681202261,0.00268760658929,0.0155738792426,0.0182614858318
0.2,4,0.01,0.02,0.18,0.0898657928234,0.00263438841319,0.0157016527938,0.018336041207
0.2,4,0.01,0.02,0.185,0.0880863309012,0.00258222402758,0.0158182597716,0.0184004837992
0.2,4,0.01,0.02,0.19,0.0863421046858,0.00253109256602,0.0159240923028,0.0184551848688
0.2,4,0.01,0.02,0.195,0.0846324164635,0.00248097357523,0.0160195313632,0.0185005049385
0.2,4,0.01,0.02,0.2,0.0829565823363,0.00243184700695,0.0161049470659,0.0185367940728
0.2,4,0.01,0.02,0.205,0.0813139319481,0.00238369320989,0.0161806989413,0.0185643921512
0.2,4,0.01,0.02,0.21,0.0797038082169,0.00233649292191,0.0162471362119,0.0185836291339
0.2,4,0.01,0.02,0.215,0.0781255670717,0.00229022726225,0.016304598059,0.0185948253213
0.2,4,0.01,0.02,0.22,0.076578577195,0.00224487772402,0.0163534138836,0.0185982916076
0.2,4,0.01,0.02,0.225,0.0750622197703,0.00220042616682,0.0163939035608,0.0185943297276
0.2,4,0.01,0.02,0.23,0.0735758882343,0.00215685480943,0.0164263776877,0.0185832324971
0.2,4,0.01,0.02,0.235,0.0721189880346,0.00211414622272,0.0164511378258,0.0185652840485
0.2,4,0.01,0.02,0.24,0.0706909363918,0.00207228332269,0.0164684767366,0.0185407600593
0.2,4,0.01,0.02,0.245,0.069291162066,0.00203124936361,0.0164786786121,0.0185099279757
0.2,4,0.01,0.02,0.25,0.067919105129,0.00199102793137,0.0164820192994,0.0184730472308
0.2,4,0.01,0.02,0.255,0.0665742167396,0.00195160293684,0.0164787665197,0.0184303694566
0.2,4,0.01,0.02,0.26,0.0652559589246,0.00191295860952,0.0164691800819,0.0183821386914
0.2,4,0.01,0.02,0.265,0.0639638043633,0.00187507949114,0.0164535120911,0.0183285915823
0.2,4,0.01,0.02,0.27,0.0626972361765,0.00183795042956,0.0164320071517,0.0182699575812
0.2,4,0.01,0.02,0.275,0.0614557477202,0.00180155657266,0.0164049025656,0.0182064591382
0.2,4,0.01,0.02,0.28,0.0602388423824,0.00176588336241,0.0163724285256,0.018138311888
0.2,4,0.01,0.02,0.285,0.0590460333848,0.00173091652904,0.0163348083039,0.0180657248329
0.2,4,0.01,0.02,0.29,0.0578768435878,0.00169664208537,0.0162922584357,0.0179889005211
0.2,4,0.01,0.02,0.295,0.0567308053,0.00166304632116,0.0162449888987,0.0179080352199
0.2,4,0.01,0.02,0.3,0.0556074600906,0.00163011579765,0.0161932032879,0.0178233190855
0.2,4,0.01,0.02,0.305,0.0545063586068,0.00159783734219,0.0161370989857,0.0177349363279
0.2,4,0.01,0.02,0.31,0.0534270603932,0.00156619804298,0.0160768673286,0.0176430653715
0.2,4,0.01,0.02,0.315,0.0523691337161,0.00153518524386,0.0160126937687,0.0175478790126
0.2,4,0.01,0.02,0.32,0.0513321553907,0.00150478653931,0.0159447580324,0.0174495445718
0.2,4,0.01,0.02,0.325,0.050315710612,0.00147498976944,0.0158732342738,0.0173482240433
0.2,4,0.01,0.02,0.33,0.0493193927883,0.00144578301515,0.0157982912251,0.0172440742403
0.2,4,0.01,0.02,0.335,0.0483428033794,0.00141715459334,0.0157200923433,0.0171372469367
0.2,4,0.01,0.02,0.34,0.0473855517364,0.00138909305226,0.0156387959526,0.0170278890049
0.2,4,0.01,0.02,0.345,0.046447254946,0.00136158716693,0.0155545553838,0.0169161425507
0.2,4,0.01,0.02,0.35,0.0455275376768,0.00133462593461,0.0154675191098,0.0168021450444
0.2,4,0.01,0.02,0.355,0.0446260320297,0.00130819857047,0.015377830878,0.0166860294485
0.2,4,0.01,0.02,0.36,0.0437423773904,0.00128229450319,0.0152856298394,0.0165679243426
0.2,4,0.01,0.02,0.365,0.0428762202854,0.00125690337082,0.0151910506738,0.0164479540446
0.2,4,0.01,0.02,0.37,0.0420272142402,0.00123201501655,0.0150942237127,0.0163262387293
0.2,4,0.01,0.02,0.375,0.041195019641,0.00120761948472,0.0149952750586,0.0162028945433
0.2,4,0.01,0.02,0.38,0.0403793035989,0.00118370701678,0.0148943267012,0.016078033718
0.2,4,0.01,0.02,0.385,0.0395797398167,0.00116026804743,0.0147914966312,0.0159517646786
0.2,4,0.01,0.02,0.39,0.0387960084582,0.00113729320077,0.0146868989504,0.0158241921512
0.2,4,0.01,0.02,0.395,0.0380277960203,0.00111477328656,0.0145806439798,0.0156954172664
0.2,4,0.01,0.02,0.4,0.0372747952079,0.00109269929652,0.0144728383645,0.0155655376611
0.2,4,0.03,0.02,0,0.184623269277,0.00889200211825,0,0.00889200211825
0.2,4,0.03,0.02,0.005,0.180967483607,0.00871592867935,0.000861257774639,0.00957718645399
0.2,4,0.03,0.02,0.01,0.177384087343,0.00854334172813,0.00168840745615,0.0102317491843
0.2,4,0.03,0.02,0.015,0.17387164708,0.00837417222752,0.00248246212278,0.0108566343503
0.2,4,0.03,0.02,0.02,0.170428757793,0.00820835250746,0.00324440810572,0.0114527606132
0.2,4,0.03,0.02,0.025,0.167054042282,0.00804581623785,0.00397520565111,0.012021021889
0.2,4,0.03,0.02,0.03,0.163746150616,0.00788649840201,0.00467578956641,0.0125622879684
0.2,4,0.03,0.02,0.035,0.160503759592,0.00773033527068,0.00534706985126,0.0130774051219
0.2,4,0.03,0.02,0.04,0.157325572213,0.00757726437654,0.00598993231347,0.01356719669
0.2,4,0.03,0.02,0.045,0.154210317161,0.00742722448918,0.00660523917022,0.0140324636594
0.2,4,0.03,0.02,0.05,0.151156748291,0.00728015559065,0.00719382963502,0.0144739852257
0.2,4,0.03,0.02,0.055,0.148163644136,0.00713599885142,0.00775652049067,0.0148925193421
0.2,4,0.03,0.02,0.06,0.145229807415,0.00699469660688,0.00829410664847,0.0152888032553
0.2,4,0.03,0.02,0.065,0.142354064553,0.00685619233424,0.00880736169419,0.0156635540284
0.2,4,0.03,0.02,0.07,0.139535265214,0.00672043062996,0.0092970384209,0.0160174690509
0.2,4,0.03,0.02,0.075,0.136772281842,0.00658735718754,0.00976386934912,0.0163512265367
0.2,4,0.03,0.02,0.08,0.134064009207,0.00645691877582,0.0102085672345,0.0166654860103
0.2,4,0.03,0.02,0.085,0.131409363963,0.00632906321771,0.0106318255634,0.0169608887811
0.2,4,0.03,0.02,0.09,0.128807284217,0.00620373936928,0.0110343190363,0.0172380584055
0.2,4,0.03,0.02,0.095,0.126256729101,0.00608089709931,0.0114167040402,0.0174976011395
0.2,4,0.03,0.02,0.1,0.123756678361,0.00596048726925,0.0117796191092,0.0177401063785
0.2,4,0.03,0.02,0.105,0.121306131943,0.00584246171358,0.012123685374,0.0179661470876
0.2,4,0.03,0.02,0.11,0.118904109594,0.0057267732205,0.0124495070011,0.0181762802216
0.2,4,0.03,0.02,0.115,0.116549650475,0.00561337551306,0.0127576716206,0.0183710471337
0.2,4,0.03,0.02,0.12,0.11424181277,0.00550222323068,0.0130487507447,0.0185509739754
0.2,4,0.03,0.02,0.125,0.111979673313,0.00539327191095,0.0133233001753,0.0187165720862
0.2,4,0.03,0.02,0.13,0.109762327219,0.00528647797189,0.0135818604021,0.018868338374
0.2,4,0.03,0.02,0.135,0.107588887519,0.00518179869452,0.0138249569913,0.0190067556858
0.2,4,0.03,0.02,0.14,0.105458484809,0.00507919220571,0.0140531009644,0.0191322931701
0.2,4,0.03,0.02,0.145,0.103370266898,0.0049786174615,0.0142667891683,0.0192454066298
0.2,4,0.03,0.02,0.15,0.101323398473,0.00488003423067,0.0144665046364,0.019346538867
0.2,4,0.03,0.02,0.155,0.0993170607583,0.00478340307859,0.0146527169404,0.0194361200189
0.2,4,0.03,0.02,0.16,0.097350451192,0.00468868535153,0.0148258825345,0.019514567886
0.2,4,0.03,0.02,0.165,0.0954227831042,0.00459584316112,0.0149864450906,0.0195822882517
0.2,4,0.03,0.02,0.17,0.093533285402,0.00450483936926,0.0151348358256,0.0196396751948
0.2,4,0.03,0.02,0.175,0.091681202261,0.0044156375732,0.0152714738204,0.0196871113936
0.2,4,0.03,0.02,0.18,0.0898657928234,0.00432820209106,0.0153967663318,0.0197249684229
0.2,4,0.03,0.02,0.185,0.0880863309012,0.00424249794746,0.0155111090964,0.0197536070439
0.2,4,0.03,0.02,0.19,0.0863421046858,0.00415849085961,0.015614886627,0.0197733774866
0.2,4,0.03,0.02,0.195,0.0846324164635,0.00407614722354,0.0157084725018,0.0197846197253
0.2,4,0.03,0.02,0.2,0.0829565823363,0.00399543410072,0.0157922296471,0.0197876637478
0.2,4,0.03,0.02,0.205,0.0813139319481,0.00391631920481,0.0158665106124,0.0197828298172
0.2,4,0.03,0.02,0.21,0.0797038082169,0.0038387708888,0.0159316578389,0.0197704287277
0.2,4,0.03,0.02,0.215,0.0781255670717,0.00376275813233,0.015988003922,0.0197507620543
0.2,4,0.03,0.02,0.22,0.076578577195,0.00368825052929,0.0160358718665,0.0197241223957
0.2,4,0.03,0.02,0.225,0.0750622197703,0.00361521827563,0.0160755753363,0.0196907936119
0.2,4,0.03,0.02,0.23,0.0735758882343,0.00354363215749,0.0161074188977,0.0196510510552
0.2,4,0.03,0.02,0.235,0.0721189880346,0.00347346353946,0.0161316982564,0.0196051617958
0.2,4,0.03,0.02,0.24,0.0706909363918,0.00340468435315,0.0161487004893,0.0195533848424
0.2,4,0.03,0.02,0.245,0.069291162066,0.00333726708599,0.0161587042701,0.0194959713561
0.2,4,0.03,0.02,0.25,0.067919105129,0.00327118477016,0.0161619800897,0.0194331648599
0.2,4,0.03,0.02,0.255,0.0665742167396,0.00320641097185,0.0161587904708,0.0193652014426
0.2,4,0.03,0.02,0.26,0.0652559589246,0.00314291978068,0.0161493901774,0.0192923099581
0.2,4,0.03,0.02,0.265,0.0639638043633,0.00308068579933,0.0161340264194,0.0192147122188
0.2,4,0.03,0.02,0.27,0.0626972361765,0.00301968413338,0.0161129390516,0.019132623185
0.2,4,0.03,0.02,0.275,0.0614557477202,0.00295989038135,0.0160863607682,0.0190462511495
0.2,4,0.03,0.02,0.28,0.0602388423824,0.00290128062493,0.0160545172921,0.018955797917
0.2,4,0.03,0.02,0.285,0.0590460333848,0.00284383141945,0.0160176275601,0.0188614589796
0.2,4,0.03,0.02,0.29,0.0578768435878,0.00278751978445,0.015975903903,0.0187634236874
0.2,4,0.03,0.02,0.295,0.0567308053,0.00273232319453,0.0159295522211,0.0186618754156
0.2,4,0.03,0.02,0.3,0.0556074600906,0.00267821957033,0.0158787721561,0.0185569917264
0.2,4,0.03,0.02,0.305,0.0545063586068,0.00262518726966,0.0158237572578,0.0184489445275
0.2,4,0.03,0.02,0.31,0.0534270603932,0.0025732050789,0.0157646951474,0.0183379002263
0.2,4,0.03,0.02,0.315,0.0523691337161,0.00252225220449,0.0157017676761,0.0182240198806
0.2,4,0.03,0.02,0.32,0.0513321553907,0.00247230826458,0.0156351510804,0.0181074593449
0.2,4,0.03,0.02,0.325,0.050315710612,0.00242335328095,0.0155650161326,0.0179883694135
0.2,4,0.03,0.02,0.33,0.0493193927883,0.00237536767094,0.0154915282887,0.0178668959597
0.2,4,0.03,0.02,0.335,0.0483428033794,0.00232833223967,0.0154148478318,0.0177431800715
0.2,4,0.03,0.02,0.34,0.0473855517364,0.00228222817234,0.0153351300118,0.0176173581841
0.2,4,0.03,0.02,0.345,0.046447254946,0.00223703702671,0.0152525251821,0.0174895622089
0.2,4,0.03,0.02,0.35,0.0455275376768,0.00219274072572,0.0151671789329,0.0173599196586
0.2,4,0.03,0.02,0.355,0.0446260320297,0.00214932155026,0.0150792322202,0.0172285537705
0.2,4,0.03,0.02,0.36,0.0437423773904,0.00210676213207,0.014988821493,0.0170955836251
0.2,4,0.03,0.02,0.365,0.0428762202854,0.00206504544683,0.0148960788161,0.0169611242629
0.2,4,0.03,0.02,0.37,0.0420272142402,0.0020241548073,0.0148011319902,0.0168252867975
0.2,4,0.03,0.02,0.375,0.041195019641,0.00198407385669,0.0147041046691,0.0166881785258
0.2,4,0.03,0.02,0.38,0.0403793035989,0.00194478656207,0.014605116474,0.0165499030361
0.2,4,0.03,0.02,0.385,0.0395797398167,0.001906277208,0.0145042831044,0.0164105603124
0.2,4,0.03,0.02,0.39,0.0387960084582,0.00186853039024,0.0144017164465,0.0162702468367
0.2,4,0.03,0.02,0.395,0.0380277960203,0.00183153100954,0.0142975246793,0.0161290556888
0.2,4,0.03,0.02,0.4,0.0372747952079,0.00179526426568,0.0141918123769,0.0159870766426
0.2,4,0.06,0.02,0,0.184623269277,0.0138655285473,0,0.0138655285473
0.2,4,0.06,0.02,0.005,0.180967483607,0.0135909726867,0.000836882554602,0.0144278552413
0.2,4,0.06,0.02,0.01,0.177384087343,0.0133218533965,0.00164062233947,0.014962475736
0.2,4,0.06,0.02,0.015,0.17387164708,0.0130580630252,0.00241220376082,0.015470266786
0.2,4,0.06,0.02,0.02,0.170428757793,0.0127994960533,0.0031525852348,0.0159520812881
0.2,4,0.06,0.02,0.025,0.167054042282,0.0125460490504,0.0038626998308,0.0164087488812
0.2,4,0.06,0.02,0.03,0.163746150616,0.0122976206345,0.00454345589943,0.0168410765339
0.2,4,0.06,0.02,0.035,0.160503759592,0.0120541114307,0.00519573768566,0.0172498491164
0.2,4,0.06,0.02,0.04,0.157325572213,0.0118154240323,0.00582040592724,0.0176358299595
0.2,4,0.06,0.02,0.045,0.154210317161,0.011581462961,0.00641829843899,0.0179997614
0.2,4,0.06,0.02,0.05,0.151156748291,0.0113521346293,0.00699023068309,0.0183423653124
0.2,4,0.06,0.02,0.055,0.148163644136,0.0111273473029,0.00753699632584,0.0186643436287
0.2,4,0.06,0.02,0.06,0.145229807415,0.0109070110637,0.00805936778106,0.0189663788448
0.2,4,0.06,0.02,0.065,0.142354064553,0.0106910377744,0.00855809674058,0.019249134515
0.2,4,0.06,0.02,0.07,0.139535265214,0.0104793410427,0.009033914692,0.0195132557347
0.2,4,0.06,0.02,0.075,0.136772281842,0.0102718361872,0.00948753342414,0.0197593696114
0.2,4,0.06,0.02,0.08,0.134064009207,0.0100684402031,0.00991964552032,0.0199880857234
0.2,4,0.06,0.02,0.085,0.131409363963,0.00986907172937,0.0103309248399,0.0201999965692
0.2,4,0.06,0.02,0.09,0.128807284217,0.0096736510159,0.0107220269881,0.020395678004
0.2,4,0.06,0.02,0.095,0.126256729101,0.00948209989182,0.0110935897749,0.0205756896667
0.2,4,0.06,0.02,0.1,0.123756678361,0.00929434173412,0.0114462336627,0.0207405753968
0.2,4,0.06,0.02,0.105,0.121306131943,0.00911030143705,0.0117805622031,0.0208908636401
0.2,4,0.06,0.02,0.11,0.118904109594,0.00892990538202,0.0120971624633,0.0210270678453
0.2,4,0.06,0.02,0.115,0.116549650475,0.00875308140821,0.0123966054427,0.0211496868509
0.2,4,0.06,0.02,0.12,0.11424181277,0.00857975878367,0.0126794464783,0.021259205262
0.2,4,0.06,0.02,0.125,0.111979673313,0.00840986817705,0.012946225642,0.0213560938191
0.2,4,0.06,0.02,0.13,0.109762327219,0.00824334162983,0.0131974681266,0.0214408097564
0.2,4,0.06,0.02,0.135,0.107588887519,0.00808011252917,0.0134336846236,0.0215137971528
0.2,4,0.06,0.02,0.14,0.105458484809,0.00792011558126,0.0136553716918,0.0215754872731
0.2,4,0.06,0.02,0.145,0.103370266898,0.00776328678519,0.0138630121164,0.0216262989016
0.2,4,0.06,0.02,0.15,0.101323398473,0.00760956340734,0.0140570752599,0.0216666386672
0.2,4,0.06,0.02,0.155,0.0993170607583,0.00745888395632,0.0142380174043,0.0216969013606
0.2,4,0.06,0.02,0.16,0.097350451192,0.00731118815833,0.0144062820854,0.0217174702437
0.2,4,0.06,0.02,0.165,0.0954227831042,0.00716641693309,0.0145623004182,0.0217287173513
0.2,4,0.06,0.02,0.17,0.093533285402,0.00702451237018,0.0147064914154,0.0217310037856
0.2,4,0.06,0.02,0.175,0.091681202261,0.00688541770588,0.0148392622972,0.021724680003
0.2,4,0.06,0.02,0.18,0.0898657928234,0.00674907730047,0.0149610087941,0.0217100860946
0.2,4,0.06,0.02,0.185,0.0880863309012,0.00661543661596,0.0150721154428,0.0216875520587
0.2,4,0.06,0.02,0.19,0.0863421046858,0.00648444219431,0.0151729558734,0.0216573980677
0.2,4,0.06,0.02,0.195,0.0846324164635,0.006356041636,0.0152638930914,0.0216199347274
0.2,4,0.06,0.02,0.2,0.0829565823363,0.00623018357909,0.0153452797514,0.0215754633305
0.2,4,0.06,0.02,0.205,0.0813139319481,0.00610681767868,0.0154174584252,0.0215242761039
0.2,4,0.06,0.02,0.21,0.0797038082169,0.00598589458677,0.0154807618623,0.0214666564491
0.2,4,0.06,0.02,0.215,0.0781255670717,0.0058673659325,0.0155355132449,0.0214028791774
0.2,4,0.06,0.02,0.22,0.076578577195,0.00575118430284,0.0155820264363,0.0213332107391
0.2,4,0.06,0.02,0.225,0.0750622197703,0.00563730322359,0.015620606223,0.0212579094466
0.2,4,0.06,0.02,0.23,0.0735758882343,0.00552567714079,0.0156515485515,0.0211772256923
0.2,4,0.06,0.02,0.235,0.0721189880346,0.00541626140253,0.0156751407585,0.0210914021611
0.2,4,0.06,0.02,0.24,0.0706909363918,0.00530901224104,0.0156916617962,0.0210006740372
0.2,4,0.06,0.02,0.245,0.069291162066,0.00520388675524,0.0157013824511,0.0209052692064
0.2,4,0.06,0.02,0.25,0.067919105129,0.00510084289352,0.0157045655589,0.0208054084524
0.2,4,0.06,0.02,0.255,0.0665742167396,0.00499983943697,0.0157014662122,0.0207013056491
0.2,4,0.06,0.02,0.26,0.0652559589246,0.00490083598287,0.0156923319649,0.0205931679477
0.2,4,0.06,0.02,0.265,0.0639638043633,0.0048037929285,0.0156774030302,0.0204811959587
0.2,4,0.06,0.02,0.27,0.0626972361765,0.00470867145536,0.0156569124747,0.0203655839301
0.2,4,0.06,0.02,0.275,0.0614557477202,0.00461543351358,0.0156310864068,0.0202465199204
0.2,4,0.06,0.02,0.28,0.0602388423824,0.00452404180675,0.0156001441612,0.0201241859679
0.2,4,0.06,0.02,0.285,0.0590460333848,0.00443445977696,0.0155642984782,0.0199987582552
0.2,4,0.06,0.02,0.29,0.0578768435878,0.00434665159021,0.0155237556793,0.0198704072695
0.2,4,0.06,0.02,0.295,0.0567308053,0.00426058212205,0.0154787158375,0.0197392979595
0.2,4,0.06,0.02,0.3,0.0556074600906,0.00417621694354,0.0154293729441,0.0196055898877
0.2,4,0.06,0.02,0.305,0.0545063586068,0.0040935223075,0.0153759150713,0.0194694373788
0.2,4,0.06,0.02,0.31,0.0534270603932,0.00401246513497,0.01531852453,0.019330989665
0.2,4,0.06,0.02,0.315,0.0523691337161,0.00393301300198,0.0152573780249,0.0191903910269
0.2,4,0.06,0.02,0.32,0.0513321553907,0.00385513412664,0.0151926468045,0.0190477809311
0.2,4,0.06,0.02,0.325,0.050315710612,0.00377879735635,0.0151244968081,0.0189032941644
0.2,4,0.06,0.02,0.33,0.0493193927883,0.00370397215539,0.0150530888089,0.0187570609643
0.2,4,0.06,0.02,0.335,0.0483428033794,0.00363062859268,0.0149785785536,0.0186092071462
0.2,4,0.06,0.02,0.34,0.0473855517364,0.00355873732982,0.0149011168982,0.0184598542281
0.2,4,0.06,0.02,0.345,0.046447254946,0.00348826960933,0.0148208499411,0.0183091195505
0.2,4,0.06,0.02,0.35,0.0455275376768,0.0034191972432,0.0147379191517,0.018157116395
0.2,4,0.06,0.02,0.355,0.0446260320297,0.00335149260156,0.014652461497,0.0180039540985
0.2,4,0.06,0.02,0.36,0.0437423773904,0.00328512860165,0.014564609564,0.0178497381656
0.2,4,0.06,0.02,0.365,0.0428762202854,0.00322007869698,0.0144744916798,0.0176945703768
0.2,4,0.06,0.02,0.37,0.0420272142402,0.00315631686672,0.0143822320282,0.0175385488949
0.2,4,0.06,0.02,0.375,0.041195019641,0.0030938176053,0.0142879507634,0.0173817683687
0.2,4,0.06,0.02,0.38,0.0403793035989,0.00303255591217,0.014191764121,0.0172243200331
0.2,4,0.06,0.02,0.385,0.0395797398167,0.00297250728183,0.0140937845259,0.0170662918078
0.2,4,0.06,0.02,0.39,0.0387960084582,0.00291364769405,0.013994120698,0.0169077683921
0.2,4,0.06,0.02,0.395,0.0380277960203,0.00285595360419,0.0138928777544,0.0167488313586
0.2,4,0.06,0.02,0.4,0.0372747952079,0.00279940193385,0.0137901573096,0.0165895592435
0.2,10,0.01,0.02,0,0.163746150616,0.0048001686552,0,0.0048001686552
0.2,10,0.01,0.02,0.005,0.155760156614,0.0045660616674,0.000755970474734,0.00532203214213
0.2,10,0.01,0.02,0.01,0.148163644136,0.00434337221211,0.00143820271924,0.00578157493135
0.2,10,0.01,0.02,0.015,0.140937617944,0.00413154344972,0.00205209111741,0.00618363456713
0.2,10,0.01,0.02,0.02,0.134064009207,0.00393004569798,0.00260267927018,0.00653272496816
0.2,10,0.01,0.02,0.025,0.127525630324,0.00373837510755,0.00309468138042,0.00683305648797
0.2,10,0.01,0.02,0.03,0.121306131943,0.00355605240212,0.00353250238621,0.00708855478833
0.2,10,0.01,0.02,0.035,0.115389962076,0.00338262167996,0.00392025691386,0.00730287859383
0.2,10,0.01,0.02,0.04,0.109762327219,0.00321764927394,0.00426178711779,0.00747943639173
0.2,10,0.01,0.02,0.045,0.104409155352,0.00306072266709,0.00456067947083,0.00762140213792
0.2,10,0.01,0.02,0.05,0.0993170607583,0.00291144946117,0.00482028056486,0.00773173002603
0.2,10,0.01,0.02,0.055,0.0944733105482,0.00276945639541,0.0050437119784,0.00781316837382
0.2,10,0.01,0.02,0.06,0.0898657928234,0.00263438841319,0.00523388426462,0.0078682726778
0.2,10,0.01,0.02,0.065,0.0854829863897,0.00250590777419,0.00539351011001,0.0078994178842
0.2,10,0.01,0.02,0.07,0.0813139319481,0.00238369320989,0.00552511671168,0.00790880992157
0.2,10,0.01,0.02,0.075,0.0773482046909,0.00226743912023,0.0056310574178,0.00789849653803
0.2,10,0.01,0.02,0.08,0.0735758882343,0.00215685480943,0.00571352267399,0.00787037748342
0.2,10,0.01,0.02,0.085,0.0699875498222,0.00205166375911,0.00577455031537,0.00782621407447
0.2,10,0.01,0.02,0.09,0.0665742167396,0.00195160293684,0.00581603524225,0.00776763817909
0.2,10,0.01,0.02,0.095,0.0633273538758,0.00185642213847,0.00583973851505,0.00769616065352
0.2,10,0.01,0.02,0.1,0.0602388423824,0.00176588336241,0.005847295902,0.00761317926441
0.2,10,0.01,0.02,0.105,0.057300959372,0.00167976021456,0.00584022591154,0.00751998612609
0.2,10,0.01,0.02,0.11,0.0545063586068,0.00159783734219,0.00581993733911,0.0074177746813
0.2,10,0.01,0.02,0.115,0.0518480521292,0.00151990989546,0.00578773635688,0.00730764625234
0.2,10,0.01,0.02,0.12,0.0493193927883,0.00144578301515,0.00574483317278,0.00719061618793
0.2,10,0.01,0.02,0.125,0.0469140576188,0.00137527134545,0.00569234828416,0.00706761962962
0.2,10,0.01,0.02,0.13,0.0446260320297,0.00130819857047,0.0056313183497,0.00693951692017
0.2,10,0.01,0.02,0.135,0.0424495947653,0.00124439697332,0.00556270170192,0.00680709867524
0.2,10,0.01,0.02,0.14,0.0403793035989,0.00118370701678,0.0054873835215,0.00667109053828
0.2,10,0.01,0.02,0.145,0.0384099817242,0.00112597694435,0.00540618069307,0.00653215763742
0.2,10,0.01,0.02,0.15,0.0365367048105,0.00107106240078,0.00531984636147,0.00639090876224
0.2,10,0.01,0.02,0.155,0.0347547886901,0.00101882607109,0.00522907420594,0.00624790027704
0.2,10,0.01,0.02,0.16,0.0330597776443,0.000969137337273,0.00513450244913,0.0061036397864
0.2,10,0.01,0.02,0.165,0.0314474332627,0.000921871951596,0.00503671761634,0.00595858956793
0.2,10,0.01,0.02,0.17,0.0299137238445,0.00087691172598,0.00493625806015,0.00581316978613
0.2,10,0.01,0.02,0.175,0.0284548143173,0.000834144236442,0.00483361726415,0.00566776150059
0.2,10,0.01,0.02,0.18,0.0270670566473,0.000793462541981,0.00472924693896,0.00552270948094
0.2,10,0.01,0.02,0.185,0.0257469807176,0.000754764917172,0.00462355992307,0.00537832484024
0.2,10,0.01,0.02,0.19,0.0244912856506,0.000717954597795,0.00451693290003,0.00523488749783
0.2,10,0.01,0.02,0.195,0.0232968315547,0.000682939538878,0.00440970894309,0.00509264848196
0.2,10,0.01,0.02,0.2,0.0221606316725,0.000649632184536,0.00430219989759,0.00495183208212
0.2,10,0.01,0.02,0.205,0.0210798449124,0.000617949249033,0.00419468861098,0.00481263786002
0.2,10,0.01,0.02,0.21,0.0200517687446,0.000587811508528,0.00408743101957,0.0046752425281
0.2,10,0.01,0.02,0.215,0.0190738324431,0.000559143602972,0.00398065810063,0.0045398017036
0.2,10,0.01,0.02,0.22,0.0181435906579,0.000531873847668,0.00387457769825,0.00440645154592
0.2,10,0.01,0.02,0.225,0.0172587172999,0.000505934054025,0.00376937623032,0.00427531028434
0.2,10,0.01,0.02,0.23,0.0164169997248,0.000481259359045,0.00366522028412,0.00414647964316
0.2,10,0.01,0.02,0.235,0.0156163332002,0.00045778806314,0.00356225810722,0.00402004617036
0.2,10,0.01,0.02,0.24,0.0148547156429,0.000435461475844,0.00346062100009,0.00389608247593
0.2,10,0.01,0.02,0.245,0.0141302426121,0.000414223769059,0.00336042461654,0.0037746483856
0.2,10,0.01,0.02,0.25,0.0134411025479,0.000394021837457,0.00326177017762,0.00365579201508
0.2,10,0.01,0.02,0.255,0.0127855722413,0.000374805165685,0.00316474560429,0.00353955076998
0.2,10,0.01,0.02,0.26,0.012162012525,0.000356525702054,0.00306942657398,0.00342595227603
0.2,10,0.01,0.02,0.265,0.011568864175,0.000339137738385,0.00297587750569,0.00331501524408
0.2,10,0.01,0.02,0.27,0.0110046440113,0.00032259779571,0.0028841524782,0.00320675027391
0.2,10,0.01,0.02,0.275,0.0104679411897,0.000306864515559,0.00279429608539,0.00310116060094
0.2,10,0.01,0.02,0.28,0.00995741367357,0.000291898556535,0.00270634423277,0.00299824278931
0.2,10,0.01,0.02,0.285,0.00947178487823,0.000277662495945,0.00262032487895,0.0028979873749
0.2,10,0.01,0.02,0.29,0.00900984047871,0.000264120736223,0.00253625872532,0.00280037946154
0.2,10,0.01,0.02,0.295,0.00857042537341,0.000251239415916,0.00245415985746,0.00270539927338
0.2,10,0.01,0.02,0.3,0.00815244079567,0.000238986325014,0.0023740363412,0.00261302266621
0.2,10,0.01,0.02,0.305,0.00775484156634,0.000227330824407,0.00229589077629,0.0025232216007
0.2,10,0.01,0.02,0.31,0.00737663348025,0.000216243769271,0.0022197208104,0.00243596457967
0.2,10,0.01,0.02,0.315,0.00701687082017,0.000205697436196,0.00214551961595,0.00235121705215
0.2,10,0.01,0.02,0.32,0.00667465399207,0.000195665453854,0.00207327633223,0.00226894178608
0.2,10,0.01,0.02,0.325,0.00634912727561,0.000186122737064,0.00200297647503,0.00218909921209
0.2,10,0.01,0.02,0.33,0.00603947668446,0.000177045424064,0.00193460231593,0.00211164774
0.2,10,0.01,0.02,0.335,0.00574492793085,0.000168410816843,0.00186813323319,0.00203654405003
0.2,10,0.01,0.02,0.34,0.00546474448946,0.000160197324385,0.00180354603612,0.00196374336051
0.2,10,0.01,0.02,0.345,0.00519822575575,0.000152384408682,0.00174081526474,0.00189319967342
0.2,10,0.01,0.02,0.35,0.00494470529407,0.000144952533373,0.00167991346624,0.00182486599962
0.2,10,0.01,0.02,0.355,0.0047035491712,0.0001378831149,0.00162081144999,0.00175869456489
0.2,10,0.01,0.02,0.36,0.00447415437123,0.000131158476035,0.00156347852227,0.00169463699831
0.2,10,0.01,0.02,0.365,0.00425594728768,0.000124761801677,0.00150788270239,0.00163264450407
0.2,10,0.01,0.02,0.37,0.00404838228916,0.000118677096809,0.00145399092117,0.00157266801798
0.2,10,0.01,0.02,0.375,0.00385094035508,0.000112889146499,0.00140176920322,0.00151465834972
0.2,10,0.01,0.02,0.38,0.00366312777775,0.000107383477857,0.00135118283396,0.00145856631181
0.2,10,0.01,0.02,0.385,0.0034844749279,0.000102146323842,0.00130219651256,0.0014043428364
0.2,10,0.01,0.02,0.39,0.00331453508035,9.71645888436e-05,0.00125477449169,0.00135193908053
0.2,10,0.01,0.02,0.395,0.00315288329697,9.24258159275e-05,0.00120888070501,0.00130130652094
0.2,10,0.01,0.02,0.4,0.0029991153641,8.79181556937e-05,0.00116447888336,0.00125239703905
0.2,10,0.03,0.02,0,0.163746150616,0.00788649840201,0,0.00788649840201
0.2,10,0.03,0.02,0.005,0.155760156614,0.00750186933627,0.00074129143639,0.00824316077266
0.2,10,0.03,0.02,0.01,0.148163644136,0.00713599885142,0.00141027645285,0.00854627530427
0.2,10,0.03,0.02,0.015,0.140937617944,0.00678797208067,0.00201224468795,0.00880021676862
0.2,10,0.03,0.02,0.02,0.134064009207,0.00645691877582,0.00255214180863,0.00900906058445
0.2,10,0.03,0.02,0.025,0.127525630324,0.00614201113117,0.00303459047983,0.009176601611
0.2,10,0.03,0.02,0.03,0.121306131943,0.00584246171358,0.00346391010687,0.00930637182045
0.2,10,0.03,0.02,0.035,0.115389962076,0.00555752149348,0.00384413542039,0.00940165691387
0.2,10,0.03,0.02,0.04,0.109762327219,0.00528647797189,0.00417903396988,0.00946551194177
0.2,10,0.03,0.02,0.045,0.104409155352,0.00502865339884,0.0044721225879,0.00950077598674
0.2,10,0.03,0.02,0.05,0.0993170607583,0.00478340307859,0.00472668288398,0.00951008596258
0.2,10,0.03,0.02,0.055,0.0944733105482,0.0045501137576,0.00494577582348,0.00949588958109
0.2,10,0.03,0.02,0.06,0.0898657928234,0.00432820209106,0.00513225544394,0.009460457535
0.2,10,0.03,0.02,0.065,0.0854829863897,0.0041171131842,0.00528878175836,0.00940589494256
0.2,10,0.03,0.02,0.07,0.0813139319481,0.00391631920481,0.00541783289203,0.00933415209684
0.2,10,0.03,0.02,0.075,0.0773482046909,0.00372531806335,0.00552171649707,0.00924703456042
0.2,10,0.03,0.02,0.08,0.0735758882343,0.00354363215749,0.00560258048614,0.00914621264363
0.2,10,0.03,0.02,0.085,0.0699875498222,0.00337080717781,0.00566242312478,0.00903323030258
0.2,10,0.03,0.02,0.09,0.0665742167396,0.00320641097185,0.0057031025191,0.00890951349095
0.2,10,0.03,0.02,0.095,0.0633273538758,0.00305003246346,0.00572634553417,0.00877637799764
0.2,10,0.03,0.02,0.1,0.0602388423824,0.00290128062493,0.00573375617575,0.00863503680068
0.2,10,0.03,0.02,0.105,0.057300959372,0.00275978349917,0.00572682346665,0.00848660696582
0.2,10,0.03,0.02,0.11,0.0545063586068,0.00262518726966,0.00570692884709,0.00833211611675
0.2,10,0.03,0.02,0.115,0.0518480521292,0.00249715537572,0.00567535312665,0.00817250850237
0.2,10,0.03,0.02,0.12,0.0493193927883,0.00237536767094,0.00563328301409,0.00800865068503
0.2,10,0.03,0.02,0.125,0.0469140576188,0.00225951962261,0.00558181724952,0.00784133687212
0.2,10,0.03,0.02,0.13,0.0446260320297,0.00214932155026,0.00552197236233,0.00767129391258
0.2,10,0.03,0.02,0.135,0.0424495947653,0.00204449790132,0.00545468807664,0.00749918597796
0.2,10,0.03,0.02,0.14,0.0403793035989,0.00194478656207,0.00538083238516,0.00732561894723
0.2,10,0.03,0.02,0.145,0.0384099817242,0.00184993820221,0.00530120631068,0.00715114451289
0.2,10,0.03,0.02,0.15,0.0365367048105,0.00175971565145,0.00521654837386,0.00697626402531
0.2,10,0.03,0.02,0.155,0.0347547886901,0.00167389330641,0.00512753878447,0.00680143209088
0.2,10,0.03,0.02,0.16,0.0330597776443,0.00159225656654,0.00503480337245,0.00662705993898
0.2,10,0.03,0.02,0.165,0.0314474332627,0.00151460129744,0.00493891727427,0.00645351857171
0.2,10,0.03,0.02,0.17,0.0299137238445,0.00144073332052,0.00484040838908,0.0062811417096
0.2,10,0.03,0.02,0.175,0.0284548143173,0.00137046792733,0.00473976061824,0.00611022854558
0.2,10,0.03,0.02,0.18,0.0270670566473,0.00130362941781,0.00463741690131,0.00594104631912
0.2,10,0.03,0.02,0.185,0.0257469807176,0.00124005066087,0.00453378206049,0.00577383272136
0.2,10,0.03,0.02,0.19,0.0244912856506,0.00117957267649,0.00442922546508,0.00560879814157
0.2,10,0.03,0.02,0.195,0.0232968315547,0.00112204423821,0.00432408352671,0.00544612776493
0.2,10,0.03,0.02,0.2,0.0221606316725,0.00106732149498,0.0042186620355,0.00528598353048
0.2,10,0.03,0.02,0.205,0.0210798449124,0.00101526761143,0.00411323834669,0.00512850595812
0.2,10,0.03,0.02,0.21,0.0200517687446,0.000965752425733,0.00400806342695,0.00497381585269
0.2,10,0.03,0.02,0.215,0.0190738324431,0.00091865212414,0.00390336376858,0.00482201589272
0.2,10,0.03,0.02,0.22,0.0181435906579,0.000873848931362,0.00379934317983,0.0046731921112
0.2,10,0.03,0.02,0.225,0.0172587172999,0.00083123081608,0.00369618445885,0.00452741527493
0.2,10,0.03,0.02,0.23,0.0164169997248,0.000790691210807,0.00359405095821,0.00438474216902
0.2,10,0.03,0.02,0.235,0.0156163332002,0.000752128745414,0.00349308804688,0.0042452167923
0.2,10,0.03,0.02,0.24,0.0148547156429,0.00071544699365,0.00339342447581,0.00410887146946
0.2,10,0.03,0.02,0.245,0.0141302426121,0.000680554232031,0.00329517365311,0.00397572788514
0.2,10,0.03,0.02,0.25,0.0134411025479,0.000647363210476,0.00319843483437,0.00384579804484
0.2,10,0.03,0.02,0.255,0.0127855722413,0.000615790934144,0.00310329423334,0.00371908516748
0.2,10,0.03,0.02,0.26,0.012162012525,0.000585758455899,0.00300982605798,0.00359558451388
0.2,10,0.03,0.02,0.265,0.011568864175,0.000557190678901,0.00291809347646,0.00347528415536
0.2,10,0.03,0.02,0.27,0.0110046440113,0.000530016168828,0.00282814951746,0.00335816568629
0.2,10,0.03,0.02,0.275,0.0104679411897,0.00050416697525,0.00274003790897,0.00324420488422
0.2,10,0.03,0.02,0.28,0.00995741367357,0.00047957846172,0.00265379385932,0.00313337232104
0.2,10,0.03,0.02,0.285,0.00947178487823,0.000456189144145,0.00256944478421,0.00302563392836
0.2,10,0.03,0.02,0.29,0.00900984047871,0.000433940537048,0.00248701098308,0.00292095152013
0.2,10,0.03,0.02,0.295,0.00857042537341,0.000412777007324,0.00240650626799,0.00281928327532
0.2,10,0.03,0.02,0.3,0.00815244079567,0.000392645635124,0.00232793854816,0.00272058418329
0.2,10,0.03,0.02,0.305,0.00775484156634,0.000373496081532,0.00225131037287,0.0026248064544
0.2,10,0.03,0.02,0.31,0.00737663348025,0.000355280462689,0.00217661943544,0.00253189989813
0.2,10,0.03,0.02,0.315,0.00701687082017,0.00033795323006,0.00210385904088,0.00244181227094
0.2,10,0.03,0.02,0.32,0.00667465399207,0.000321471056538,0.00203301853937,0.00235448959591
0.2,10,0.03,0.02,0.325,0.00634912727561,0.000305792728104,0.00196408372794,0.00226987645604
0.2,10,0.03,0.02,0.33,0.00603947668446,0.000290879040771,0.00189703722242,0.00218791626319
0.2,10,0.03,0.02,0.335,0.00574492793085,0.000276692702552,0.00183185880148,0.00210855150403
0.2,10,0.03,0.02,0.34,0.00546474448946,0.000263198240212,0.00176852572474,0.00203172396496
0.2,10,0.03,0.02,0.345,0.00519822575575,0.000250361910566,0.00170701302659,0.00195737493716
0.2,10,0.03,0.02,0.35,0.00494470529407,0.000238151616105,0.00164729378729,0.00188544540339
0.2,10,0.03,0.02,0.355,0.0047035491712,0.000226536824731,0.001589339383,0.00181587620773
0.2,10,0.03,0.02,0.36,0.00447415437123,0.000215488493417,0.00153311971601,0.00174860820943
0.2,10,0.03,0.02,0.365,0.00425594728768,0.00020497899558,0.00147860342661,0.00168358242219
0.2,10,0.03,0.02,0.37,0.00404838228916,0.000194982052,0.00142575808775,0.00162074013975
0.2,10,0.03,0.02,0.375,0.00385094035508,0.000185472665112,0.00137455038374,0.00156002304885
0.2,10,0.03,0.02,0.38,0.00366312777775,0.000176427056495,0.00132494627408,0.00150137333057
0.2,10,0.03,0.02,0.385,0.0034844749279,0.000167822607416,0.00127691114339,0.0014447337508
0.2,10,0.03,0.02,0.39,0.00331453508035,0.000159637802271,0.00123040993845,0.00139004774072
0.2,10,0.03,0.02,0.395,0.00315288329697,0.000151852174783,0.00118540729326,0.00133725946805
0.2,10,0.03,0.02,0.4,0.0029991153641,0.000144446256828,0.00114186764291,0.00128631389973
0.2,10,0.06,0.02,0,0.163746150616,0.0122976206345,0,0.0122976206345
0.2,10,0.06,0.02,0.005,0.155760156614,0.0116978585989,0.000720311490077,0.0124181700889
0.2,10,0.06,0.02,0.01,0.148163644136,0.0111273473029,0.00137036296833,0.0124977102712
0.2,10,0.06,0.02,0.015,0.140937617944,0.0105846601711,0.00195529436659,0.0125399545377
0.2,10,0.06,0.02,0.02,0.134064009207,0.0100684402031,0.00247991138008,0.0125483515832
0.2,10,0.06,0.02,0.025,0.127525630324,0.00957739658004,0.00294870584361,0.0125261024236
0.2,10,0.06,0.02,0.03,0.121306131943,0.00911030143705,0.00336587491516,0.0124761763522
0.2,10,0.06,0.02,0.035,0.115389962076,0.00866598679299,0.00373533913491,0.0124013259279
0.2,10,0.06,0.02,0.04,0.109762327219,0.00824334162983,0.00406075942356,0.0123041010534
0.2,10,0.06,0.02,0.045,0.104409155352,0.0078413091145,0.0043455530807,0.0121868621952
0.2,10,0.06,0.02,0.05,0.0993170607583,0.00745888395632,0.0045929088401,0.0120517927964
0.2,10,0.06,0.02,0.055,0.0944733105482,0.00709510989319,0.00480580103603,0.0119009109292
0.2,10,0.06,0.02,0.06,0.0898657928234,0.00674907730047,0.00498700293138,0.0117360802318
0.2,10,0.06,0.02,0.065,0.0854829863897,0.00641992091643,0.00513909925577,0.0115590201722
0.2,10,0.06,0.02,0.07,0.0813139319481,0.00610681767868,0.00526449799886,0.0113713156775
0.2,10,0.06,0.02,0.075,0.0773482046909,0.00580898466602,0.00536544150187,0.0111744261679
0.2,10,0.06,0.02,0.08,0.0735758882343,0.00552567714079,0.00544401688748,0.0109696940283
0.2,10,0.06,0.02,0.085,0.0699875498222,0.00525618668661,0.00550216586653,0.0107583525531
0.2,10,0.06,0.02,0.09,0.0665742167396,0.00499983943697,0.00554169395724,0.0105415333942
0.2,10,0.06,0.02,0.095,0.0633273538758,0.00475599439023,0.00556427915113,0.0103202735414
0.2,10,0.06,0.02,0.1,0.0602388423824,0.00452404180675,0.00557148005757,0.0100955218643
0.2,10,0.06,0.02,0.105,0.057300959372,0.00430340168425,0.00556474355722,0.00986814524147
0.2,10,0.06,0.02,0.11,0.0545063586068,0.0040935223075,0.00554541199292,0.00963893430043
0.2,10,0.06,0.02,0.115,0.0518480521292,0.00389387886875,0.00551472992495,0.0094086087937
0.2,10,0.06,0.02,0.12,0.0493193927883,0.00370397215539,0.00547385047595,0.00917782263135
0.2,10,0.06,0.02,0.125,0.0469140576188,0.00352332730174,0.00542384128963,0.00894716859137
0.2,10,0.06,0.02,0.13,0.0446260320297,0.00335149260156,0.00536569012566,0.00871718272722
0.2,10,0.06,0.02,0.135,0.0424495947653,0.0031880383786,0.00530031011221,0.00848834849081
0.2,10,0.06,0.02,0.14,0.0403793035989,0.00303255591217,0.00522854467615,0.00826110058831
0.2,10,0.06,0.02,0.145,0.0384099817242,0.0028846564151,0.00515117216981,0.00803582858491
0.2,10,0.06,0.02,0.15,0.0365367048105,0.00274397006161,0.00506891021234,0.00781288027395
0.2,10,0.06,0.02,0.155,0.0347547886901,0.00261014506256,0.00498241976227,0.00759256482482
0.2,10,0.06,0.02,0.16,0.0330597776443,0.00248284678572,0.00489230893738,0.00737515572309
0.2,10,0.06,0.02,0.165,0.0314474332627,0.0023617569191,0.0047991365967,0.0071608935158
0.2,10,0.06,0.02,0.17,0.0299137238445,0.00224657267497,0.00470341569883,0.00694998837379
0.2,10,0.06,0.02,0.175,0.0284548143173,0.00213700603271,0.0046056164498,0.00674262248251
0.2,10,0.06,0.02,0.18,0.0270670566473,0.00203278301865,0.00450616925316,0.00653895227181
0.2,10,0.06,0.02,0.185,0.0257469807176,0.00193364302096,0.00440546747387,0.00633911049483
0.2,10,0.06,0.02,0.19,0.0244912856506,0.00183933813802,0.00430387002739,0.00614320816541
0.2,10,0.06,0.02,0.195,0.0232968315547,0.00174963255849,0.00420170380426,0.00595133636275
0.2,10,0.06,0.02,0.2,0.0221606316725,0.0016643019717,0.00409926594015,0.00576356791186
0.2,10,0.06,0.02,0.205,0.0210798449124,0.00158313300674,0.00399682594066,0.00557995894739
0.2,10,0.06,0.02,0.21,0.0200517687446,0.00150592269891,0.00389462766959,0.00540055036849
0.2,10,0.06,0.02,0.215,0.0190738324431,0.00143247798222,0.00379289120909,0.00522536919131
0.2,10,0.06,0.02,0.22,0.0181435906579,0.00136261520664,0.00369181459927,0.00505442980591
0.2,10,0.06,0.02,0.225,0.0172587172999,0.00129615967883,0.00359157546474,0.00488773514356
0.2,10,0.06,0.02,0.23,0.0164169997248,0.00123294522535,0.00349233253487,0.00472527776022
0.2,10,0.06,0.02,0.235,0.0156163332002,0.00117281377715,0.00339422706442,0.00456704084158
0.2,10,0.06,0.02,0.24,0.0148547156429,0.00111561497429,0.00329738416046,0.00441299913475
0.2,10,0.06,0.02,0.245,0.0141302426121,0.00106120578996,0.00320191402142,0.00426311981138
0.2,10,0.06,0.02,0.25,0.0134411025479,0.00100945017286,0.00310791309377,0.00411736326663
0.2,10,0.06,0.02,0.255,0.0127855722413,0.000960218706989,0.00301546515126,0.00397568385825
0.2,10,0.06,0.02,0.26,0.012162012525,0.000913388288044,0.00292464230162,0.00383803058966
0.2,10,0.06,0.02,0.265,0.011568864175,0.000868841815582,0.00283550592524,0.00370434774082
0.2,10,0.06,0.02,0.27,0.0110046440113,0.000826467900218,0.00274810754999,0.00357457545021
0.2,10,0.06,0.02,0.275,0.0104679411897,0.000786160585093,0.00266248966626,0.00344865025136
0.2,10,0.06,0.02,0.28,0.00995741367357,0.000747819080923,0.00257868648594,0.00332650556687
0.2,10,0.06,0.02,0.285,0.00947178487823,0.000711347513977,0.00249672464881,0.00320807216279
0.2,10,0.06,0.02,0.29,0.00900984047871,0.000676654686341,0.00241662387979,0.00309327856613
0.2,10,0.06,0.02,0.295,0.00857042537341,0.000643653847873,0.00233839760003,0.00298205144791
0.2,10,0.06,0.02,0.3,0.00815244079567,0.00061226247929,0.00226205349491,0.00287431597421
0.2,10,0.06,0.02,0.305,0.00775484156634,0.000582402085819,0.00218759404156,0.00276999612738
0.2,10,0.06,0.02,0.31,0.00737663348025,0.000553998000921,0.00211501699859,0.00266901499951
0.2,10,0.06,0.02,0.315,0.00701687082017,0.000526979199591,0.00204431586048,0.00257129506007
0.2,10,0.06,0.02,0.32,0.00667465399207,0.000501278120751,0.00197548027882,0.00247675839957
0.2,10,0.06,0.02,0.325,0.00634912727561,0.000476830498317,0.00190849645262,0.00238532695094
0.2,10,0.06,0.02,0.33,0.00603947668446,0.000453575200498,0.00184334748971,0.00229692269021
0.2,10,0.06,0.02,0.335,0.00574492793085,0.000431454076938,0.00178001374106,0.002211467818
0.2,10,0.06,0.02,0.34,0.00546474448946,0.000410411813304,0.00171847310989,0.0021288849232
0.2,10,0.06,0.02,0.345,0.00519822575575,0.000390395792977,0.00165870133716,0.00204909713013
0.2,10,0.06,0.02,0.35,0.00494470529407,0.000371355965481,0.00160067226501,0.00197202823049
0.2,10,0.06,0.02,0.355,0.0047035491712,0.00035324472133,0.0015443580797,0.00189760280103
0.2,10,0.06,0.02,0.36,0.00447415437123,0.000336016772978,0.00148972953537,0.00182574630835
0.2,10,0.06,0.02,0.365,0.00425594728768,0.000319629041583,0.00143675615982,0.00175638520141
0.2,10,0.06,0.02,0.37,0.00404838228916,0.000304040549278,0.00138540644376,0.00168944699303
0.2,10,0.06,0.02,0.375,0.00385094035508,0.000289212316715,0.00133564801439,0.0016248603311
0.2,10,0.06,0.02,0.38,0.00366312777775,0.000275107265587,0.00128744779462,0.00156255506021
0.2,10,0.06,0.02,0.385,0.0034844749279,0.000261690125921,0.00124077214876,0.00150246227468
0.2,10,0.06,0.02,0.39,0.00331453508035,0.000248927347877,0.00119558701567,0.00144451436354
0.2,10,0.06,0.02,0.395,0.00315288329697,0.000236787017864,0.00115185803025,0.00138864504811
0.2,10,0.06,0.02,0.4,0.0029991153641,0.000225238778732,0.00110955063415,0.00133478941288
0.6,1,0.01,0.02,0,0.588119203984,0.0172405357798,0,0.0172405357798
0.6,1,0.01,0.02,0.005,0.585185947217,0.0171545482488,0.00284015699484,0.0199947052437
0.6,1,0.01,0.02,0.01,0.582267320129,0.0170689895825,0.00565198330547,0.022720972888
0.6,1,0.01,0.02,0.015,0.579363249755,0.0169838576418,0.00843569088169,0.0254195485235
0.6,1,0.01,0.02,0.02,0.576473663491,0.0168991502984,0.0111914902639,0.0280906405623
0.6,1,0.01,0.02,0.025,0.5735984891,0.0168148654347,0.0139195905916,0.0307344560263
0.6,1,0.01,0.02,0.03,0.5707376547,0.0167310009435,0.0166201996127,0.0333512005562
0.6,1,0.01,0.02,0.035,0.567891088772,0.0166475547281,0.0192935236915,0.0359410784197
0.6,1,0.01,0.02,0.04,0.565058720151,0.0165645247025,0.0219397678179,0.0385042925205
0.6,1,0.01,0.02,0.045,0.562240478026,0.0164819087909,0.0245591356156,0.0410410444065
0.6,1,0.01,0.02,0.05,0.559436291944,0.0163997049279,0.0271518293508,0.0435515342787
0.6,1,0.01,0.02,0.055,0.556646091797,0.0163179110583,0.0297180499406,0.0460359609989
0.6,1,0.01,0.02,0.06,0.553869807832,0.0162365251374,0.0322579969617,0.0484945220991
0.6,1,0.01,0.02,0.065,0.551107370641,0.0161555451304,0.0347718686582,0.0509274137886
0.6,1,0.01,0.02,0.07,0.548358711163,0.0160749690129,0.0372598619505,0.0533348309634
0.6,1,0.01,0.02,0.075,0.545623760681,0.0159947947705,0.0397221724433,0.0557169672138
0.6,1,0.01,0.02,0.08,0.542902450822,0.0159150203988,0.0421589944338,0.0580740148326
0.6,1,0.01,0.02,0.085,0.540194713552,0.0158356439034,0.0445705209201,0.0604061648235
0.6,1,0.01,0.02,0.09,0.537500481178,0.0157566632999,0.046956943609,0.0627136069089
0.6,1,0.01,0.02,0.095,0.534819686344,0.0156780766139,0.0493184529244,0.0649965295382
0.6,1,0.01,0.02,0.1,0.53215226203,0.0155998818805,0.051655238015,0.0672551198955
0.6,1,0.01,0.02,0.105,0.529498141551,0.0155220771451,0.0539674867626,0.0694895639077
0.6,1,0.01,0.02,0.11,0.526857258552,0.0154446604623,0.0562553857899,0.0717000462522
0.6,1,0.01,0.02,0.115,0.524229547013,0.0153676298969,0.0585191204683,0.0738867503652
0.6,1,0.01,0.02,0.12,0.521614941239,0.015290983523,0.060758874926,0.076049858449
0.6,1,0.01,0.02,0.125,0.519013375866,0.0152147194245,0.0629748320552,0.0781895514798
0.6,1,0.01,0.02,0.13,0.516424785855,0.0151388356948,0.0651671735208,0.0803060092157
0.6,1,0.01,0.02,0.135,0.51384910649,0.0150633304368,0.0673360797672,0.082399410204
0.6,1,0.01,0.02,0.14,0.51128627338,0.0149882017628,0.0694817300264,0.0844699317892
0.6,1,0.01,0.02,0.145,0.508736222453,0.0149134477947,0.0716043023254,0.0865177501201
0.6,1,0.01,0.02,0.15,0.506198889958,0.0148390666635,0.0737039734942,0.0885430401576
0.6,1,0.01,0.02,0.155,0.503674212462,0.0147650565097,0.0757809191725,0.0905459756823
0.6,1,0.01,0.02,0.16,0.501162126847,0.0146914154832,0.0778353138182,0.0925267293014
0.6,1,0.01,0.02,0.165,0.498662570311,0.0146181417428,0.0798673307138,0.0944854724566
0.6,1,0.01,0.02,0.17,0.496175480366,0.0145452334567,0.0818771419746,0.0964223754313
0.6,1,0.01,0.02,0.175,0.493700794834,0.0144726888022,0.0838649185555,0.0983376073577
0.6,1,0.01,0.02,0.18,0.491238451847,0.0144005059656,0.0858308302586,0.100231336224
0.6,1,0.01,0.02,0.185,0.488788389847,0.0143286831425,0.0877750457403,0.102103728883
0.6,1,0.01,0.02,0.19,0.486350547582,0.0142572185372,0.0896977325185,0.103954951056
0.6,1,0.01,0.02,0.195,0.483924864106,0.014186110363,0.09159905698,0.105785167343
0.6,1,0.01,0.02,0.2,0.481511278777,0.0141153568424,0.093479184387,0.107594541229
0.6,1,0.01,0.02,0.205,0.479109731256,0.0140449562065,0.0953382788851,0.109383235092
0.6,1,0.01,0.02,0.21,0.476720161502,0.0139749066952,0.0971765035094,0.111151410205
0.6,1,0.01,0.02,0.215,0.474342509777,0.0139052065572,0.0989940201923,0.11289922675
0.6,1,0.01,0.02,0.22,0.47197671664,0.0138358540502,0.10079098977,0.11462684382
0.6,1,0.01,0.02,0.225,0.469622722945,0.0137668474402,0.102567571989,0.116334419429
0.6,1,0.01,0.02,0.23,0.467280469843,0.0136981850022,0.104323925513,0.118022110516
0.6,1,0.01,0.02,0.235,0.464949898777,0.0136298650195,0.106060207933,0.119690072952
0.6,1,0.01,0.02,0.24,0.462630951482,0.0135618857841,0.107776575768,0.121338461552
0.6,1,0.01,0.02,0.245,0.460323569986,0.0134942455965,0.109473184475,0.122967430072
0.6,1,0.01,0.02,0.25,0.458027696602,0.0134269427659,0.111150188459,0.124577131225
0.6,1,0.01,0.02,0.255,0.455743273935,0.0133599756094,0.112807741073,0.126167716682
0.6,1,0.01,0.02,0.26,0.453470244873,0.0132933424531,0.114445994629,0.127739337082
0.6,1,0.01,0.02,0.265,0.451208552592,0.013227041631,0.116065100405,0.129292142036
0.6,1,0.01,0.02,0.27,0.448958140547,0.0131610714857,0.117665208647,0.130826280132
0.6,1,0.01,0.02,0.275,0.44671895248,0.0130954303678,0.119246468581,0.132341898949
0.6,1,0.01,0.02,0.28,0.444490932409,0.0130301166363,0.120809028416,0.133839145053
0.6,1,0.01,0.02,0.285,0.442274024635,0.0129651286585,0.122353035353,0.135318164012
0.6,1,0.01,0.02,0.29,0.440068173735,0.0129004648095,0.123878635588,0.136779100398
0.6,1,0.01,0.02,0.295,0.437873324561,0.0128361234729,0.125385974321,0.138222097794
0.6,1,0.01,0.02,0.3,0.435689422244,0.01277210304,0.126875195761,0.139647298801
0.6,1,0.01,0.02,0.305,0.433516412185,0.0127084019103,0.128346443134,0.141054845044
0.6,1,0.01,0.02,0.31,0.431354240059,0.0126450184913,0.129799858686,0.142444877177
0.6,1,0.01,0.02,0.315,0.429202851812,0.0125819511985,0.131235583693,0.143817534892
0.6,1,0.01,0.02,0.32,0.427062193658,0.0125191984551,0.132653758465,0.14517295692
0.6,1,0.01,0.02,0.325,0.424932212081,0.0124567586923,0.134054522351,0.146511281044
0.6,1,0.01,0.02,0.33,0.422812853831,0.0123946303492,0.135438013749,0.147832644098
0.6,1,0.01,0.02,0.335,0.420704065925,0.0123328118724,0.136804370108,0.14913718198
0.6,1,0.01,0.02,0.34,0.418605795643,0.0122713017166,0.138153727935,0.150425029651
0.6,1,0.01,0.02,0.345,0.416517990527,0.0122100983439,0.139486222803,0.151696321147
0.6,1,0.01,0.02,0.35,0.414440598382,0.0121492002244,0.140801989355,0.15295118958
0.6,1,0.01,0.02,0.355,0.412373567275,0.0120886058355,0.142101161311,0.154189767146
0.6,1,0.01,0.02,0.36,0.410316845527,0.0120283136623,0.143383871471,0.155412185134
0.6,1,0.01,0.02,0.365,0.408270381723,0.0119683221977,0.144650251727,0.156618573924
0.6,1,0.01,0.02,0.37,0.406234124699,0.0119086299417,0.14590043306,0.157809063002
0.6,1,0.01,0.02,0.375,0.404208023549,0.011849235402,0.147134545555,0.158983780957
0.6,1,0.01,0.02,0.38,0.402192027621,0.0117901370939,0.1483527184,0.160142855494
0.6,1,0.01,0.02,0.385,0.400186086515,0.0117313335399,0.149555079895,0.161286413435
0.6,1,0.01,0.02,0.39,0.398190150082,0.0116728232697,0.150741757457,0.162414580726
0.6,1,0.01,0.02,0.395,0.396204168423,0.0116146048208,0.151912877623,0.163527482444
0.6,1,0.01,0.02,0.4,0.394228091889,0.0115566767376,0.153068566061,0.164625242798
0.6,1,0.03,0.02,0,0.588119203984,0.0283255584633,0,0.0283255584633
0.6,1,0.03,0.02,0.005,0.585185947217,0.0281842841511,0.00278500831533,0.0309692924665
0.6,1,0.03,0.02,0.01,0.582267320129,0.0280437144475,0.00554223605682,0.0335859505043
0.6,1,0.03,0.02,0.015,0.579363249755,0.0279038458382,0.00827189105875,0.0361757368969
0.6,1,0.03,0.02,0.02,0.576473663491,0.0277646748264,0.0109741797733,0.0387388545997
0.6,1,0.03,0.02,0.025,0.5735984891,0.027626197933,0.0136493072792,0.0412755052122
0.6,1,0.03,0.02,0.03,0.5707376547,0.027488411696,0.0162974772901,0.0437858889862
0.6,1,0.03,0.02,0.035,0.567891088772,0.0273513126707,0.0189188921635,0.0462702048343
0.6,1,0.03,0.02,0.04,0.565058720151,0.0272148974297,0.0215137529088,0.0487286503385
0.6,1,0.03,0.02,0.045,0.562240478026,0.0270791625625,0.0240822591959,0.0511614217584
0.6,1,0.03,0.02,0.05,0.559436291944,0.0269441046758,0.0266246093634,0.0535687140391
0.6,1,0.03,0.02,0.055,0.556646091797,0.026809720393,0.0291410004272,0.0559507208203
0.6,1,0.03,0.02,0.06,0.553869807832,0.0266760063547,0.0316316280886,0.0583076344434
0.6,1,0.03,0.02,0.065,0.551107370641,0.026542959218,0.0340966867425,0.0606396459605
0.6,1,0.03,0.02,0.07,0.548358711163,0.0264105756566,0.0365363694854,0.062946945142
0.6,1,0.03,0.02,0.075,0.545623760681,0.026278852361,0.038950868124,0.065229720485
0.6,1,0.03,0.02,0.08,0.542902450822,0.026147786038,0.0413403731827,0.0674881592207
0.6,1,0.03,0.02,0.085,0.540194713552,0.0260173734111,0.043705073912,0.0697224473231
0.6,1,0.03,0.02,0.09,0.537500481178,0.0258876112199,0.0460451582962,0.0719327695161
0.6,1,0.03,0.02,0.095,0.534819686344,0.0257584962203,0.0483608130618,0.074119309282
0.6,1,0.03,0.02,0.1,0.53215226203,0.0256300251844,0.0506522236846,0.076282248869
0.6,1,0.03,0.02,0.105,0.529498141551,0.0255021949005,0.0529195743983,0.0784217692988
0.6,1,0.03,0.02,0.11,0.526857258552,0.0253750021728,0.0551630482017,0.0805380503746
0.6,1,0.03,0.02,0.115,0.524229547013,0.0252484438215,0.057382826867,0.0826312706885
0.6,1,0.03,0.02,0.12,0.521614941239,0.0251225166826,0.0595790909468,0.0847016076294
0.6,1,0.03,0.02,0.125,0.519013375866,0.0249972176079,0.0617520197823,0.0867492373902
0.6,1,0.03,0.02,0.13,0.516424785855,0.0248725434649,0.0639017915107,0.0887743349757
0.6,1,0.03,0.02,0.135,0.51384910649,0.0247484911369,0.0660285830727,0.0907770742096
0.6,1,0.03,0.02,0.14,0.51128627338,0.0246250575224,0.06813257022,0.0927576277424
0.6,1,0.03,0.02,0.145,0.508736222453,0.0245022395356,0.070213927523,0.0947161670586
0.6,1,0.03,0.02,0.15,0.506198889958,0.0243800341061,0.0722728283778,0.0966528624839
0.6,1,0.03,0.02,0.155,0.503674212462,0.0242584381787,0.0743094450138,0.0985678831925
0.6,1,0.03,0.02,0.16,0.501162126847,0.0241374487135,0.0763239485013,0.100461397215
0.6,1,0.03,0.02,0.165,0.498662570311,0.0240170626858,0.0783165087582,0.102333571444
0.6,1,0.03,0.02,0.17,0.496175480366,0.023897277086,0.0802872945576,0.104184571644
0.6,1,0.03,0.02,0.175,0.493700794834,0.0237780889193,0.082236473535,0.106014562454
0.6,1,0.03,0.02,0.18,0.491238451847,0.023659495206,0.0841642121953,0.107823707401
0.6,1,0.03,0.02,0.185,0.488788389847,0.0235414929814,0.0860706759201,0.109612168902
0.6,1,0.03,0.02,0.19,0.486350547582,0.0234240792953,0.0879560289745,0.11138010827
0.6,1,0.03,0.02,0.195,0.483924864106,0.0233072512124,0.0898204345143,0.113127685727
0.6,1,0.03,0.02,0.2,0.481511278777,0.0231910058121,0.0916640545931,0.114855060405
0.6,1,0.03,0.02,0.205,0.479109731256,0.023075340188,0.0934870501689,0.116562390357
0.6,1,0.03,0.02,0.21,0.476720161502,0.0229602514487,0.0952895811112,0.11824983256
0.6,1,0.03,0.02,0.215,0.474342509777,0.0228457367169,0.097071806208,0.119917542925
0.6,1,0.03,0.02,0.22,0.47197671664,0.0227317931296,0.0988338831723,0.121565676302
0.6,1,0.03,0.02,0.225,0.469622722945,0.0226184178384,0.100575968649,0.123194386487
0.6,1,0.03,0.02,0.23,0.467280469843,0.0225056080088,0.102298218222,0.124803826231
0.6,1,0.03,0.02,0.235,0.464949898777,0.0223933608206,0.10400078642,0.12639414724
0.6,1,0.03,0.02,0.24,0.462630951482,0.0222816734675,0.105683826724,0.127965500191
0.6,1,0.03,0.02,0.245,0.460323569986,0.0221705431575,0.107347491573,0.12951803473
0.6,1,0.03,0.02,0.25,0.458027696602,0.0220599671122,0.108991932372,0.131051899485
0.6,1,0.03,0.02,0.255,0.455743273935,0.0219499425672,0.110617299499,0.132567242066
0.6,1,0.03,0.02,0.26,0.453470244873,0.0218404667719,0.112223742306,0.134064209078
0.6,1,0.03,0.02,0.265,0.451208552592,0.0217315369895,0.113811409135,0.135542946124
0.6,1,0.03,0.02,0.27,0.448958140547,0.0216231504966,0.115380447314,0.13700359781
0.6,1,0.03,0.02,0.275,0.44671895248,0.0215153045835,0.116931003171,0.138446307755
0.6,1,0.03,0.02,0.28,0.444490932409,0.0214079965543,0.118463222039,0.139871218594
0.6,1,0.03,0.02,0.285,0.442274024635,0.021301223726,0.119977248259,0.141278471985
0.6,1,0.03,0.02,0.29,0.440068173735,0.0211949834294,0.121473225188,0.142668208618
0.6,1,0.03,0.02,0.295,0.437873324561,0.0210892730086,0.122951295208,0.144040568217
0.6,1,0.03,0.02,0.3,0.435689422244,0.0209840898206,0.124411599727,0.145395689548
0.6,1,0.03,0.02,0.305,0.433516412185,0.020879431236,0.12585427919,0.146733710426
0.6,1,0.03,0.02,0.31,0.431354240059,0.0207752946383,0.12727947308,0.148054767719
0.6,1,0.03,0.02,0.315,0.429202851812,0.020671677424,0.128687319932,0.149358997356
0.6,1,0.03,0.02,0.32,0.427062193658,0.0205685770027,0.13007795733,0.150646534332
0.6,1,0.03,0.02,0.325,0.424932212081,0.020465990797,0.131451521917,0.151917512714
0.6,1,0.03,0.02,0.33,0.422812853831,0.020363916242,0.132808149404,0.153172065646
0.6,1,0.03,0.02,0.335,0.420704065925,0.020262350786,0.134147974572,0.154410325358
0.6,1,0.03,0.02,0.34,0.418605795643,0.0201612918899,0.135471131276,0.155632423166
0.6,1,0.03,0.02,0.345,0.416517990527,0.0200607370271,0.136777752457,0.156838489484
0.6,1,0.03,0.02,0.35,0.414440598382,0.0199606836838,0.138067970145,0.158028653828
0.6,1,0.03,0.02,0.355,0.412373567275,0.0198611293586,0.13934191546,0.159203044819
0.6,1,0.03,0.02,0.36,0.410316845527,0.0197620715626,0.140599718627,0.16036179019
0.6,1,0.03,0.02,0.365,0.408270381723,0.0196635078195,0.141841508975,0.161505016794
0.6,1,0.03,0.02,0.37,0.406234124699,0.0195654356651,0.143067414943,0.162632850608
0.6,1,0.03,0.02,0.375,0.404208023549,0.0194678526476,0.144277564088,0.163745416736
0.6,1,0.03,0.02,0.38,0.402192027621,0.0193707563275,0.145472083092,0.164842839419
0.6,1,0.03,0.02,0.385,0.400186086515,0.0192741442772,0.146651097762,0.165925242039
0.6,1,0.03,0.02,0.39,0.398190150082,0.0191780140816,0.14781473304,0.166992747122
0.6,1,0.03,0.02,0.395,0.396204168423,0.0190823633373,0.148963113009,0.168045476346
0.6,1,0.03,0.02,0.4,0.394228091889,0.0189871896531,0.150096360894,0.169083550547
0.6,1,0.06,0.02,0,0.588119203984,0.044168774846,0,0.044168774846
0.6,1,0.06,0.02,0.005,0.585185947217,0.0439484821624,0.00270618732527,0.0466546694877
0.6,1,0.06,0.02,0.01,0.582267320129,0.0437292881932,0.00538538031936,0.0491146685126
0.6,1,0.06,0.02,0.015,0.579363249755,0.0435111874584,0.00803778093444,0.0515489683929
0.6,1,0.06,0.02,0.02,0.576473663491,0.0432941745056,0.0106635897797,0.0539577642854
0.6,1,0.06,0.02,0.025,0.5735984891,0.0430782439095,0.0132630061298,0.0563412500392
0.6,1,0.06,0.02,0.03,0.5707376547,0.0428633902716,0.0158362279329,0.0586996182045
0.6,1,0.06,0.02,0.035,0.567891088772,0.0426496082208,0.0183834518193,0.0610330600401
0.6,1,0.06,0.02,0.04,0.565058720151,0.0424368924123,0.0209048731095,0.0633417655219
0.6,1,0.06,0.02,0.045,0.562240478026,0.0422252375284,0.0234006858224,0.0656259233508
0.6,1,0.06,0.02,0.05,0.559436291944,0.0420146382777,0.0258710826833,0.067885720961
0.6,1,0.06,0.02,0.055,0.556646091797,0.041805089395,0.0283162551321,0.0701213445272
0.6,1,0.06,0.02,0.06,0.553869807832,0.0415965856418,0.0307363933314,0.0723329789732
0.6,1,0.06,0.02,0.065,0.551107370641,0.0413891218054,0.0331316861743,0.0745208079797
0.6,1,0.06,0.02,0.07,0.548358711163,0.0411826926992,0.0355023212924,0.0766850139917
0.6,1,0.06,0.02,0.075,0.545623760681,0.0409772931625,0.0378484850639,0.0788257782264
0.6,1,0.06,0.02,0.08,0.542902450822,0.0407729180602,0.0401703626209,0.0809432806811
0.6,1,0.06,0.02,0.085,0.540194713552,0.040569562283,0.0424681378578,0.0830377001409
0.6,1,0.06,0.02,0.09,0.537500481178,0.040367220747,0.0447419934388,0.0851092141858
0.6,1,0.06,0.02,0.095,0.534819686344,0.0401658883936,0.0469921108053,0.0871579991989
0.6,1,0.06,0.02,0.1,0.53215226203,0.0399655601895,0.0492186701841,0.0891842303736
0.6,1,0.06,0.02,0.105,0.529498141551,0.0397662311265,0.0514218505946,0.091188081721
0.6,1,0.06,0.02,0.11,0.526857258552,0.0395678962213,0.0536018298564,0.0931697260777
0.6,1,0.06,0.02,0.115,0.524229547013,0.0393705505156,0.0557587845972,0.0951293351128
0.6,1,0.06,0.02,0.12,0.521614941239,0.0391741890757,0.0578928902596,0.0970670793353
0.6,1,0.06,0.02,0.125,0.519013375866,0.0389788069926,0.0600043211092,0.0989831281018
0.6,1,0.06,0.02,0.13,0.516424785855,0.0387843993816,0.0620932502415,0.100877649623
0.6,1,0.06,0.02,0.135,0.51384910649,0.0385909613827,0.0641598495895,0.102750810972
0.6,1,0.06,0.02,0.14,0.51128627338,0.0383984881599,0.0662042899308,0.104602778091
0.6,1,0.06,0.02,0.145,0.508736222453,0.0382069749012,0.068226740895,0.106433715796
0.6,1,0.06,0.02,0.15,0.506198889958,0.0380164168189,0.0702273709708,0.10824378779
0.6,1,0.06,0.02,0.155,0.503674212462,0.037826809149,0.0722063475134,0.110033156662
0.6,1,0.06,0.02,0.16,0.501162126847,0.0376381471513,0.0741638367513,0.111801983903
0.6,1,0.06,0.02,0.165,0.498662570311,0.0374504261092,0.0761000037933,0.113550429903
0.6,1,0.06,0.02,0.17,0.496175480366,0.0372636413297,0.0780150126362,0.115278653966
0.6,1,0.06,0.02,0.175,0.493700794834,0.0370777881433,0.0799090261708,0.116986814314
0.6,1,0.06,0.02,0.18,0.491238451847,0.0368928619034,0.0817822061898,0.118675068093
0.6,1,0.06,0.02,0.185,0.488788389847,0.036708857987,0.0836347133941,0.120343571381
0.6,1,0.06,0.02,0.19,0.486350547582,0.036525771794,0.0854667073997,0.121992479194
0.6,1,0.06,0.02,0.195,0.483924864106,0.0363435987472,0.087278346745,0.123621945492
0.6,1,0.06,0.02,0.2,0.481511278777,0.0361623342922,0.0890697888971,0.125232123189
0.6,1,0.06,0.02,0.205,0.479109731256,0.0359819738975,0.0908411902584,0.126823164156
0.6,1,0.06,0.02,0.21,0.476720161502,0.035802513054,0.0925927061741,0.128395219228
0.6,1,0.06,0.02,0.215,0.474342509777,0.0356239472752,0.0943244909379,0.129948438213
0.6,1,0.06,0.02,0.22,0.47197671664,0.0354462720969,0.0960366977995,0.131482969896
0.6,1,0.06,0.02,0.225,0.469622722945,0.0352694830773,0.0977294789703,0.132998962048
0.6,1,0.06,0.02,0.23,0.467280469843,0.0350935757966,0.0994029856306,0.134496561427
0.6,1,0.06,0.02,0.235,0.464949898777,0.0349185458571,0.101057367936,0.135975913793
0.6,1,0.06,0.02,0.24,0.462630951482,0.034744388883,0.102692775024,0.137437163907
0.6,1,0.06,0.02,0.245,0.460323569986,0.0345711005206,0.104309355019,0.138880455539
0.6,1,0.06,0.02,0.25,0.458027696602,0.0343986764374,0.105907255041,0.140305931479
0.6,1,0.06,0.02,0.255,0.455743273935,0.0342271123229,0.107486621211,0.141713733534
0.6,1,0.06,0.02,0.26,0.453470244873,0.034056403888,0.109047598656,0.143104002544
0.6,1,0.06,0.02,0.265,0.451208552592,0.033886546865,0.110590331518,0.144476878383
0.6,1,0.06,0.02,0.27,0.448958140547,0.0337175370074,0.112114962956,0.145832499963
0.6,1,0.06,0.02,0.275,0.44671895248,0.03354937009,0.113621635157,0.147171005247
0.6,1,0.06,0.02,0.28,0.444490932409,0.0333820419086,0.11511048934,0.148492531249
0.6,1,0.06,0.02,0.285,0.442274024635,0.03321554828,0.116581665761,0.149797214041
0.6,1,0.06,0.02,0.29,0.440068173735,0.0330498850418,0.118035303721,0.151085188763
0.6,1,0.06,0.02,0.295,0.437873324561,0.0328850480525,0.11947154157,0.152356589623
0.6,1,0.06,0.02,0.3,0.435689422244,0.0327210331911,0.120890516716,0.153611549907
0.6,1,0.06,0.02,0.305,0.433516412185,0.0325578363572,0.122292365628,0.154850201985
0.6,1,0.06,0.02,0.31,0.431354240059,0.032395453471,0.123677223842,0.156072677313
0.6,1,0.06,0.02,0.315,0.429202851812,0.0322338804727,0.125045225972,0.157279106444
0.6,1,0.06,0.02,0.32,0.427062193658,0.0320731133232,0.126396505707,0.15846961903
0.6,1,0.06,0.02,0.325,0.424932212081,0.0319131480031,0.127731195825,0.159644343828
0.6,1,0.06,0.02,0.33,0.422812853831,0.0317539805134,0.129049428195,0.160803408708
0.6,1,0.06,0.02,0.335,0.420704065925,0.0315956068749,0.130351333782,0.161946940657
0.6,1,0.06,0.02,0.34,0.418605795643,0.0314380231282,0.131637042655,0.163075065783
0.6,1,0.06,0.02,0.345,0.416517990527,0.0312812253337,0.132906683992,0.164187909325
0.6,1,0.06,0.02,0.35,0.414440598382,0.0311252095715,0.134160386084,0.165285595655
0.6,1,0.06,0.02,0.355,0.412373567275,0.0309699719411,0.135398276343,0.166368248284
0.6,1,0.06,0.02,0.36,0.410316845527,0.0308155085616,0.136620481308,0.167435989869
0.6,1,0.06,0.02,0.365,0.408270381723,0.0306618155715,0.137827126645,0.168488942217
0.6,1,0.06,0.02,0.37,0.406234124699,0.0305088891283,0.139018337161,0.169527226289
0.6,1,0.06,0.02,0.375,0.404208023549,0.030356725409,0.140194236803,0.170550962212
0.6,1,0.06,0.02,0.38,0.402192027621,0.0302053206094,0.141354948665,0.171560269274
0.6,1,0.06,0.02,0.385,0.400186086515,0.0300546709443,0.142500594995,0.172555265939
0.6,1,0.06,0.02,0.39,0.398190150082,0.0299047726477,0.143631297199,0.173536069847
0.6,1,0.06,0.02,0.395,0.396204168423,0.0297556219718,0.144747175848,0.17450279782
0.6,1,0.06,0.02,0.4,0.394228091889,0.0296072151881,0.14584835068,0.175455565868
0.6,4,0.01,0.02,0,0.553869807832,0.0162365251374,0,0.0162365251374
0.6,4,0.01,0.02,0.005,0.542902450822,0.0159150203988,0.00263493715211,0.0185499575509
0.6,4,0.01,0.02,0.01,0.53215226203,0.0155998818805,0.0051655238015,0.020765405682
0.6,4,0.01,0.02,0.015,0.521614941239,0.015290983523,0.00759485936574,0.0228858428888
0.6,4,0.01,0.02,0.02,0.51128627338,0.0149882017628,0.00992596143234,0.0249141631952
0.6,4,0.01,0.02,0.025,0.501162126847,0.0146914154832,0.0121617677841,0.0268531832673
0.6,4,0.01,0.02,0.03,0.491238451847,0.0144005059656,0.0143051383764,0.028705644342
0.6,4,0.01,0.02,0.035,0.481511278777,0.0141153568424,0.0163588572677,0.0304742141102
0.6,4,0.01,0.02,0.04,0.47197671664,0.0138358540502,0.0183256345036,0.0321614885538
0.6,4,0.01,0.02,0.045,0.462630951482,0.0135618857841,0.0202081079564,0.0337699937405
0.6,4,0.01,0.02,0.05,0.453470244873,0.0132933424531,0.022008845121,0.0353021875741
0.6,4,0.01,0.02,0.055,0.444490932409,0.0130301166363,0.0237303448675,0.0367604615038
0.6,4,0.01,0.02,0.06,0.435689422244,0.01277210304,0.0253750391523,0.0381471421922
0.6,4,0.01,0.02,0.065,0.427062193658,0.0125191984551,0.0269452946882,0.0394644931433
0.6,4,0.01,0.02,0.07,0.418605795643,0.0122713017166,0.0284434145748,0.0407147162914
0.6,4,0.01,0.02,0.075,0.410316845527,0.0120283136623,0.0298716398899,0.0418999535522
0.6,4,0.01,0.02,0.08,0.402192027621,0.0117901370939,0.0312321512422,0.0430222883361
0.6,4,0.01,0.02,0.085,0.394228091889,0.0115566767376,0.0325270702879,0.0440837470254
0.6,4,0.01,0.02,0.09,0.38642185265,0.011327839206,0.0337584612099,0.045086300416
0.6,4,0.01,0.02,0.095,0.378770187304,0.0111035329612,0.0349283321626,0.0460318651237
0.6,4,0.01,0.02,0.1,0.371270035084,0.0108836682775,0.0360386366806,0.0469223049582
0.6,4,0.01,0.02,0.105,0.363918395828,0.0106681572064,0.0370912750552,0.0477594322616
0.6,4,0.01,0.02,0.11,0.356712328782,0.0104569135403,0.0380880956766,0.0485450092169
0.6,4,0.01,0.02,0.115,0.349648951424,0.0102498527791,0.0390308963442,0.0492807491233
0.6,4,0.01,0.02,0.12,0.342725438309,0.0100468920957,0.0399214255456,0.0499683176413
0.6,4,0.01,0.02,0.125,0.335939019939,0.00984795030301,0.0407613837045,0.0506093340075
0.6,4,0.01,0.02,0.13,0.329286981656,0.00965294782181,0.0415524243985,0.0512053722203
0.6,4,0.01,0.02,0.135,0.322766662557,0.00946180664843,0.0422961555476,0.0517579621961
0.6,4,0.01,0.02,0.14,0.316375454426,0.00927445032388,0.0429941405743,0.0522685908982
0.6,4,0.01,0.02,0.145,0.310110800695,0.00909080390312,0.0436478995348,0.0527387034379
0.6,4,0.01,0.02,0.15,0.303970195419,0.00891079392513,0.0442589102241,0.0531697041493
0.6,4,0.01,0.02,0.155,0.297951182275,0.00873434838352,0.0448286092532,0.0535629576367
0.6,4,0.01,0.02,0.16,0.292051353576,0.00856139669772,0.0453583931005,0.0539197897982
0.6,4,0.01,0.02,0.165,0.286268349313,0.00839186968476,0.0458496191386,0.0542414888234
0.6,4,0.01,0.02,0.17,0.280599856206,0.00822569953157,0.0463036066346,0.0545293061662
0.6,4,0.01,0.02,0.175,0.275043606783,0.00806281976786,0.0467216377277,0.0547844574955
0.6,4,0.01,0.02,0.18,0.26959737847,0.00790316523957,0.0471049583815,0.0550081236211
0.6,4,0.01,0.02,0.185,0.264258992704,0.00774667208275,0.0474547793149,0.0552014513976
0.6,4,0.01,0.02,0.19,0.259026314057,0.00759327769805,0.0477722769083,0.0553655546063
0.6,4,0.01,0.02,0.195,0.253897249391,0.00744292072568,0.0480585940897,0.0555015148154
0.6,4,0.01,0.02,0.2,0.248869747009,0.00729554102084,0.0483148411976,0.0556103822185
0.6,4,0.01,0.02,0.205,0.243941795844,0.00715107962968,0.048542096824,0.0556931764537
0.6,4,0.01,0.02,0.21,0.239111424651,0.00700947876573,0.0487414086358,0.0557508874016
0.6,4,0.01,0.02,0.215,0.234376701215,0.00687068178674,0.0489137941771,0.0557844759638
0.6,4,0.01,0.02,0.22,0.229735731585,0.00673463317207,0.0490602416509,0.0557948748229
0.6,4,0.01,0.02,0.225,0.225186659311,0.00660127850047,0.0491817106823,0.0557829891828
0.6,4,0.01,0.02,0.23,0.220727664703,0.00647056442829,0.0492791330632,0.0557496974914
0.6,4,0.01,0.02,0.235,0.216356964104,0.00634243866816,0.0493534134774,0.0556958521455
0.6,4,0.01,0.02,0.24,0.212072809175,0.00621684996806,0.0494054302097,0.0556222801778
0.6,4,0.01,0.02,0.245,0.207873486198,0.00609374809084,0.0494360358363,0.0555297839271
0.6,4,0.01,0.02,0.25,0.203757315387,0.0059730837941,0.0494460578982,0.0554191416923
0.6,4,0.01,0.02,0.255,0.199722650219,0.00585480881053,0.0494362995591,0.0552911083697
0.6,4,0.01,0.02,0.26,0.195767876774,0.00573887582855,0.0494075402458,0.0551464160743
0.6,4,0.01,0.02,0.265,0.19189141309,0.00562523847341,0.0493605362733,0.0549857747468
0.6,4,0.01,0.02,0.27,0.18809170853,0.00551385128867,0.049296021455,0.0548098727437
0.6,4,0.01,0.02,0.275,0.184367243161,0.00540466971797,0.0492147076967,0.0546193774147
0.6,4,0.01,0.02,0.28,0.180716527147,0.00529765008722,0.0491172855768,0.054414935664
0.6,4,0.01,0.02,0.285,0.177138100154,0.00519274958713,0.0490044249117,0.0541971744988
0.6,4,0.01,0.02,0.29,0.173630530763,0.00508992625612,0.0488767753071,0.0539667015632
0.6,4,0.01,0.02,0.295,0.1701924159,0.00498913896348,0.0487349666962,0.0537241056597
0.6,4,0.01,0.02,0.3,0.166822380272,0.00489034739294,0.0485796098637,0.0534699572566
0.6,4,0.01,0.02,0.305,0.16351907582,0.00479351202657,0.0484112969571,0.0532048089837
0.6,4,0.01,0.02,0.31,0.16028118118,0.00469859412893,0.0482306019857,0.0529291961146
0.6,4,0.01,0.02,0.315,0.157107401148,0.00460555573158,0.0480380813062,0.0526436370378
0.6,4,0.01,0.02,0.32,0.153996466172,0.00451435961794,0.0478342740973,0.0523486337153
0.6,4,0.01,0.02,0.325,0.150947131836,0.00442496930833,0.0476197028214,0.0520446721298
0.6,4,0.01,0.02,0.33,0.147958178365,0.00433734904545,0.0473948736754,0.0517322227209
0.6,4,0.01,0.02,0.335,0.145028410138,0.00425146378002,0.04716027703,0.05141174081
0.6,4,0.01,0.02,0.34,0.142156655209,0.00416727915679,0.0469163878578,0.0510836670146
0.6,4,0.01,0.02,0.345,0.139341764838,0.00408476150078,0.0466636661513,0.0507484276521
0.6,4,0.01,0.02,0.35,0.13658261303,0.00400387780384,0.0464025573293,0.0504064351331
0.6,4,0.01,0.02,0.355,0.133878096089,0.00392459571141,0.0461334926341,0.0500580883455
0.6,4,0.01,0.02,0.36,0.131227132171,0.00384688350958,0.0458568895182,0.0497037730278
0.6,4,0.01,0.02,0.365,0.128628660856,0.00377071011246,0.0455731520215,0.0493438621339
0.6,4,0.01,0.02,0.37,0.12608164272,0.00369604504966,0.0452826711382,0.0489787161879
0.6,4,0.01,0.02,0.375,0.123585058923,0.00362285845416,0.0449858251758,0.0486086836299
0.6,4,0.01,0.02,0.38,0.121137910797,0.00355112105034,0.0446829801037,0.048234101154
0.6,4,0.01,0.02,0.385,0.11873921945,0.0034808041423,0.0443744898935,0.0478552940358
0.6,4,0.01,0.02,0.39,0.116388025375,0.00341187960232,0.0440606968512,0.0474725764535
0.6,4,0.01,0.02,0.395,0.114083388061,0.00334431985968,0.0437419319395,0.0470862517992
0.6,4,0.01,0.02,0.4,0.111824385624,0.00327809788957,0.0434185150936,0.0466966129832
0.6,4,0.03,0.02,0,0.553869807832,0.0266760063547,0,0.0266760063547
0.6,4,0.03,0.02,0.005,0.542902450822,0.026147786038,0.00258377332392,0.028731559362
0.6,4,0.03,0.02,0.01,0.53215226203,0.0256300251844,0.00506522236846,0.0306952475529
0.6,4,0.03,0.02,0.015,0.521614941239,0.0251225166826,0.00744738636835,0.0325699030509
0.6,4,0.03,0.02,0.02,0.51128627338,0.0246250575224,0.00973322431715,0.0343582818395
0.6,4,0.03,0.02,0.025,0.501162126847,0.0241374487135,0.0119256169533,0.0360630656669
0.6,4,0.03,0.02,0.03,0.491238451847,0.023659495206,0.0140273686992,0.0376868639052
0.6,4,0.03,0.02,0.035,0.481511278777,0.0231910058121,0.0160412095538,0.0392322153658
0.6,4,0.03,0.02,0.04,0.47197671664,0.0227317931296,0.0179697969404,0.04070159007
0.6,4,0.03,0.02,0.045,0.462630951482,0.0222816734675,0.0198157175107,0.0420973909782
0.6,4,0.03,0.02,0.05,0.453470244873,0.0218404667719,0.0215814889051,0.043421955677
0.6,4,0.03,0.02,0.055,0.444490932409,0.0214079965543,0.023269561472,0.0446775580263
0.6,4,0.03,0.02,0.06,0.435689422244,0.0209840898206,0.0248823199454,0.045866409766
0.6,4,0.03,0.02,0.065,0.427062193658,0.0205685770027,0.0264220850826,0.0469906620853
0.6,4,0.03,0.02,0.07,0.418605795643,0.0201612918899,0.0278911152627,0.0480524071526
0.6,4,0.03,0.02,0.075,0.410316845527,0.0197620715626,0.0292916080474,0.04905367961
0.6,4,0.03,0.02,0.08,0.402192027621,0.0193707563275,0.0306257017035,0.049996458031
0.6,4,0.03,0.02,0.085,0.394228091889,0.0189871896531,0.0318954766901,0.0508826663432
0.6,4,0.03,0.02,0.09,0.38642185265,0.0186112181078,0.0331029571088,0.0517141752166
0.6,4,0.03,0.02,0.095,0.378770187304,0.0182426912979,0.0342501121206,0.0524928034185
0.6,4,0.03,0.02,0.1,0.371270035084,0.0178814618078,0.0353388573276,0.0532203191354
0.6,4,0.03,0.02,0.105,0.363918395828,0.0175273851408,0.0363710561221,0.0538984412629
0.6,4,0.03,0.02,0.11,0.356712328782,0.0171803196615,0.0373485210033,0.0545288406648
0.6,4,0.03,0.02,0.115,0.349648951424,0.0168401265392,0.0382730148618,0.055113141401
0.6,4,0.03,0.02,0.12,0.342725438309,0.016506669692,0.0391462522341,0.0556529219261
0.6,4,0.03,0.02,0.125,0.335939019939,0.0161798157328,0.0399699005258,0.0561497162586
0.6,4,0.03,0.02,0.13,0.329286981656,0.0158594339157,0.0407455812063,0.056605015122
0.6,4,0.03,0.02,0.135,0.322766662557,0.0155453960835,0.0414748709739,0.0570202670574
0.6,4,0.03,0.02,0.14,0.316375454426,0.0152375766171,0.0421593028932,0.0573968795103
0.6,4,0.03,0.02,0.145,0.310110800695,0.0149358523845,0.042800367505,0.0577362198895
0.6,4,0.03,0.02,0.15,0.303970195419,0.014640102692,0.0433995139091,0.0580396166011
0.6,4,0.03,0.02,0.155,0.297951182275,0.0143502092358,0.0439581508211,0.0583083600568
0.6,4,0.03,0.02,0.16,0.292051353576,0.0140660560546,0.0444776476034,0.058543703658
0.6,4,0.03,0.02,0.165,0.286268349313,0.0137875294834,0.0449593352718,0.0587468647552
0.6,4,0.03,0.02,0.17,0.280599856206,0.0135145181078,0.0454045074767,0.0589190255845
0.6,4,0.03,0.02,0.175,0.275043606783,0.0132469127196,0.0458144214611,0.0590613341807
0.6,4,0.03,0.02,0.18,0.26959737847,0.0129846062732,0.0461902989955,0.0591749052687
0.6,4,0.03,0.02,0.185,0.264258992704,0.0127274938424,0.0465333272893,0.0592608211317
0.6,4,0.03,0.02,0.19,0.259026314057,0.0124754725788,0.0468446598809,0.0593201324598
0.6,4,0.03,0.02,0.195,0.253897249391,0.0122284416706,0.0471254175054,0.059353859176
0.6,4,0.03,0.02,0.2,0.248869747009,0.0119863023022,0.0473766889414,0.0593629912435
0.6,4,0.03,0.02,0.205,0.243941795844,0.0117489576144,0.0475995318371,0.0593484894516
0.6,4,0.03,0.02,0.21,0.239111424651,0.0115163126664,0.0477949735167,0.0593112861831
0.6,4,0.03,0.02,0.215,0.234376701215,0.011288274397,0.0479640117659,0.0592522861629
0.6,4,0.03,0.02,0.22,0.229735731585,0.0110647515879,0.0481076155994,0.0591723671872
0.6,4,0.03,0.02,0.225,0.225186659311,0.0108456548269,0.0482267260089,0.0590723808358
0.6,4,0.03,0.02,0.23,0.220727664703,0.0106308964725,0.048322256693,0.0589531531655
0.6,4,0.03,0.02,0.235,0.216356964104,0.0104203906184,0.0483950947691,0.0588154853875
0.6,4,0.03,0.02,0.24,0.212072809175,0.0102140530595,0.0484461014678,0.0586601545273
0.6,4,0.03,0.02,0.245,0.207873486198,0.010011801258,0.0484761128103,0.0584879140683
0.6,4,0.03,0.02,0.25,0.203757315387,0.00981355431047,0.0484859402691,0.0582994945796
0.6,4,0.03,0.02,0.255,0.199722650219,0.00961923291555,0.0484763714123,0.0580956043279
0.6,4,0.03,0.02,0.26,0.195767876774,0.00942875934205,0.0484481705323,0.0578769298743
0.6,4,0.03,0.02,0.265,0.19189141309,0.009242057398,0.0484020792583,0.0576441366563
0.6,4,0.03,0.02,0.27,0.18809170853,0.00905905240015,0.0483388171549,0.0573978695551
0.6,4,0.03,0.02,0.275,0.184367243161,0.00887967114404,0.0482590823046,0.0571387534486
0.6,4,0.03,0.02,0.28,0.180716527147,0.00870384187479,0.0481635518763,0.0568673937511
0.6,4,0.03,0.02,0.285,0.177138100154,0.00853149425834,0.0480528826804,0.0565843769387
0.6,4,0.03,0.02,0.29,0.173630530763,0.00836255935335,0.0479277117089,0.0562902710623
0.6,4,0.03,0.02,0.295,0.1701924159,0.0081969695836,0.0477886566633,0.0559856262469
0.6,4,0.03,0.02,0.3,0.166822380272,0.00803465871098,0.0476363164683,0.0556709751793
0.6,4,0.03,0.02,0.305,0.16351907582,0.00787556180898,0.0474712717735,0.0553468335825
0.6,4,0.03,0.02,0.31,0.16028118118,0.00771961523671,0.0472940854423,0.055013700679
0.6,4,0.03,0.02,0.315,0.157107401148,0.00756675661346,0.0471053030284,0.0546720596419
0.6,4,0.03,0.02,0.32,0.153996466172,0.00741692479375,0.0469054532411,0.0543223780348
0.6,4,0.03,0.02,0.325,0.150947131836,0.00727005984285,0.0466950483977,0.0539651082406
0.6,4,0.03,0.02,0.33,0.147958178365,0.00712610301282,0.0464745848662,0.053600687879
0.6,4,0.03,0.02,0.335,0.145028410138,0.00698499671901,0.0462445434954,0.0532295402144
0.6,4,0.03,0.02,0.34,0.142156655209,0.00684668451703,0.0460053900354,0.0528520745524
0.6,4,0.03,0.02,0.345,0.139341764838,0.00671111108014,0.0457575755464,0.0524686866266
0.6,4,0.03,0.02,0.35,0.13658261303,0.00657822217717,0.0455015367986,0.0520797589758
0.6,4,0.03,0.02,0.355,0.133878096089,0.00644796465078,0.0452376966606,0.0516856613114
0.6,4,0.03,0.02,0.36,0.131227132171,0.00632028639622,0.044966464479,0.0512867508753
0.6,4,0.03,0.02,0.365,0.128628660856,0.00619513634049,0.0446882364482,0.0508833727887
0.6,4,0.03,0.02,0.37,0.12608164272,0.00607246442191,0.0444033959705,0.0504758603924
0.6,4,0.03,0.02,0.375,0.123585058923,0.00595222157006,0.0441123140073,0.0500645355774
0.6,4,0.03,0.02,0.38,0.121137910797,0.0058343596862,0.043815349422,0.0496497091082
0.6,4,0.03,0.02,0.385,0.11873921945,0.005718831624,0.0435128493131,0.0492316809371
0.6,4,0.03,0.02,0.39,0.116388025375,0.00560559117071,0.0432051493395,0.0488107405102
0.6,4,0.03,0.02,0.395,0.114083388061,0.00549459302863,0.0428925740378,0.0483871670664
0.6,4,0.03,0.02,0.4,0.111824385624,0.00538579279703,0.0425754371306,0.0479612299277
0.6,4,0.06,0.02,0,0.553869807832,0.0415965856418,0,0.0415965856418
0.6,4,0.06,0.02,0.005,0.542902450822,0.0407729180602,0.00251064766381,0.043283565724
0.6,4,0.06,0.02,0.01,0.53215226203,0.0399655601895,0.00492186701841,0.0448874272079
0.6,4,0.06,0.02,0.015,0.521614941239,0.0391741890757,0.00723661128245,0.0464108003581
0.6,4,0.06,0.02,0.02,0.51128627338,0.0383984881599,0.0094577557044,0.0478562438643
0.6,4,0.06,0.02,0.025,0.501162126847,0.0376381471513,0.0115880994924,0.0492262466437
0.6,4,0.06,0.02,0.03,0.491238451847,0.0368928619034,0.0136303676983,0.0505232296017
0.6,4,0.06,0.02,0.035,0.481511278777,0.0361623342922,0.015587213057,0.0517495473492
0.6,4,0.06,0.02,0.04,0.47197671664,0.0354462720969,0.0174612177817,0.0529074898786
0.6,4,0.06,0.02,0.045,0.462630951482,0.034744388883,0.019254895317,0.0539992842
0.6,4,0.06,0.02,0.05,0.453470244873,0.034056403888,0.0209706920493,0.0550270959373
0.6,4,0.06,0.02,0.055,0.444490932409,0.0333820419086,0.0226109889775,0.0559930308862
0.6,4,0.06,0.02,0.06,0.435689422244,0.0327210331911,0.0241781033432,0.0568991365343
0.6,4,0.06,0.02,0.065,0.427062193658,0.0320731133232,0.0256742902217,0.0577474035449
0.6,4,0.06,0.02,0.07,0.418605795643,0.0314380231282,0.027101744076,0.0585397672042
0.6,4,0.06,0.02,0.075,0.410316845527,0.0308155085616,0.0284626002724,0.0592781088341
0.6,4,0.06,0.02,0.08,0.402192027621,0.0302053206094,0.029758936561,0.0599642571703
0.6,4,0.06,0.02,0.085,0.394228091889,0.0296072151881,0.0309927745196,0.0605999897077
0.6,4,0.06,0.02,0.09,0.38642185265,0.0290209530477,0.0321660809642,0.0611870340119
0.6,4,0.06,0.02,0.095,0.378770187304,0.0284462996755,0.0332807693247,0.0617270690002
0.6,4,0.06,0.02,0.1,0.371270035084,0.0278830252024,0.0343387009881,0.0622217261905
0.6,4,0.06,0.02,0.105,0.363918395828,0.0273309043111,0.0353416866092,0.0626725909204
0.6,4,0.06,0.02,0.11,0.356712328782,0.026789716146,0.03629148739,0.063081203536
0.6,4,0.06,0.02,0.115,0.349648951424,0.0262592442246,0.037189816328,0.0634490605526
0.6,4,0.06,0.02,0.12,0.342725438309,0.025739276351,0.038038339435,0.063777615786
0.6,4,0.06,0.02,0.125,0.335939019939,0.0252296045311,0.038838676926,0.0640682814572
0.6,4,0.06,0.02,0.13,0.329286981656,0.0247300248895,0.0395924043797,0.0643224292692
0.6,4,0.06,0.02,0.135,0.322766662557,0.0242403375875,0.0403010538709,0.0645413914584
0.6,4,0.06,0.02,0.14,0.316375454426,0.0237603467438,0.0409661150755,0.0647264618193
0.6,4,0.06,0.02,0.145,0.310110800695,0.0232898603556,0.0415890363492,0.0648788967048
0.6,4,0.06,0.02,0.15,0.303970195419,0.022828690222,0.0421712257796,0.0649999160016
0.6,4,0.06,0.02,0.155,0.297951182275,0.022376651869,0.0427140522129,0.0650907040819
0.6,4,0.06,0.02,0.16,0.292051353576,0.021933564475,0.0432188462562,0.0651524107312
0.6,4,0.06,0.02,0.165,0.286268349313,0.0214992507993,0.0436869012547,0.065186152054
0.6,4,0.06,0.02,0.17,0.280599856206,0.0210735371105,0.0441194742462,0.0651930113568
0.6,4,0.06,0.02,0.175,0.275043606783,0.0206562531176,0.0445177868915,0.0651740400091
0.6,4,0.06,0.02,0.18,0.26959737847,0.0202472319014,0.0448830263824,0.0651302582838
0.6,4,0.06,0.02,0.185,0.264258992704,0.0198463098479,0.0452163463283,0.0650626561762
0.6,4,0.06,0.02,0.19,0.259026314057,0.0194533265829,0.0455188676202,0.0649721942031
0.6,4,0.06,0.02,0.195,0.253897249391,0.019068124908,0.0457916792741,0.0648598041821
0.6,4,0.06,0.02,0.2,0.248869747009,0.0186905507373,0.0460358392543,0.0647263899916
0.6,4,0.06,0.02,0.205,0.243941795844,0.018320453036,0.0462523752757,0.0645728283117
0.6,4,0.06,0.02,0.21,0.239111424651,0.0179576837603,0.046442285587,0.0643999693473
0.6,4,0.06,0.02,0.215,0.234376701215,0.0176020977975,0.0466065397348,0.0642086375323
0.6,4,0.06,0.02,0.22,0.229735731585,0.0172535529085,0.0467460793088,0.0639996322174
0.6,4,0.06,0.02,0.225,0.225186659311,0.0169119096708,0.046861818669,0.0637737283398
0.6,4,0.06,0.02,0.23,0.220727664703,0.0165770314224,0.0469546456545,0.0635316770769
0.6,4,0.06,0.02,0.235,0.216356964104,0.0162487842076,0.0470254222756,0.0632742064832
0.6,4,0.06,0.02,0.24,0.212072809175,0.0159270367231,0.0470749853885,0.0630020221116
0.6,4,0.06,0.02,0.245,0.207873486198,0.0156116602657,0.0471041473534,0.0627158076191
0.6,4,0.06,0.02,0.25,0.203757315387,0.0153025286806,0.0471136966766,0.0624162253572
0.6,4,0.06,0.02,0.255,0.199722650219,0.0149995183109,0.0471043986365,0.0621039169474
0.6,4,0.06,0.02,0.26,0.195767876774,0.0147025079486,0.0470769958946,0.0617795038432
0.6,4,0.06,0.02,0.265,0.19189141309,0.0144113787855,0.0470322090906,0.0614435878761
0.6,4,0.06,0.02,0.27,0.18809170853,0.0141260143661,0.0469707374241,0.0610967517902
0.6,4,0.06,0.02,0.275,0.184367243161,0.0138463005407,0.0468932592205,0.0607395597612
0.6,4,0.06,0.02,0.28,0.180716527147,0.0135721254202,0.0468004324836,0.0603725579038
0.6,4,0.06,0.02,0.285,0.177138100154,0.0133033793309,0.0466928954347,0.0599962747656
0.6,4,0.06,0.02,0.29,0.173630530763,0.0130399547706,0.0465712670379,0.0596112218085
0.6,4,0.06,0.02,0.295,0.1701924159,0.0127817463661,0.0464361475124,0.0592178938786
0.6,4,0.06,0.02,0.3,0.166822380272,0.0125286508306,0.0462881188324,0.058816769663
0.6,4,0.06,0.02,0.305,0.16351907582,0.0122805669225,0.0461277452139,0.0584083121364
0.6,4,0.06,0.02,0.31,0.16028118118,0.0120373954049,0.0459555735901,0.057992968995
0.6,4,0.06,0.02,0.315,0.157107401148,0.011799039006,0.0457721340748,0.0575711730808
0.6,4,0.06,0.02,0.32,0.153996466172,0.0115654023799,0.0455779404135,0.0571433427934
0.6,4,0.06,0.02,0.325,0.150947131836,0.0113363920691,0.0453734904242,0.0567098824933
0.6,4,0.06,0.02,0.33,0.147958178365,0.0111119164662,0.0451592664266,0.0562711828928
0.6,4,0.06,0.02,0.335,0.145028410138,0.010891885778,0.0449357356607,0.0558276214387
0.6,4,0.06,0.02,0.34,0.142156655209,0.0106762119894,0.0447033506947,0.0553795626842
0.6,4,0.06,0.02,0.345,0.139341764838,0.010464808828,0.0444625498234,0.0549273586514
0.6,4,0.06,0.02,0.35,0.13658261303,0.0102575917296,0.0442137574552,0.0544713491849
0.6,4,0.06,0.02,0.355,0.133878096089,0.0100544778047,0.043957384491,0.0540118622956
0.6,4,0.06,0.02,0.36,0.131227132171,0.00985538580495,0.0436938286919,0.0535492144968
0.6,4,0.06,0.02,0.365,0.128628660856,0.00966023609094,0.0434234750393,0.0530837111303
0.6,4,0.06,0.02,0.37,0.12608164272,0.00946895060017,0.0431466960845,0.0526156466847
0.6,4,0.06,0.02,0.375,0.123585058923,0.00928145281589,0.0428638522901,0.052145305106
0.6,4,0.06,0.02,0.38,0.121137910797,0.0090976677365,0.0425752923629,0.0516729600994
0.6,4,0.06,0.02,0.385,0.11873921945,0.0089175218455,0.0422813535778,0.0511988754233
0.6,4,0.06,0.02,0.39,0.116388025375,0.00874094308214,0.041982362094,0.0507233051762
0.6,4,0.06,0.02,0.395,0.114083388061,0.00856786081257,0.0416786332631,0.0502464940757
0.6,4,0.06,0.02,0.4,0.111824385624,0.00839820580155,0.0413704719288,0.0497686777304
0.6,10,0.01,0.02,0,0.491238451847,0.0144005059656,0,0.0144005059656
0.6,10,0.01,0.02,0.005,0.467280469843,0.0136981850022,0.0022679114242,0.0159660964264
0.6,10,0.01,0.02,0.01,0.444490932409,0.0130301166363,0.00431460815773,0.0173447247941
0.6,10,0.01,0.02,0.015,0.422812853831,0.0123946303492,0.00615627335223,0.0185509037014
0.6,10,0.01,0.02,0.02,0.402192027621,0.0117901370939,0.00780803781055,0.0195981749045
0.6,10,0.01,0.02,0.025,0.382576890973,0.0112151253226,0.00928404414126,0.0204991694639
0.6,10,0.01,0.02,0.03,0.363918395828,0.0106681572064,0.0105975071586,0.021265664365
0.6,10,0.01,0.02,0.035,0.346169886228,0.0101478650399,0.0117607707416,0.0219086357815
0.6,10,0.01,0.02,0.04,0.329286981656,0.00965294782181,0.0127853613534,0.0224383091752
0.6,10,0.01,0.02,0.045,0.313227466057,0.00918216800127,0.0136820384125,0.0228642064138
0.6,10,0.01,0.02,0.05,0.297951182275,0.00873434838352,0.0144608416946,0.0231951900781
0.6,10,0.01,0.02,0.055,0.283419931645,0.00830836918624,0.0151311359352,0.0234395051215
0.6,10,0.01,0.02,0.06,0.26959737847,0.00790316523957,0.0157016527938,0.0236048180334
0.6,10,0.01,0.02,0.065,0.256448959169,0.00751772332257,0.01618053033,0.0236982536526
0.6,10,0.01,0.02,0.07,0.243941795844,0.00715107962968,0.016575350135,0.0237264297647
0.6,10,0.01,0.02,0.075,0.232044614073,0.0068023173607,0.0168931722534,0.0236954896141
0.6,10,0.01,0.02,0.08,0.220727664703,0.00647056442829,0.017140568022,0.0236111324503
0.6,10,0.01,0.02,0.085,0.209962649467,0.00615499127732,0.0173236509461,0.0234786422234
0.6,10,0.01,0.02,0.09,0.199722650219,0.00585480881053,0.0174481057267,0.0233029145373
0.6,10,0.01,0.02,0.095,0.189982061627,0.0055692664154,0.0175192155451,0.0230884819605
0.6,10,0.01,0.02,0.1,0.180716527147,0.00529765008722,0.017541887706,0.0228395377932
0.6,10,0.01,0.02,0.105,0.171902878116,0.00503928064367,0.0175206777346,0.0225599583783
0.6,10,0.01,0.02,0.11,0.16351907582,0.00479351202657,0.0174598120173,0.0222533240439
0.6,10,0.01,0.02,0.115,0.155544156388,0.00455972968638,0.0173632090706,0.021922938757
0.6,10,0.01,0.02,0.12,0.147958178365,0.00433734904545,0.0172344995183,0.0215718485638
0.6,10,0.01,0.02,0.125,0.140742172856,0.00412581403636,0.0170770448525,0.0212028588889
0.6,10,0.01,0.02,0.13,0.133878096089,0.00392459571141,0.0168939550491,0.0208185507605
0.6,10,0.01,0.02,0.135,0.127348784296,0.00373319091996,0.0166881051058,0.0204212960257
0.6,10,0.01,0.02,0.14,0.121137910797,0.00355112105034,0.0164621505645,0.0200132716148
0.6,10,0.01,0.02,0.145,0.115229945172,0.00337793083305,0.0162185420792,0.0195964729123
0.6,10,0.01,0.02,0.15,0.109610114432,0.00321318720233,0.0159595390844,0.0191727262867
0.6,10,0.01,0.02,0.155,0.10426436607,0.00305647821328,0.0156872226178,0.0187437008311
0.6,10,0.01,0.02,0.16,0.099179332933,0.00290741201182,0.0154035073474,0.0183109193592
0.6,10,0.01,0.02,0.165,0.0943422997882,0.00276561585479,0.015110152849,0.0178757687038
0.6,10,0.01,0.02,0.17,0.0897411715336,0.00263073517794,0.0148087741805,0.0174395093584
0.6,10,0.01,0.02,0.175,0.0853644429519,0.00250243270933,0.0145008517925,0.0170032845018
0.6,10,0.01,0.02,0.18,0.081201169942,0.00238038762594,0.0141877408169,0.0165681284428
0.6,10,0.01,0.02,0.185,0.0772409421527,0.00226429475152,0.0138706797692,0.0161349745207
0.6,10,0.01,0.02,0.19,0.0734738569518,0.00215386379338,0.0135507987001,0.0157046624935
0.6,10,0.01,0.02,0.195,0.0698904946641,0.00204881861663,0.0132291268293,0.0152779454459
0.6,10,0.01,0.02,0.2,0.0664818950174,0.00194889655361,0.0129065996928,0.0148554962464
0.6,10,0.01,0.02,0.205,0.0632395347371,0.0018538477471,0.012584065833,0.0144379135801
0.6,10,0.01,0.02,0.21,0.0601553062337,0.00176343452558,0.0122622930587,0.0140257275843
0.6,10,0.01,0.02,0.215,0.0572214973293,0.00167743080892,0.0119419743019,0.0136194051108
0.6,10,0.01,0.02,0.22,0.0544307719736,0.00159562154301,0.0116237330947,0.0132193546377
0.6,10,0.01,0.02,0.225,0.0517761518996,0.00151780216207,0.0113081286909,0.012825930853
0.6,10,0.01,0.02,0.23,0.0492509991743,0.00144377807714,0.0109956608524,0.0124394389295
0.6,10,0.01,0.02,0.235,0.0468489996007,0.00137336418942,0.0106867743216,0.0120601385111
0.6,10,0.01,0.02,0.24,0.0445641469286,0.00130638442753,0.0103818630003,0.0116882474278
0.6,10,0.01,0.02,0.245,0.0423907278363,0.00124267130718,0.0100812738496,0.0113239451568
0.6,10,0.01,0.02,0.25,0.0403233076438,0.00118206551237,0.00978531053287,0.0109673760452
0.6,10,0.01,0.02,0.255,0.038356716724,0.00112441549705,0.00949423681288,0.0106186523099
0.6,10,0.01,0.02,0.26,0.0364860375751,0.00106957710616,0.00920827972193,0.0102778568281
0.6,10,0.01,0.02,0.265,0.0347065925249,0.00101741321515,0.00892763251708,0.00994504573224
0.6,10,0.01,0.02,0.27,0.0330139320338,0.000967793387131,0.00865245743461,0.00962025082174
0.6,10,0.01,0.02,0.275,0.0314038235691,0.000920593546676,0.00838288825616,0.00930348180283
0.6,10,0.01,0.02,0.28,0.0298722410207,0.000875695669604,0.00811903269831,0.00899472836792
0.6,10,0.01,0.02,0.285,0.0284153546347,0.000832987487835,0.00786097463685,0.00869396212469
0.6,10,0.01,0.02,0.29,0.0270295214361,0.000792362208669,0.00760877617596,0.00840113838463
0.6,10,0.01,0.02,0.295,0.0257112761202,0.000753718247749,0.00736247957238,0.00811619782013
0.6,10,0.01,0.02,0.3,0.024457322387,0.000716958975042,0.00712210902359,0.00783906799864
0.6,10,0.01,0.02,0.305,0.023264524699,0.00068199247322,0.00688767232887,0.00756966480209
0.6,10,0.01,0.02,0.31,0.0221299004407,0.000648731307814,0.00665916243121,0.00730789373902
0.6,10,0.01,0.02,0.315,0.0210506124605,0.000617092308588,0.00643655884785,0.00705365115644
0.6,10,0.01,0.02,0.32,0.0200239619762,0.000586996361562,0.00621982899668,0.00680682535824
0.6,10,0.01,0.02,0.325,0.0190473818268,0.000558368211193,0.00600892942509,0.00656729763628
0.6,10,0.01,0.02,0.33,0.0181184300534,0.000531136272192,0.0058038069478,0.00633494321999
0.6,10,0.01,0.02,0.335,0.0172347837925,0.000505232450529,0.00560439969957,0.0061096321501
0.6,10,0.01,0.02,0.34,0.0163942334684,0.000480591973156,0.00541063810837,0.00589123008153
0.6,10,0.01,0.02,0.345,0.0155946772673,0.000457153226045,0.00522244579422,0.00567959902026
0.6,10,0.01,0.02,0.35,0.0148341158822,0.000434857600119,0.00503974039873,0.00547459799885
0.6,10,0.01,0.02,0.355,0.0141106475136,0.000413649344701,0.00486243434996,0.00527608369466
0.6,10,0.01,0.02,0.36,0.0134224631137,0.000393475428105,0.00469043556681,0.00508391099492
0.6,10,0.01,0.02,0.365,0.012767841863,0.000374285405031,0.00452364810717,0.0048979335122
0.6,10,0.01,0.02,0.37,0.0121451468675,0.000356031290427,0.00436197276351,0.00471800405394
0.6,10,0.01,0.02,0.375,0.0115528210652,0.000338667439497,0.00420530760965,0.00454397504915
0.6,10,0.01,0.02,0.38,0.0109893833332,0.00032215043357,0.00405354850187,0.00437569893544
0.6,10,0.01,0.02,0.385,0.0104534247837,0.000306438971527,0.00390658953768,0.00421302850921
0.6,10,0.01,0.02,0.39,0.00994360524106,0.000291493766531,0.00376432347507,0.0040558172416
0.6,10,0.01,0.02,0.395,0.00945864989091,0.000277277447783,0.00362664211504,0.00390391956282
0.6,10,0.01,0.02,0.4,0.00899734609229,0.000263754467081,0.00349343665008,0.00375719111716
0.6,10,0.03,0.02,0,0.491238451847,0.023659495206,0,0.023659495206
0.6,10,0.03,0.02,0.005,0.467280469843,0.0225056080088,0.00222387430917,0.024729482318
0.6,10,0.03,0.02,0.01,0.444490932409,0.0214079965543,0.00423082935855,0.0256388259128
0.6,10,0.03,0.02,0.015,0.422812853831,0.020363916242,0.00603673406384,0.0264006503059
0.6,10,0.03,0.02,0.02,0.402192027621,0.0193707563275,0.00765642542588,0.0270271817534
0.6,10,0.03,0.02,0.025,0.382576890973,0.0184260333935,0.00910377143949,0.027529804833
0.6,10,0.03,0.02,0.03,0.363918395828,0.0175273851408,0.0103917303206,0.0279191154614
0.6,10,0.03,0.02,0.035,0.346169886228,0.0166725644804,0.0115324062612,0.0282049707416
0.6,10,0.03,0.02,0.04,0.329286981656,0.0158594339157,0.0125371019096,0.0283965358253
0.6,10,0.03,0.02,0.045,0.313227466057,0.0150859601965,0.0134163677637,0.0285023279602
0.6,10,0.03,0.02,0.05,0.297951182275,0.0143502092358,0.014180048652,0.0285302578877
0.6,10,0.03,0.02,0.055,0.283419931645,0.0136503412728,0.0148373274704,0.0284876687433
0.6,10,0.03,0.02,0.06,0.26959737847,0.0129846062732,0.0153967663318,0.028381372605
0.6,10,0.03,0.02,0.065,0.256448959169,0.0123513395526,0.0158663452751,0.0282176848277
0.6,10,0.03,0.02,0.07,0.243941795844,0.0117489576144,0.0162534986761,0.0280024562905
0.6,10,0.03,0.02,0.075,0.232044614073,0.0111759541901,0.0165651494912,0.0277411036813
0.6,10,0.03,0.02,0.08,0.220727664703,0.0106308964725,0.0168077414584,0.0274386379309
0.6,10,0.03,0.02,0.085,0.209962649467,0.0101124215334,0.0169872693743,0.0270996909078
0.6,10,0.03,0.02,0.09,0.199722650219,0.00961923291555,0.0171093075573,0.0267285404728
0.6,10,0.03,0.02,0.095,0.189982061627,0.00915009739039,0.0171790366025,0.0263291339929
0.6,10,0.03,0.02,0.1,0.180716527147,0.00870384187479,0.0172012685273,0.025905110402
0.6,10,0.03,0.02,0.105,0.171902878116,0.0082793504975,0.0171804704,0.0254598208975
0.6,10,0.03,0.02,0.11,0.16351907582,0.00787556180898,0.0171207865413,0.0249963483502
0.6,10,0.03,0.02,0.115,0.155544156388,0.00749146612717,0.0170260593799,0.0245175255071
0.6,10,0.03,0.02,0.12,0.147958178365,0.00712610301282,0.0168998490423,0.0240259520551
0.6,10,0.03,0.02,0.125,0.140742172856,0.00677855886782,0.0167454517486,0.0235240106164
0.6,10,0.03,0.02,0.13,0.133878096089,0.00644796465078,0.016565917087,0.0230138817378
0.6,10,0.03,0.02,0.135,0.127348784296,0.00613349370396,0.0163640642299,0.0224975579339
0.6,10,0.03,0.02,0.14,0.121137910797,0.0058343596862,0.0161424971555,0.0219768568417
0.6,10,0.03,0.02,0.145,0.115229945172,0.00554981460663,0.015903618932,0.0214534335387
0.6,10,0.03,0.02,0.15,0.109610114432,0.00527914695435,0.0156496451216,0.0209287920759
0.6,10,0.03,0.02,0.155,0.10426436607,0.00502167991924,0.0153826163534,0.0204042962727
0.6,10,0.03,0.02,0.16,0.099179332933,0.00477676969961,0.0151044101173,0.0198811798169
0.6,10,0.03,0.02,0.165,0.0943422997882,0.00454380389233,0.0148167518228,0.0193605557151
0.6,10,0.03,0.02,0.17,0.0897411715336,0.00432219996155,0.0145212251672,0.0188434251288
0.6,10,0.03,0.02,0.175,0.0853644429519,0.004111403782,0.0142192818547,0.0183306856367
0.6,10,0.03,0.02,0.18,0.081201169942,0.00391088825344,0.0139122507039,0.0178231389574
0.6,10,0.03,0.02,0.185,0.0772409421527,0.00372015198261,0.0136013461815,0.0173214981641
0.6,10,0.03,0.02,0.19,0.0734738569518,0.00353871802947,0.0132876763952,0.0168263944247
0.6,10,0.03,0.02,0.195,0.0698904946641,0.00336613271464,0.0129722505801,0.0163383832948
0.6,10,0.03,0.02,0.2,0.0664818950174,0.00320196448494,0.0126559861065,0.0158579505914
0.6,10,0.03,0.02,0.205,0.0632395347371,0.00304580283428,0.0123397150401,0.0153855178744
0.6,10,0.03,0.02,0.21,0.0601553062337,0.0028972572772,0.0120241902809,0.0149214475581
0.6,10,0.03,0.02,0.215,0.0572214973293,0.00275595637242,0.0117100913057,0.0144660476782
0.6,10,0.03,0.02,0.22,0.0544307719736,0.00262154679409,0.0113980295395,0.0140195763336
0.6,10,0.03,0.02,0.225,0.0517761518996,0.00249369244824,0.0110885533766,0.0135822458248
0.6,10,0.03,0.02,0.23,0.0492509991743,0.00237207363242,0.0107821528746,0.0131542265071
0.6,10,0.03,0.02,0.235,0.0468489996007,0.00225638623624,0.0104792641406,0.0127356503769
0.6,10,0.03,0.02,0.24,0.0445641469286,0.00214634098095,0.0101802734274,0.0123266144084
0.6,10,0.03,0.02,0.245,0.0423907278363,0.00204166269609,0.00988552095934,0.0119271836554
0.6,10,0.03,0.02,0.25,0.0403233076438,0.00194208963143,0.00959530450311,0.0115373941345
0.6,10,0.03,0.02,0.255,0.038356716724,0.00184737280243,0.00930988270001,0.0111572555024
0.6,10,0.03,0.02,0.26,0.0364860375751,0.0017572753677,0.00902947817393,0.0107867535416
0.6,10,0.03,0.02,0.265,0.0347065925249,0.0016715720367,0.00875428042937,0.0104258524661
0.6,10,0.03,0.02,0.27,0.0330139320338,0.00159004850648,0.00848444855239,0.0100744970589
0.6,10,0.03,0.02,0.275,0.0314038235691,0.00151250092575,0.00822011372691,0.00973261465266
0.6,10,0.03,0.02,0.28,0.0298722410207,0.00143873538516,0.00796138157796,0.00940011696312
0.6,10,0.03,0.02,0.285,0.0284153546347,0.00136856743243,0.00770833435264,0.00907690178508
0.6,10,0.03,0.02,0.29,0.0270295214361,0.00130182161114,0.00746103294925,0.00876285456039
0.6,10,0.03,0.02,0.295,0.0257112761202,0.00123833102197,0.00721951880398,0.00845784982596
0.6,10,0.03,0.02,0.3,0.024457322387,0.00117793690537,0.00698381564449,0.00816175254987
0.6,10,0.03,0.02,0.305,0.023264524699,0.00112048824459,0.0067539311186,0.0078744193632
0.6,10,0.03,0.02,0.31,0.0221299004407,0.00106584138807,0.00652985830633,0.0075956996944
0.6,10,0.03,0.02,0.315,0.0210506124605,0.00101385969018,0.00631157712265,0.00732543681283
0.6,10,0.03,0.02,0.32,0.0200239619762,0.000964413169613,0.00609905561811,0.00706346878772
0.6,10,0.03,0.02,0.325,0.0190473818268,0.000917378184312,0.00589225118382,0.00680962936813
0.6,10,0.03,0.02,0.33,0.0181184300534,0.000872637122313,0.00569111166726,0.00656374878957
0.6,10,0.03,0.02,0.335,0.0172347837925,0.000830078107655,0.00549557640444,0.00632565451209
0.6,10,0.03,0.02,0.34,0.0163942334684,0.000789594720636,0.00530557717423,0.00609517189487
0.6,10,0.03,0.02,0.345,0.0155946772673,0.000751085731699,0.00512103907977,0.00587212481147
0.6,10,0.03,0.02,0.35,0.0148341158822,0.000714454848315,0.00494188136186,0.00565633621018
0.6,10,0.03,0.02,0.355,0.0141106475136,0.000679610474194,0.00476801814899,0.00544762862319
0.6,10,0.03,0.02,0.36,0.0134224631137,0.000646465480252,0.00459935914804,0.00524582462829
0.6,10,0.03,0.02,0.365,0.012767841863,0.00061493698674,0.00443581027984,0.00505074726658
0.6,10,0.03,0.02,0.37,0.0121451468675,0.000584946156001,0.00427727426325,0.00486222041925
0.6,10,0.03,0.02,0.375,0.0115528210652,0.000556417995337,0.00412365115121,0.00468006914655
0.6,10,0.03,0.02,0.38,0.0109893833332,0.000529281169486,0.00397483882223,0.00450411999171
0.6,10,0.03,0.02,0.385,0.0104534247837,0.000503467822249,0.00383073343016,0.00433420125241
0.6,10,0.03,0.02,0.39,0.00994360524106,0.000478913406813,0.00369122981536,0.00417014322217
0.6,10,0.03,0.02,0.395,0.00945864989091,0.000455556524348,0.00355622187979,0.00401177840414
0.6,10,0.03,0.02,0.4,0.00899734609229,0.000433338770483,0.00342560292872,0.0038589416992
0.6,10,0.06,0.02,0,0.491238451847,0.0368928619034,0,0.0368928619034
0.6,10,0.06,0.02,0.005,0.467280469843,0.0350935757966,0.00216093447023,0.0372545102668
0.6,10,0.06,0.02,0.01,0.444490932409,0.0333820419086,0.004111088905,0.0374931308136
0.6,10,0.06,0.02,0.015,0.422812853831,0.0317539805134,0.00586588309977,0.0376198636132
0.6,10,0.06,0.02,0.02,0.402192027621,0.0302053206094,0.00743973414024,0.0376450547496
0.6,10,0.06,0.02,0.025,0.382576890973,0.0287321897401,0.00884611753082,0.0375783072709
0.6,10,0.06,0.02,0.03,0.363918395828,0.0273309043111,0.0100976247455,0.0374285290566
0.6,10,0.06,0.02,0.035,0.346169886228,0.025997960379,0.0112060174047,0.0372039777837
0.6,10,0.06,0.02,0.04,0.329286981656,0.0247300248895,0.0121822782707,0.0369123031602
0.6,10,0.06,0.02,0.045,0.313227466057,0.0235239273435,0.0130366592421,0.0365605865856
0.6,10,0.06,0.02,0.05,0.297951182275,0.022376651869,0.0137787265203,0.0361553783893
0.6,10,0.06,0.02,0.055,0.283419931645,0.0212853296796,0.0144174031081,0.0357027327876
0.6,10,0.06,0.02,0.06,0.26959737847,0.0202472319014,0.0149610087941,0.0352082406955
0.6,10,0.06,0.02,0.065,0.256448959169,0.0192597627493,0.0154172977673,0.0346770605166
0.6,10,0.06,0.02,0.07,0.243941795844,0.018320453036,0.0157934939966,0.0341139470326
0.6,10,0.06,0.02,0.075,0.232044614073,0.0174269539981,0.0160963245056,0.0335232785037
0.6,10,0.06,0.02,0.08,0.220727664703,0.0165770314224,0.0163320506624,0.0329090820848
0.6,10,0.06,0.02,0.085,0.209962649467,0.0157685600598,0.0165064975996,0.0322750576594
0.6,10,0.06,0.02,0.09,0.199722650219,0.0149995183109,0.0166250818717,0.0316246001826
0.6,10,0.06,0.02,0.095,0.189982061627,0.0142679831707,0.0166928374534,0.0309608206241
0.6,10,0.06,0.02,0.1,0.180716527147,0.0135721254202,0.0167144401727,0.0302865655929
0.6,10,0.06,0.02,0.105,0.171902878116,0.0129102050527,0.0166942306717,0.0296044357244
0.6,10,0.06,0.02,0.11,0.16351907582,0.0122805669225,0.0166362359788,0.0289168029013
0.6,10,0.06,0.02,0.115,0.155544156388,0.0116816366062,0.0165441897748,0.0282258263811
0.6,10,0.06,0.02,0.12,0.147958178365,0.0111119164662,0.0164215514279,0.027533467894
0.6,10,0.06,0.02,0.125,0.140742172856,0.0105699819052,0.0162715238689,0.0268415057741
0.6,10,0.06,0.02,0.13,0.133878096089,0.0100544778047,0.016097070377,0.0261515481817
0.6,10,0.06,0.02,0.135,0.127348784296,0.00956411513581,0.0159009303366,0.0254650454724
0.6,10,0.06,0.02,0.14,0.121137910797,0.0090976677365,0.0156856340284,0.0247833017649
0.6,10,0.06,0.02,0.145,0.115229945172,0.00865396924529,0.0154535165094,0.0241074857547
0.6,10,0.06,0.02,0.15,0.109610114432,0.00823191018484,0.015206730637,0.0234386408219
0.6,10,0.06,0.02,0.155,0.10426436607,0.00783043518767,0.0149472592868,0.0227776944745
0.6,10,0.06,0.02,0.16,0.099179332933,0.00744854035715,0.0146769268121,0.0221254671693
0.6,10,0.06,0.02,0.165,0.0943422997882,0.00708527075731,0.0143974097901,0.0214826805474
0.6,10,0.06,0.02,0.17,0.0897411715336,0.0067397180249,0.0141102470965,0.0208499651214
0.6,10,0.06,0.02,0.175,0.0853644429519,0.00641101809813,0.0138168493494,0.0202278674475
0.6,10,0.06,0.02,0.18,0.081201169942,0.00609834905595,0.0135185077595,0.0196168568154
0.6,10,0.06,0.02,0.185,0.0772409421527,0.00580092906289,0.0132164024216,0.0190173314845
0.6,10,0.06,0.02,0.19,0.0734738569518,0.00551801441406,0.0129116100822,0.0184296244962
0.6,10,0.06,0.02,0.195,0.0698904946641,0.00524889767548,0.0126051114128,0.0178540090883
0.6,10,0.06,0.02,0.2,0.0664818950174,0.00499290591511,0.0122977978205,0.0172907037356
0.6,10,0.06,0.02,0.205,0.0632395347371,0.00474939902021,0.011990477822,0.0167398768422
0.6,10,0.06,0.02,0.21,0.0601553062337,0.00451776809672,0.0116838830088,0.0162016511055
0.6,10,0.06,0.02,0.215,0.0572214973293,0.00429743394667,0.0113786736273,0.0156761075739
0.6,10,0.06,0.02,0.22,0.0544307719736,0.00408784561992,0.0110754437978,0.0151632894177
0.6,10,0.06,0.02,0.225,0.0517761518996,0.00388847903649,0.0107747263942,0.0146632054307
0.6,10,0.06,0.02,0.23,0.0492509991743,0.00369883567606,0.0104769976046,0.0141758332807
0.6,10,0.06,0.02,0.235,0.0468489996007,0.00351844133146,0.0101826811933,0.0137011225247
0.6,10,0.06,0.02,0.24,0.0445641469286,0.00334684492287,0.00989215248138,0.0132389974042
0.6,10,0.06,0.02,0.245,0.0423907278363,0.00318361736987,0.00960574206426,0.0127893594341
0.6,10,0.06,0.02,0.25,0.0403233076438,0.00302835051857,0.00932373928132,0.0123520897999
0.6,10,0.06,0.02,0.255,0.038356716724,0.00288065612097,0.00904639545378,0.0119270515747
0.6,10,0.06,0.02,0.26,0.0364860375751,0.00274016486413,0.00877392690486,0.011514091769
0.6,10,0.06,0.02,0.265,0.0347065925249,0.00260652544675,0.00850651777571,0.0111130432225
0.6,10,0.06,0.02,0.27,0.0330139320338,0.00247940370065,0.00824432264996,0.0107237263506
0.6,10,0.06,0.02,0.275,0.0314038235691,0.00235848175528,0.00798746899879,0.0103459507541
0.6,10,0.06,0.02,0.28,0.0298722410207,0.00224345724277,0.00773605945783,0.0099795167006
0.6,10,0.06,0.02,0.285,0.0284153546347,0.00213404254193,0.00749017394643,0.00962421648837
0.6,10,0.06,0.02,0.29,0.0270295214361,0.00202996405902,0.00724987163936,0.00927983569838
0.6,10,0.06,0.02,0.295,0.0257112761202,0.00193096154362,0.0070151928001,0.00894615434372
0.6,10,0.06,0.02,0.3,0.024457322387,0.00183678743787,0.00678616048474,0.00862294792262
0.6,10,0.06,0.02,0.305,0.023264524699,0.00174720625746,0.00656278212468,0.00830998838214
0.6,10,0.06,0.02,0.31,0.0221299004407,0.00166199400276,0.00634505099577,0.00800704499854
0.6,10,0.06,0.02,0.315,0.0210506124605,0.00158093759877,0.00613294758145,0.00771388518022
0.6,10,0.06,0.02,0.32,0.0200239619762,0.00150383436225,0.00592644083646,0.00743027519871
0.6,10,0.06,0.02,0.325,0.0190473818268,0.00143049149495,0.00572548935786,0.00715598085281
0.6,10,0.06,0.02,0.33,0.0181184300534,0.00136072560149,0.00553004246913,0.00689076807062
0.6,10,0.06,0.02,0.335,0.0172347837925,0.00129436223081,0.00534004122318,0.00663440345399
0.6,10,0.06,0.02,0.34,0.0163942334684,0.00123123543991,0.00515541932968,0.00638665476959
0.6,10,0.06,0.02,0.345,0.0155946772673,0.00117118737893,0.00497610401147,0.0061472913904
0.6,10,0.06,0.02,0.35,0.0148341158822,0.00111406789644,0.00480201679502,0.00591608469146
0.6,10,0.06,0.02,0.355,0.0141106475136,0.00105973416399,0.00463307423911,0.0056928084031
0.6,10,0.06,0.02,0.36,0.0134224631137,0.00100805031893,0.00446918860612,0.00547723892505
0.6,10,0.06,0.02,0.365,0.012767841863,0.000958887124748,0.00431026847947,0.00526915560422
0.6,10,0.06,0.02,0.37,0.0121451468675,0.000912121647835,0.00415621933127,0.0050683409791
0.6,10,0.06,0.02,0.375,0.0115528210652,0.000867636950145,0.00400694404316,0.0048745809933
0.6,10,0.06,0.02,0.38,0.0109893833332,0.000825321796762,0.00386234338386,0.00468766518062
0.6,10,0.06,0.02,0.385,0.0104534247837,0.000785070377762,0.00372231644628,0.00450738682405
0.6,10,0.06,0.02,0.39,0.00994360524106,0.000746782043631,0.003586761047,0.00433354309063
0.6,10,0.06,0.02,0.395,0.00945864989091,0.000710361053591,0.00345557409074,0.00416593514433
0.6,10,0.06,0.02,0.4,0.00899734609229,0.000675716336195,0.00332865190244,0.00400436823863
1,1,0.01,0.02,0,0.980198673307,0.0287342262996,0,0.0287342262996
1,1,0.01,0.02,0.005,0.975309912028,0.0285909137481,0.0047335949914,0.0333245087395
1,1,0.01,0.02,0.01,0.970445533549,0.0284483159708,0.00941997217578,0.0378682881466
1,1,0.01,0.02,0.015,0.965605416258,0.028306429403,0.0140594848028,0.0423659142058
1,1,0.01,0.02,0.02,0.960789439152,0.0281652504974,0.0186524837731,0.0468177342705
1,1,0.01,0.02,0.025,0.955997481833,0.0280247757245,0.0231993176527,0.0512240933772
1,1,0.01,0.02,0.03,0.951229424501,0.0278850015724,0.0277003326878,0.0555853342603
1,1,0.01,0.02,0.035,0.946485147953,0.0277459245469,0.0321558728192,0.0599017973661
1,1,0.01,0.02,0.04,0.941764533584,0.0276075411709,0.0365662796965,0.0641738208674
1,1,0.01,0.02,0.045,0.937067463377,0.0274698479849,0.0409318926927,0.0684017406775
1,1,0.01,0.02,0.05,0.932393819906,0.0273328415465,0.045253048918,0.0725858904644
1,1,0.01,0.02,0.055,0.927743486329,0.0271965184305,0.0495300832344,0.0767266016649
1,1,0.01,0.02,0.06,0.923116346387,0.027060875229,0.0537633282695,0.0808242034984
1,1,0.01,0.02,0.065,0.918512284401,0.0269259085507,0.0579531144303,0.084879022981
1,1,0.01,0.02,0.07,0.913931185271,0.0267916150215,0.0620997699175,0.088891384939
1,1,0.01,0.02,0.075,0.909372934468,0.0266579912842,0.0662036207388,0.092861612023
1,1,0.01,0.02,0.08,0.904837418036,0.0265250339979,0.070264990723,0.096790024721
1,1,0.01,0.02,0.085,0.900324522586,0.026392739839,0.0742842015335,0.100676941372
1,1,0.01,0.02,0.09,0.895834135297,0.0262611054999,0.0782615726817,0.104522678182
1,1,0.01,0.02,0.095,0.891366143907,0.0261301276898,0.0821974215406,0.10832754923
1,1,0.01,0.02,0.1,0.886920436717,0.0259998031342,0.0860920633583,0.112091866493
1,1,0.01,0.02,0.105,0.882496902585,0.0258701285751,0.089945811271,0.115815939846
1,1,0.01,0.02,0.11,0.878095430921,0.0257411007705,0.0937589763165,0.119500077087
1,1,0.01,0.02,0.115,0.873715911688,0.0256127164948,0.0975318674472,0.123144583942
1,1,0.01,0.02,0.12,0.869358235399,0.0254849725384,0.101264791543,0.126749764082
1,1,0.01,0.02,0.125,0.865022293111,0.0253578657076,0.104958053425,0.130315919133
1,1,0.01,0.02,0.13,0.860707976425,0.0252313928247,0.108611955868,0.133843348693
1,1,0.01,0.02,0.135,0.856415177484,0.025105550728,0.112226799612,0.13733235034
1,1,0.01,0.02,0.14,0.852143788966,0.0249803362714,0.115802883377,0.140783219649
1,1,0.01,0.02,0.145,0.847893704088,0.0248557463245,0.119340503876,0.1441962502
1,1,0.01,0.02,0.15,0.843664816596,0.0247317777725,0.122839955824,0.147571733596
1,1,0.01,0.02,0.155,0.839457020769,0.0246084275162,0.126301531954,0.15090995947
1,1,0.01,0.02,0.16,0.835270211411,0.024485692472,0.12972552303,0.154211215502
1,1,0.01,0.02,0.165,0.831104283852,0.0243635695713,0.133112217856,0.157475787428
1,1,0.01,0.02,0.17,0.826959133943,0.0242420557611,0.136461903291,0.160703959052
1,1,0.01,0.02,0.175,0.822834658056,0.0241211480036,0.139774864259,0.163896012263
1,1,0.01,0.02,0.18,0.818730753078,0.024000843276,0.143051383764,0.16705222704
1,1,0.01,0.02,0.185,0.814647316411,0.0238811385708,0.146291742901,0.170172881471
1,1,0.01,0.02,0.19,0.81058424597,0.0237620308953,0.149496220864,0.173258251759
1,1,0.01,0.02,0.195,0.806541440177,0.0236435172717,0.152665094967,0.176308612238
1,1,0.01,0.02,0.2,0.802518797962,0.0235255947374,0.155798640645,0.179324235382
1,1,0.01,0.02,0.205,0.798516218759,0.0234082603441,0.158897131475,0.182305391819
1,1,0.01,0.02,0.21,0.794533602503,0.0232915111586,0.161960839182,0.185252350341
1,1,0.01,0.02,0.215,0.790570849629,0.0231753442621,0.164990033654,0.188165377916
1,1,0.01,0.02,0.22,0.786627861067,0.0230597567503,0.16798498295,0.1910447397
1,1,0.01,0.02,0.225,0.782704538242,0.0229447457337,0.170945953314,0.193890699048
1,1,0.01,0.02,0.23,0.778800783071,0.022830308337,0.173873209189,0.196703517526
1,1,0.01,0.02,0.235,0.774916497961,0.0227164416991,0.176767013222,0.199483454921
1,1,0.01,0.02,0.24,0.771051585804,0.0226031429735,0.179627626279,0.202230769253
1,1,0.01,0.02,0.245,0.767205949976,0.0224904093276,0.182455307459,0.204945716786
1,1,0.01,0.02,0.25,0.763379494337,0.0223782379431,0.185250314098,0.207628552042
1,1,0.01,0.02,0.255,0.759572123225,0.0222666260157,0.188012901788,0.210279527804
1,1,0.01,0.02,0.26,0.755783741456,0.0221555707552,0.190743324382,0.212898895137
1,1,0.01,0.02,0.265,0.752014254319,0.022045069385,0.193441834008,0.215486903393
1,1,0.01,0.02,0.27,0.748263567579,0.0219351191428,0.196108681078,0.21804380022
1,1,0.01,0.02,0.275,0.744531587466,0.0218257172796,0.198744114301,0.220569831581
1,1,0.01,0.02,0.28,0.740818220682,0.0217168610606,0.201348380694,0.223065241754
1,1,0.01,0.02,0.285,0.737123374392,0.0216085477641,0.203921725589,0.225530273353
1,1,0.01,0.02,0.29,0.733446956224,0.0215007746826,0.206464392647,0.22796516733
1,1,0.01,0.02,0.295,0.729788874269,0.0213935391215,0.208976623869,0.23037016299
1,1,0.01,0.02,0.3,0.726149037074,0.0212868383999,0.211458659602,0.232745498002
1,1,0.01,0.02,0.305,0.722527353642,0.0211806698505,0.213910738556,0.235091408407
1,1,0.01,0.02,0.31,0.718923733432,0.0210750308189,0.21633309781,0.237408128629
1,1,0.01,0.02,0.315,0.715338086353,0.0209699186642,0.218725972822,0.239695891486
1,1,0.01,0.02,0.32,0.711770322763,0.0208653307585,0.221089597441,0.2419549282
1,1,0.01,0.02,0.325,0.708220353468,0.0207612644872,0.223424203919,0.244185468406
1,1,0.01,0.02,0.33,0.704688089719,0.0206577172486,0.225730022915,0.246387740164
1,1,0.01,0.02,0.335,0.701173443209,0.020554686454,0.228007283513,0.248561969967
1,1,0.01,0.02,0.34,0.697676326071,0.0204521695276,0.230256213225,0.250708382752
1,1,0.01,0.02,0.345,0.694196650878,0.0203501639065,0.232477038005,0.252827201912
1,1,0.01,0.02,0.35,0.690734330637,0.0202486670406,0.234669982259,0.254918649299
1,1,0.01,0.02,0.355,0.687289278791,0.0201476763924,0.236835268851,0.256982945244
1,1,0.01,0.02,0.36,0.683861409212,0.0200471894372,0.238973119119,0.259020308556
1,1,0.01,0.02,0.365,0.680450636205,0.0199472036628,0.241083752878,0.261030956541
1,1,0.01,0.02,0.37,0.677056874498,0.0198477165694,0.243167388434,0.263015105003
1,1,0.01,0.02,0.375,0.673680039249,0.0197487256701,0.245224242592,0.264972968262
1,1,0.01,0.02,0.38,0.670320046036,0.0196502284899,0.247254530667,0.266904759157
1,1,0.01,0.02,0.385,0.666976810858,0.0195522225664,0.249258466492,0.268810689059
1,1,0.01,0.02,0.39,0.663650250136,0.0194547054495,0.251236262428,0.270690967877
1,1,0.01,0.02,0.395,0.660340280705,0.0193576747013,0.253188129371,0.272545804073
1,1,0.01,0.02,0.4,0.657046819815,0.019261127896,0.255114276768,0.274375404664
1,1,0.03,0.02,0,0.980198673307,0.0472092641056,0,0.0472092641056
1,1,0.03,0.02,0.005,0.975309912028,0.0469738069186,0.00464168052555,0.0516154874441
1,1,0.03,0.02,0.01,0.970445533549,0.0467395240791,0.00923706009469,0.0559765841738
1,1,0.03,0.02,0.015,0.965605416258,0.0465064097303,0.0137864850979,0.0602928948282
1,1,0.03,0.02,0.02,0.960789439152,0.0462744580441,0.0182902996222,0.0645647576662
1,1,0.03,0.02,0.025,0.955997481833,0.0460436632217,0.0227488454653,0.068792508687
1,1,0.03,0.02,0.03,0.951229424501,0.0458140194934,0.0271624621502,0.0729764816436
1,1,0.03,0.02,0.035,0.946485147953,0.0455855211179,0.0315314869392,0.0771170080571
1,1,0.03,0.02,0.04,0.941764533584,0.0453581623828,0.0358562548481,0.0812144172309
1,1,0.03,0.02,0.045,0.937067463377,0.0451319376041,0.0401370986598,0.0852690362639
1,1,0.03,0.02,0.05,0.932393819906,0.0449068411263,0.044374348939,0.0892811900652
1,1,0.03,0.02,0.055,0.927743486329,0.0446828673217,0.0485683340454,0.0932512013671
1,1,0.03,0.02,0.06,0.923116346387,0.0444600105912,0.0527193801477,0.097179390739
1,1,0.03,0.02,0.065,0.918512284401,0.0442382653633,0.0568278112375,0.101066076601
1,1,0.03,0.02,0.07,0.913931185271,0.0440176260944,0.0608939491424,0.104911575237
1,1,0.03,0.02,0.075,0.909372934468,0.0437980872683,0.06491811354,0.108716200808
1,1,0.03,0.02,0.08,0.904837418036,0.0435796433967,0.0689006219711,0.112480265368
1,1,0.03,0.02,0.085,0.900324522586,0.0433622890185,0.0728417898533,0.116204078872
1,1,0.03,0.02,0.09,0.895834135297,0.0431460186998,0.0767419304937,0.119887949194
1,1,0.03,0.02,0.095,0.891366143907,0.0429308270338,0.0806013551029,0.123532182137
1,1,0.03,0.02,0.1,0.886920436717,0.0427167086407,0.0844203728076,0.127137081448
1,1,0.03,0.02,0.105,0.882496902585,0.0425036581675,0.0881992906638,0.130702948831
1,1,0.03,0.02,0.11,0.878095430921,0.042291670288,0.0919384136696,0.134230083958
1,1,0.03,0.02,0.115,0.873715911688,0.0420807397025,0.0956380447783,0.137718784481
1,1,0.03,0.02,0.12,0.869358235399,0.0418708611376,0.0992984849113,0.141169346049
1,1,0.03,0.02,0.125,0.865022293111,0.0416620293465,0.102920032971,0.144582062317
1,1,0.03,0.02,0.13,0.860707976425,0.0414542391082,0.106502985851,0.147957224959
1,1,0.03,0.02,0.135,0.856415177484,0.0412474852281,0.110047638454,0.151295123683
1,1,0.03,0.02,0.14,0.852143788966,0.0410417625373,0.1135542837,0.154596046237
1,1,0.03,0.02,0.145,0.847893704088,0.0408370658927,0.117023212538,0.157860278431
1,1,0.03,0.02,0.15,0.843664816596,0.0406333901768,0.120454713963,0.16108810414
1,1,0.03,0.02,0.155,0.839457020769,0.0404307302979,0.123849075023,0.164279805321
1,1,0.03,0.02,0.16,0.835270211411,0.0402290811892,0.127206580836,0.167435662025
1,1,0.03,0.02,0.165,0.831104283852,0.0400284378097,0.130527514597,0.170555952407
1,1,0.03,0.02,0.17,0.826959133943,0.0398287951433,0.133812157596,0.173640952739
1,1,0.03,0.02,0.175,0.822834658056,0.0396301481988,0.137060789225,0.176690937424
1,1,0.03,0.02,0.18,0.818730753078,0.03943249201,0.140273686992,0.179706179002
1,1,0.03,0.02,0.185,0.814647316411,0.0392358216357,0.143451126534,0.182686948169
1,1,0.03,0.02,0.19,0.81058424597,0.0390401321589,0.146593381624,0.185633513783
1,1,0.03,0.02,0.195,0.806541440177,0.0388454186874,0.149700724191,0.188546142878
1,1,0.03,0.02,0.2,0.802518797962,0.0386516763534,0.152773424322,0.191425100675
1,1,0.03,0.02,0.205,0.798516218759,0.0384589003134,0.155811750281,0.194270650595
1,1,0.03,0.02,0.21,0.794533602503,0.0382670857478,0.158815968519,0.197083054266
1,1,0.03,0.02,0.215,0.790570849629,0.0380762278614,0.16178634368,0.199862571541
1,1,0.03,0.02,0.22,0.786627861067,0.0378863218827,0.16472313862,0.202609460503
1,1,0.03,0.02,0.225,0.782704538242,0.037697363064,0.167626614415,0.205323977479
1,1,0.03,0.02,0.23,0.778800783071,0.0375093466813,0.17049703037,0.208006377051
1,1,0.03,0.02,0.235,0.774916497961,0.0373222680343,0.173334644033,0.210656912067
1,1,0.03,0.02,0.24,0.771051585804,0.0371361224459,0.176139711206,0.213275833652
1,1,0.03,0.02,0.245,0.767205949976,0.0369509052625,0.178912485955,0.215863391217
1,1,0.03,0.02,0.25,0.763379494337,0.0367666118537,0.181653220621,0.218419832474
1,1,0.03,0.02,0.255,0.759572123225,0.036583237612,0.184362165831,0.220945403443
1,1,0.03,0.02,0.26,0.755783741456,0.0364007779532,0.187039570511,0.223440348464
1,1,0.03,0.02,0.265,0.752014254319,0.0362192283158,0.189685681891,0.225904910207
1,1,0.03,0.02,0.27,0.748263567579,0.0360385841609,0.192300745523,0.228339329684
1,1,0.03,0.02,0.275,0.744531587466,0.0358588409726,0.194885005286,0.230743846258
1,1,0.03,0.02,0.28,0.740818220682,0.0356799942571,0.197438703399,0.233118697656
1,1,0.03,0.02,0.285,0.737123374392,0.0355020395433,0.199962080432,0.235464119975
1,1,0.03,0.02,0.29,0.733446956224,0.0353249723824,0.202455375314,0.237780347697
1,1,0.03,0.02,0.295,0.729788874269,0.0351487883476,0.204918825347,0.240067613694
1,1,0.03,0.02,0.3,0.726149037074,0.0349734830344,0.207352666212,0.242326149246
1,1,0.03,0.02,0.305,0.722527353642,0.0347990520601,0.209757131983,0.244556184043
1,1,0.03,0.02,0.31,0.718923733432,0.0346254910638,0.212132455134,0.246757946198
1,1,0.03,0.02,0.315,0.715338086353,0.0344527957067,0.214478866553,0.24893166226
1,1,0.03,0.02,0.32,0.711770322763,0.0342809616712,0.216796595549,0.25107755722
1,1,0.03,0.02,0.325,0.708220353468,0.0341099846616,0.219085869862,0.253195854524
1,1,0.03,0.02,0.33,0.704688089719,0.0339398604034,0.221346915674,0.255286776077
1,1,0.03,0.02,0.335,0.701173443209,0.0337705846434,0.223579957619,0.257350542263
1,1,0.03,0.02,0.34,0.697676326071,0.0336021531498,0.225785218793,0.259387371943
1,1,0.03,0.02,0.345,0.694196650878,0.0334345617118,0.227962920762,0.261397482474
1,1,0.03,0.02,0.35,0.690734330637,0.0332678061396,0.230113283574,0.263381089714
1,1,0.03,0.02,0.355,0.687289278791,0.0331018822643,0.232236525767,0.265338408031
1,1,0.03,0.02,0.36,0.683861409212,0.0329367859377,0.234332864379,0.267269650317
1,1,0.03,0.02,0.365,0.680450636205,0.0327725130325,0.236402514958,0.26917502799
1,1,0.03,0.02,0.37,0.677056874498,0.0326090594418,0.238445691571,0.271054751013
1,1,0.03,0.02,0.375,0.673680039249,0.0324464210794,0.240462606814,0.272909027893
1,1,0.03,0.02,0.38,0.670320046036,0.0322845938791,0.242453471819,0.274738065699
1,1,0.03,0.02,0.385,0.666976810858,0.0321235737954,0.244418496269,0.276542070065
1,1,0.03,0.02,0.39,0.663650250136,0.0319633568027,0.2463578884,0.278321245203
1,1,0.03,0.02,0.395,0.660340280705,0.0318039388956,0.248271855015,0.28007579391
1,1,0.03,0.02,0.4,0.657046819815,0.0316453160886,0.250160601491,0.281805917579
1,1,0.06,0.02,0,0.980198673307,0.0736146247433,0,0.0736146247433
1,1,0.06,0.02,0.005,0.975309912028,0.0732474702707,0.00451031220879,0.0777577824795
1,1,0.06,0.02,0.01,0.970445533549,0.0728821469887,0.0089756338656,0.0818577808543
1,1,0.06,0.02,0.015,0.965605416258,0.0725186457641,0.0133963015574,0.0859149473215
1,1,0.06,0.02,0.02,0.960789439152,0.0721569575094,0.0177726496329,0.0899296071423
1,1,0.06,0.02,0.025,0.955997481833,0.0717970731824,0.0221050102163,0.0939020833987
1,1,0.06,0.02,0.03,0.951229424501,0.071438983786,0.0263937132214,0.0978326970075
1,1,0.06,0.02,0.035,0.946485147953,0.0710826803679,0.0306390863655,0.101721766733
1,1,0.06,0.02,0.04,0.941764533584,0.0707281540206,0.0348414551825,0.105569609203
1,1,0.06,0.02,0.045,0.937067463377,0.0703753958807,0.0390011430374,0.109376538918
1,1,0.06,0.02,0.05,0.932393819906,0.0700243971295,0.0431184711388,0.113142868268
1,1,0.06,0.02,0.055,0.927743486329,0.0696751489917,0.0471937585535,0.116868907545
1,1,0.06,0.02,0.06,0.923116346387,0.0693276427364,0.051227322219,0.120554964955
1,1,0.06,0.02,0.065,0.918512284401,0.0689818696757,0.0552194769572,0.124201346633
1,1,0.06,0.02,0.07,0.913931185271,0.0686378211654,0.0591705354874,0.127808356653
1,1,0.06,0.02,0.075,0.909372934468,0.0682954886042,0.0630808084398,0.131376297044
1,1,0.06,0.02,0.08,0.904837418036,0.0679548634337,0.0669506043682,0.134905467802
1,1,0.06,0.02,0.085,0.900324522586,0.0676159371384,0.0707802297631,0.138396166901
1,1,0.06,0.02,0.09,0.895834135297,0.067278701245,0.0745699890646,0.14184869031
1,1,0.06,0.02,0.095,0.891366143907,0.0669431473226,0.0783201846755,0.145263331998
1,1,0.06,0.02,0.1,0.886920436717,0.0666092669825,0.0820311169735,0.148640383956
1,1,0.06,0.02,0.105,0.882496902585,0.0662770518774,0.0857030843243,0.151980136202
1,1,0.06,0.02,0.11,0.878095430921,0.0659464937021,0.089336383094,0.155282876796
1,1,0.06,0.02,0.115,0.873715911688,0.0656175841926,0.092931307662,0.158548891855
1,1,0.06,0.02,0.12,0.869358235399,0.0652903151261,0.0964881504327,0.161778465559
1,1,0.06,0.02,0.125,0.865022293111,0.0649646783209,0.100007201849,0.16497188017
1,1,0.06,0.02,0.13,0.860707976425,0.0646406656361,0.103488750403,0.168129416039
1,1,0.06,0.02,0.135,0.856415177484,0.0643182689712,0.106933082649,0.17125135162
1,1,0.06,0.02,0.14,0.852143788966,0.0639974802664,0.110340483218,0.174337963484
1,1,0.06,0.02,0.145,0.847893704088,0.063678291502,0.113711234825,0.177389526327
1,1,0.06,0.02,0.15,0.843664816596,0.0633606946981,0.117045618285,0.180406312983
1,1,0.06,0.02,0.155,0.839457020769,0.063044681915,0.120343912522,0.183388594437
1,1,0.06,0.02,0.16,0.835270211411,0.0627302452521,0.123606394585,0.186336639838
1,1,0.06,0.02,0.165,0.831104283852,0.0624173768487,0.126833339656,0.189250716504
1,1,0.06,0.02,0.17,0.826959133943,0.0621060688829,0.13002502106,0.192131089943
1,1,0.06,0.02,0.175,0.822834658056,0.0617963135721,0.133181710285,0.194978023857
1,1,0.06,0.02,0.18,0.818730753078,0.0614881031723,0.136303676983,0.197791780155
1,1,0.06,0.02,0.185,0.814647316411,0.0611814299784,0.13939118899,0.200572618968
1,1,0.06,0.02,0.19,0.81058424597,0.0608762863233,0.142444512333,0.203320798656
1,1,0.06,0.02,0.195,0.806541440177,0.0605726645786,0.145463911242,0.20603657582
1,1,0.06,0.02,0.2,0.802518797962,0.0602705571537,0.148449648162,0.208720205315
1,1,0.06,0.02,0.205,0.798516218759,0.0599699564958,0.151401983764,0.21137194026
1,1,0.06,0.02,0.21,0.794533602503,0.05967085509,0.154321176957,0.213992032047
1,1,0.06,0.02,0.215,0.790570849629,0.0593732454586,0.157207484897,0.216580730355
1,1,0.06,0.02,0.22,0.786627861067,0.0590771201615,0.160061162999,0.219138283161
1,1,0.06,0.02,0.225,0.782704538242,0.0587824717954,0.16288246495,0.221664936746
1,1,0.06,0.02,0.23,0.778800783071,0.0584892929943,0.165671642718,0.224160935712
1,1,0.06,0.02,0.235,0.774916497961,0.0581975764284,0.16842894656,0.226626522989
1,1,0.06,0.02,0.24,0.771051585804,0.0579073148051,0.17115462504,0.229061939845
1,1,0.06,0.02,0.245,0.767205949976,0.0576185008676,0.173848925032,0.231467425899
1,1,0.06,0.02,0.25,0.763379494337,0.0573311273956,0.176512091735,0.233843219131
1,1,0.06,0.02,0.255,0.759572123225,0.0570451872048,0.179144368685,0.23618955589
1,1,0.06,0.02,0.26,0.755783741456,0.0567606731467,0.18174599776,0.238506670907
1,1,0.06,0.02,0.265,0.752014254319,0.0564775781083,0.184317219196,0.240794797304
1,1,0.06,0.02,0.27,0.748263567579,0.0561958950124,0.186858271593,0.243054166605
1,1,0.06,0.02,0.275,0.744531587466,0.0559156168167,0.189369391929,0.245285008745
1,1,0.06,0.02,0.28,0.740818220682,0.0556367365144,0.191850815567,0.247487552081
1,1,0.06,0.02,0.285,0.737123374392,0.0553592471334,0.194302776269,0.249662023402
1,1,0.06,0.02,0.29,0.733446956224,0.0550831417364,0.196725506201,0.251808647938
1,1,0.06,0.02,0.295,0.729788874269,0.0548084134209,0.19911923595,0.253927649371
1,1,0.06,0.02,0.3,0.726149037074,0.0545350553185,0.201484194527,0.256019249845
1,1,0.06,0.02,0.305,0.722527353642,0.0542630605954,0.203820609379,0.258083669975
1,1,0.06,0.02,0.31,0.718923733432,0.0539924224516,0.206128706404,0.260121128856
1,1,0.06,0.02,0.315,0.715338086353,0.0537231341212,0.208408709953,0.262131844074
1,1,0.06,0.02,0.32,0.711770322763,0.0534551888719,0.210660842845,0.264116031717
1,1,0.06,0.02,0.325,0.708220353468,0.0531885800052,0.212885326375,0.266073906381
1,1,0.06,0.02,0.33,0.704688089719,0.0529233008557,0.215082380325,0.26800568118
1,1,0.06,0.02,0.335,0.701173443209,0.0526593447915,0.21725222297,0.269911567761
1,1,0.06,0.02,0.34,0.697676326071,0.0523967052136,0.219395071092,0.271791776305
1,1,0.06,0.02,0.345,0.694196650878,0.0521353755561,0.221511139986,0.273646515542
1,1,0.06,0.02,0.35,0.690734330637,0.0518753492858,0.223600643473,0.275475992759
1,1,0.06,0.02,0.355,0.687289278791,0.0516166199018,0.225663793906,0.277280413807
1,1,0.06,0.02,0.36,0.683861409212,0.051359180936,0.227700802179,0.279059983116
1,1,0.06,0.02,0.365,0.680450636205,0.0511030259525,0.229711877742,0.280814903694
1,1,0.06,0.02,0.37,0.677056874498,0.0508481485472,0.231697228602,0.282545377149
1,1,0.06,0.02,0.375,0.673680039249,0.0505945423483,0.233657061338,0.284251603686
1,1,0.06,0.02,0.38,0.670320046036,0.0503422010156,0.235591581108,0.285933782123
1,1,0.06,0.02,0.385,0.666976810858,0.0500911182406,0.237500991658,0.287592109898
1,1,0.06,0.02,0.39,0.663650250136,0.0498412877461,0.239385495332,0.289226783078
1,1,0.06,0.02,0.395,0.660340280705,0.0495927032864,0.24124529308,0.290837996367
1,1,0.06,0.02,0.4,0.657046819815,0.0493453586469,0.243080584467,0.292425943114
1,4,0.01,0.02,0,0.923116346387,0.027060875229,0,0.027060875229
1,4,0.01,0.02,0.005,0.904837418036,0.0265250339979,0.00439156192019,0.0309165959181
1,4,0.01,0.02,0.01,0.886920436717,0.0259998031342,0.00860920633583,0.03460900947
1,4,0.01,0.02,0.015,0.869358235399,0.0254849725384,0.0126580989429,0.0381430714813
1,4,0.01,0.02,0.02,0.852143788966,0.0249803362714,0.0165432690539,0.0415236053253
1,4,0.01,0.02,0.025,0.835270211411,0.024485692472,0.0202696129735,0.0447553054454
1,4,0.01,0.02,0.03,0.818730753078,0.024000843276,0.0238418972941,0.0478427405701
1,4,0.01,0.02,0.035,0.802518797962,0.0235255947374,0.0272647621129,0.0507903568503
1,4,0.01,0.02,0.04,0.786627861067,0.0230597567503,0.0305427241726,0.053602480923
1,4,0.01,0.02,0.045,0.771051585804,0.0226031429735,0.0336801799274,0.0562833229008
1,4,0.01,0.02,0.05,0.755783741456,0.0221555707552,0.036681408535,0.0588369792902
1,4,0.01,0.02,0.055,0.740818220682,0.0217168610606,0.0395505747792,0.0612674358397
1,4,0.01,0.02,0.06,0.726149037074,0.0212868383999,0.0422917319204,0.0635785703204
1,4,0.01,0.02,0.065,0.711770322763,0.0208653307585,0.0449088244803,0.0657741552388
1,4,0.01,0.02,0.07,0.697676326071,0.0204521695276,0.047405690958,0.0678578604857
1,4,0.01,0.02,0.075,0.683861409212,0.0200471894372,0.0497860664831,0.0698332559203
1,4,0.01,0.02,0.08,0.670320046036,0.0196502284899,0.0520535854037,0.0717038138935
1,4,0.01,0.02,0.085,0.657046819815,0.019261127896,0.0542117838131,0.0734729117091
1,4,0.01,0.02,0.09,0.644036421083,0.01887973201,0.0562641020166,0.0751438340266
1,4,0.01,0.02,0.095,0.631283645507,0.0185058882686,0.0582138869376,0.0767197752062
1,4,0.01,0.02,0.1,0.618783391806,0.0181394471292,0.0600643944677,0.0782038415969
1,4,0.01,0.02,0.105,0.606530659713,0.0177802620106,0.0618187917587,0.0795990537693
1,4,0.01,0.02,0.11,0.59452054797,0.0174281892338,0.063480159461,0.0809083486948
1,4,0.01,0.02,0.115,0.582748252374,0.0170830879651,0.065051493907,0.0821345818722
1,4,0.01,0.02,0.12,0.571209063849,0.0167448201594,0.0665357092427,0.0832805294021
1,4,0.01,0.02,0.125,0.559898366565,0.016413250505,0.0679356395075,0.0843488900126
1,4,0.01,0.02,0.13,0.548811636094,0.0160882463697,0.0692540406642,0.0853422870338
1,4,0.01,0.02,0.135,0.537944437595,0.0157696777474,0.0704935925794,0.0862632703268
1,4,0.01,0.02,0.14,0.527292424043,0.0154574172065,0.0716569009571,0.0871143181636
1,4,0.01,0.02,0.145,0.516851334492,0.0151513398385,0.0727464992247,0.0878978390632
1,4,0.01,0.02,0.15,0.506616992366,0.0148513232085,0.0737648503736,0.0886161735821
1,4,0.01,0.02,0.155,0.496585303791,0.0145572473059,0.0747143487553,0.0892715960611
1,4,0.01,0.02,0.16,0.48675225596,0.0142689944962,0.0755973218342,0.0898663163304
1,4,0.01,0.02,0.165,0.477113915521,0.0139864494746,0.0764160318977,0.0904024813723
1,4,0.01,0.02,0.17,0.46766642701,0.0137094992193,0.0771726777244,0.0908821769437
1,4,0.01,0.02,0.175,0.458406011305,0.0134380329464,0.0778693962128,0.0913074291592
1,4,0.01,0.02,0.18,0.449328964117,0.0131719420659,0.0785082639692,0.0916802060352
1,4,0.01,0.02,0.185,0.440431654506,0.0129111201379,0.0790912988581,0.092002418996
1,4,0.01,0.02,0.19,0.431710523429,0.0126554628301,0.0796204615138,0.0922759243439
1,4,0.01,0.02,0.195,0.423162082318,0.0124048678761,0.0800976568161,0.0925025246923
1,4,0.01,0.02,0.2,0.414782911682,0.0121592350347,0.0805247353294,0.0926839703641
1,4,0.01,0.02,0.205,0.406569659741,0.0119184660495,0.0809034947067,0.0928219607562
1,4,0.01,0.02,0.21,0.398519041085,0.0116824646095,0.0812356810597,0.0929181456693
1,4,0.01,0.02,0.215,0.390627835359,0.0114511363112,0.0815229902952,0.0929741266064
1,4,0.01,0.02,0.22,0.382892885975,0.0112243886201,0.0817670694181,0.0929914580382
1,4,0.01,0.02,0.225,0.375311098851,0.0110021308341,0.0819695178039,0.092971648638
1,4,0.01,0.02,0.23,0.367879441171,0.0107842740472,0.0821318884386,0.0929161624857
1,4,0.01,0.02,0.235,0.360594940173,0.0105707311136,0.082255689129,0.0928264202426
1,4,0.01,0.02,0.24,0.353454681959,0.0103614166134,0.0823423836829,0.0927038002963
1,4,0.01,0.02,0.245,0.34645581033,0.0101562468181,0.0823933930604,0.0925496398785
1,4,0.01,0.02,0.25,0.339595525645,0.00995513965684,0.082410096497,0.0923652361539
1,4,0.01,0.02,0.255,0.332871083698,0.00975801468422,0.0823938325985,0.0921518472828
1,4,0.01,0.02,0.26,0.326279794623,0.00956479304758,0.0823459004096,0.0919106934572
1,4,0.01,0.02,0.265,0.319819021816,0.00937539745569,0.0822675604556,0.0916429579113
1,4,0.01,0.02,0.27,0.313486180883,0.00918975214779,0.0821600357584,0.0913497879062
1,4,0.01,0.02,0.275,0.307278738601,0.00900778286328,0.0820245128279,0.0910322956912
1,4,0.01,0.02,0.28,0.301194211912,0.00882941681203,0.081862142628,0.0906915594401
1,4,0.01,0.02,0.285,0.295230166924,0.00865458264522,0.0816740415195,0.0903286241647
1,4,0.01,0.02,0.29,0.289384217939,0.00848321042687,0.0814612921785,0.0899445026054
1,4,0.01,0.02,0.295,0.2836540265,0.0083152316058,0.0812249444937,0.0895401760995
1,4,0.01,0.02,0.3,0.278037300453,0.00815057898824,0.0809660164395,0.0891165954277
1,4,0.01,0.02,0.305,0.272531793034,0.00798918671096,0.0806854949285,0.0886746816395
1,4,0.01,0.02,0.31,0.267135301966,0.00783099021488,0.0803843366428,0.0882153268577
1,4,0.01,0.02,0.315,0.26184566858,0.0076759262193,0.0800634688437,0.087739395063
1,4,0.01,0.02,0.32,0.256660776954,0.00752393269656,0.0797237901622,0.0872477228588
1,4,0.01,0.02,0.325,0.25157855306,0.00737494884722,0.0793661713691,0.0867411202163
1,4,0.01,0.02,0.33,0.246596963942,0.00722891507575,0.0789914561257,0.0862203712015
1,4,0.01,0.02,0.335,0.241714016897,0.0070857729667,0.0786004617167,0.0856862346834
1,4,0.01,0.02,0.34,0.236927758682,0.00694546526131,0.0781939797631,0.0851394450244
1,4,0.01,0.02,0.345,0.23223627473,0.00680793583463,0.0777727769188,0.0845807127535
1,4,0.01,0.02,0.35,0.227637688384,0.00667312967306,0.0773375955488,0.0840107252218
1,4,0.01,0.02,0.355,0.223130160148,0.00654099285234,0.0768891543901,0.0834301472425
1,4,0.01,0.02,0.36,0.218711886952,0.00641147251597,0.076428149197,0.082839621713
1,4,0.01,0.02,0.365,0.214381101427,0.0062845168541,0.0759552533691,0.0822397702232
1,4,0.01,0.02,0.37,0.210136071201,0.00616007508276,0.0754711185637,0.0816311936464
1,4,0.01,0.02,0.375,0.205975098205,0.00603809742359,0.074976375293,0.0810144727166
1,4,0.01,0.02,0.38,0.201896517995,0.0059185350839,0.0744716335061,0.08039016859
1,4,0.01,0.02,0.385,0.197898699084,0.00580134023716,0.0739574831559,0.079758823393
1,4,0.01,0.02,0.39,0.193980042291,0.00568646600387,0.0734344947519,0.0791209607558
1,4,0.01,0.02,0.395,0.190138980102,0.0055738664328,0.0729032198991,0.0784770863319
1,4,0.01,0.02,0.4,0.186373976039,0.00546349648262,0.0723641918227,0.0778276883053
1,4,0.03,0.02,0,0.923116346387,0.0444600105912,0,0.0444600105912
1,4,0.03,0.02,0.005,0.904837418036,0.0435796433967,0.0043062888732,0.0478859322699
1,4,0.03,0.02,0.01,0.886920436717,0.0427167086407,0.00844203728076,0.0511587459214
1,4,0.03,0.02,0.015,0.869358235399,0.0418708611376,0.0124123106139,0.0542831717515
1,4,0.03,0.02,0.02,0.852143788966,0.0410417625373,0.0162220405286,0.0572638030659
1,4,0.03,0.02,0.025,0.835270211411,0.0402290811892,0.0198760282556,0.0601051094448
1,4,0.03,0.02,0.03,0.818730753078,0.03943249201,0.023378947832,0.0628114398421
1,4,0.03,0.02,0.035,0.802518797962,0.0386516763534,0.0267353492563,0.0653870256097
1,4,0.03,0.02,0.04,0.786627861067,0.0378863218827,0.0299496615674,0.0678359834501
1,4,0.03,0.02,0.045,0.771051585804,0.0371361224459,0.0330261958511,0.070162318297
1,4,0.03,0.02,0.05,0.755783741456,0.0364007779532,0.0359691481751,0.0723699261284
1,4,0.03,0.02,0.055,0.740818220682,0.0356799942571,0.0387826024534,0.0744625967104
1,4,0.03,0.02,0.06,0.726149037074,0.0349734830344,0.0414705332424,0.0764440162767
1,4,0.03,0.02,0.065,0.711770322763,0.0342809616712,0.0440368084709,0.0783177701422
1,4,0.03,0.02,0.07,0.697676326071,0.0336021531498,0.0464851921045,0.0800873452543
1,4,0.03,0.02,0.075,0.683861409212,0.0329367859377,0.0488193467456,0.0817561326833
1,4,0.03,0.02,0.08,0.670320046036,0.0322845938791,0.0510428361725,0.0833274300516
1,4,0.03,0.02,0.085,0.657046819815,0.0316453160886,0.0531591278168,0.0848044439053
1,4,0.03,0.02,0.09,0.644036421083,0.0310186968464,0.0551715951813,0.0861902920277
1,4,0.03,0.02,0.095,0.631283645507,0.0304044854965,0.057083520201,0.0874880056975
1,4,0.03,0.02,0.1,0.618783391806,0.0298024363463,0.058898095546,0.0887005318923
1,4,0.03,0.02,0.105,0.606530659713,0.0292123085679,0.0606184268702,0.0898307354381
1,4,0.03,0.02,0.11,0.59452054797,0.0286338661025,0.0622475350054,0.090881401108
1,4,0.03,0.02,0.115,0.582748252374,0.0280668775653,0.063788358103,0.0918552356683
1,4,0.03,0.02,0.12,0.571209063849,0.0275111161534,0.0652437537235,0.0927548698768
1,4,0.03,0.02,0.125,0.559898366565,0.0269663595547,0.0666165008763,0.0935828604311
1,4,0.03,0.02,0.13,0.548811636094,0.0264323898595,0.0679093020105,0.09434169187
1,4,0.03,0.02,0.135,0.537944437595,0.0259089934726,0.0691247849565,0.0950337784291
1,4,0.03,0.02,0.14,0.527292424043,0.0253959610285,0.070265504822,0.0956614658506
1,4,0.03,0.02,0.145,0.516851334492,0.0248930873075,0.0713339458417,0.0962270331492
1,4,0.03,0.02,0.15,0.506616992366,0.0244001711533,0.0723325231818,0.0967326943352
1,4,0.03,0.02,0.155,0.496585303791,0.023917015393,0.0732635847018,0.0971806000947
1,4,0.03,0.02,0.16,0.48675225596,0.0234434267576,0.0741294126724,0.09757283943
1,4,0.03,0.02,0.165,0.477113915521,0.0229792158056,0.074932225453,0.0979114412586
1,4,0.03,0.02,0.17,0.46766642701,0.0225241968463,0.0756741791278,0.0981983759741
1,4,0.03,0.02,0.175,0.458406011305,0.022078187866,0.0763573691019,0.0984355569679
1,4,0.03,0.02,0.18,0.449328964117,0.0216410104553,0.0769838316591,0.0986248421144
1,4,0.03,0.02,0.185,0.440431654506,0.0212124897373,0.0775555454822,0.0987680352195
1,4,0.03,0.02,0.19,0.431710523429,0.020792454298,0.0780744331349,0.0988668874329
1,4,0.03,0.02,0.195,0.423162082318,0.0203807361177,0.078542362509,0.0989230986267
1,4,0.03,0.02,0.2,0.414782911682,0.0199771705036,0.0789611482356,0.0989383187392
1,4,0.03,0.02,0.205,0.406569659741,0.0195815960241,0.0793325530619,0.0989141490859
1,4,0.03,0.02,0.21,0.398519041085,0.019193854444,0.0796582891945,0.0988521436385
1,4,0.03,0.02,0.215,0.390627835359,0.0188137906617,0.0799400196098,0.0987538102715
1,4,0.03,0.02,0.22,0.382892885975,0.0184412526464,0.0801793593323,0.0986206119787
1,4,0.03,0.02,0.225,0.375311098851,0.0180760913781,0.0803778766815,0.0984539680596
1,4,0.03,0.02,0.23,0.367879441171,0.0177181607874,0.0805370944883,0.0982552552758
1,4,0.03,0.02,0.235,0.360594940173,0.0173673176973,0.0806584912818,0.0980258089791
1,4,0.03,0.02,0.24,0.353454681959,0.0170234217658,0.0807435024463,0.0977669242121
1,4,0.03,0.02,0.245,0.34645581033,0.0166863354299,0.0807935213505,0.0974798567805
1,4,0.03,0.02,0.25,0.339595525645,0.0163559238508,0.0808099004485,0.0971658242993
1,4,0.03,0.02,0.255,0.332871083698,0.0160320548592,0.0807939523539,0.0968260072131
1,4,0.03,0.02,0.26,0.326279794623,0.0157145989034,0.0807469508871,0.0964615497905
1,4,0.03,0.02,0.265,0.319819021816,0.0154034289967,0.0806701320972,0.0960735610939
1,4,0.03,0.02,0.27,0.313486180883,0.0150984206669,0.0805646952582,0.0956631159252
1,4,0.03,0.02,0.275,0.307278738601,0.0147994519067,0.080431803841,0.0952312557477
1,4,0.03,0.02,0.28,0.301194211912,0.0145064031247,0.0802725864605,0.0947789895852
1,4,0.03,0.02,0.285,0.295230166924,0.0142191570972,0.0800881378006,0.0943072948979
1,4,0.03,0.02,0.29,0.289384217939,0.0139375989223,0.0798795195149,0.0938171184371
1,4,0.03,0.02,0.295,0.2836540265,0.0136616159727,0.0796477611055,0.0933093770782
1,4,0.03,0.02,0.3,0.278037300453,0.0133910978516,0.0793938607805,0.0927849586321
1,4,0.03,0.02,0.305,0.272531793034,0.0131259363483,0.0791187862891,0.0922447226374
1,4,0.03,0.02,0.31,0.267135301966,0.0128660253945,0.0788234757371,0.0916895011316
1,4,0.03,0.02,0.315,0.26184566858,0.0126112610224,0.0785088383807,0.0911200994032
1,4,0.03,0.02,0.32,0.256660776954,0.0123615413229,0.0781757554018,0.0905372967247
1,4,0.03,0.02,0.325,0.25157855306,0.0121167664047,0.0778250806629,0.0899418470676
1,4,0.03,0.02,0.33,0.246596963942,0.0118768383547,0.0774576414437,0.0893344797984
1,4,0.03,0.02,0.335,0.241714016897,0.0116416611984,0.0770742391591,0.0887159003574
1,4,0.03,0.02,0.34,0.236927758682,0.0114111408617,0.0766756500589,0.0880867909207
1,4,0.03,0.02,0.345,0.23223627473,0.0111851851336,0.0762626259107,0.0874478110443
1,4,0.03,0.02,0.35,0.227637688384,0.0109637036286,0.0758358946643,0.0867995982929
1,4,0.03,0.02,0.355,0.223130160148,0.0107466077513,0.075396161101,0.0861427688523
1,4,0.03,0.02,0.36,0.218711886952,0.0105338106604,0.0749441074651,0.0854779181254
1,4,0.03,0.02,0.365,0.214381101427,0.0103252272342,0.0744803940804,0.0848056213145
1,4,0.03,0.02,0.37,0.210136071201,0.0101207740365,0.0740056599508,0.0841264339873
1,4,0.03,0.02,0.375,0.205975098205,0.00992036928343,0.0735205233455,0.083440892629
1,4,0.03,0.02,0.38,0.201896517995,0.00972393281033,0.07302558237,0.0827495151804
1,4,0.03,0.02,0.385,0.197898699084,0.00953138604001,0.0725214155218,0.0820528015618
1,4,0.03,0.02,0.39,0.193980042291,0.00934265195119,0.0720085822325,0.0813512341837
1,4,0.03,0.02,0.395,0.190138980102,0.00915765504772,0.0714876233963,0.080645278444
1,4,0.03,0.02,0.4,0.186373976039,0.00897632132838,0.0709590618844,0.0799353832128
1,4,0.06,0.02,0,0.923116346387,0.0693276427364,0,0.0693276427364
1,4,0.06,0.02,0.005,0.904837418036,0.0679548634337,0.00418441277301,0.0721392762067
1,4,0.06,0.02,0.01,0.886920436717,0.0666092669825,0.00820311169735,0.0748123786798
1,4,0.06,0.02,0.015,0.869358235399,0.0652903151261,0.0120610188041,0.0773513339302
1,4,0.06,0.02,0.02,0.852143788966,0.0639974802664,0.015762926174,0.0797604064404
1,4,0.06,0.02,0.025,0.835270211411,0.0627302452521,0.019313499154,0.0820437444061
1,4,0.06,0.02,0.03,0.818730753078,0.0614881031723,0.0227172794972,0.0842053826695
1,4,0.06,0.02,0.035,0.802518797962,0.0602705571537,0.0259786884283,0.086249245582
1,4,0.06,0.02,0.04,0.786627861067,0.0590771201615,0.0291020296362,0.0881791497977
1,4,0.06,0.02,0.045,0.771051585804,0.0579073148051,0.0320914921949,0.089998807
1,4,0.06,0.02,0.05,0.755783741456,0.0567606731467,0.0349511534155,0.0917118265621
1,4,0.06,0.02,0.055,0.740818220682,0.0556367365144,0.0376849816292,0.0933217181436
1,4,0.06,0.02,0.06,0.726149037074,0.0545350553185,0.0402968389053,0.0948318942238
1,4,0.06,0.02,0.065,0.711770322763,0.0534551888719,0.0427904837029,0.0962456725748
1,4,0.06,0.02,0.07,0.697676326071,0.0523967052136,0.04516957346,0.0975662786736
1,4,0.06,0.02,0.075,0.683861409212,0.051359180936,0.0474376671207,0.0987968480568
1,4,0.06,0.02,0.08,0.670320046036,0.0503422010156,0.0495982276016,0.0999404286172
1,4,0.06,0.02,0.085,0.657046819815,0.0493453586469,0.0516546241993,0.100999982846
1,4,0.06,0.02,0.09,0.644036421083,0.0483682550795,0.0536101349403,0.10197839002
1,4,0.06,0.02,0.095,0.631283645507,0.0474104994591,0.0554679488745,0.102878448334
1,4,0.06,0.02,0.1,0.618783391806,0.0464717086706,0.0572311683136,0.103702876984
1,4,0.06,0.02,0.105,0.606530659713,0.0455515071852,0.0589028110154,0.104454318201
1,4,0.06,0.02,0.11,0.59452054797,0.0446495269101,0.0604858123166,0.105135339227
1,4,0.06,0.02,0.115,0.582748252374,0.043765407041,0.0619830272133,0.105748434254
1,4,0.06,0.02,0.12,0.571209063849,0.0428987939184,0.0633972323917,0.10629602631
1,4,0.06,0.02,0.125,0.559898366565,0.0420493408852,0.06473112821,0.106780469095
1,4,0.06,0.02,0.13,0.548811636094,0.0412167081491,0.0659873406328,0.107204048782
1,4,0.06,0.02,0.135,0.537944437595,0.0404005626458,0.0671684231181,0.107568985764
1,4,0.06,0.02,0.14,0.527292424043,0.0396005779063,0.0682768584591,0.107877436365
1,4,0.06,0.02,0.145,0.516851334492,0.0388164339259,0.069315060582,0.108131494508
1,4,0.06,0.02,0.15,0.506616992366,0.0380478170367,0.0702853762993,0.108333193336
1,4,0.06,0.02,0.155,0.496585303791,0.0372944197816,0.0711900870215,0.108484506803
1,4,0.06,0.02,0.16,0.48675225596,0.0365559407917,0.0720314104269,0.108587351219
1,4,0.06,0.02,0.165,0.477113915521,0.0358320846655,0.0728115020912,0.108643586757
1,4,0.06,0.02,0.17,0.46766642701,0.0351225618509,0.073532457077,0.108655018928
1,4,0.06,0.02,0.175,0.458406011305,0.0344270885294,0.0741963114858,0.108623400015
1,4,0.06,0.02,0.18,0.449328964117,0.0337453865023,0.0748050439707,0.108550430473
1,4,0.06,0.02,0.185,0.440431654506,0.0330771830798,0.0753605772138,0.108437760294
1,4,0.06,0.02,0.19,0.431710523429,0.0324222109716,0.0758647793669,0.108286990338
1,4,0.06,0.02,0.195,0.423162082318,0.03178020818,0.0763194654569,0.108099673637
1,4,0.06,0.02,0.2,0.414782911682,0.0311509178954,0.0767263987572,0.107877316653
1,4,0.06,0.02,0.205,0.406569659741,0.0305340883934,0.0770872921262,0.10762138052
1,4,0.06,0.02,0.21,0.398519041085,0.0299294729338,0.0774038093116,0.107333282245
1,4,0.06,0.02,0.215,0.390627835359,0.0293368296625,0.0776775662246,0.107014395887
1,4,0.06,0.02,0.22,0.382892885975,0.0287559215142,0.0779101321814,0.106666053696
1,4,0.06,0.02,0.225,0.375311098851,0.028186516118,0.078103031115,0.106289547233
1,4,0.06,0.02,0.23,0.367879441171,0.027628385704,0.0782577427575,0.105886128461
1,4,0.06,0.02,0.235,0.360594940173,0.0270813070126,0.0783757037927,0.105457010805
1,4,0.06,0.02,0.24,0.353454681959,0.0265450612052,0.0784583089809,0.105003370186
1,4,0.06,0.02,0.245,0.34645581033,0.0260194337762,0.0785069122557,0.104526346032
1,4,0.06,0.02,0.25,0.339595525645,0.0255042144676,0.0785228277943,0.104027042262
1,4,0.06,0.02,0.255,0.332871083698,0.0249991971849,0.0785073310609,0.103506528246
1,4,0.06,0.02,0.26,0.326279794623,0.0245041799143,0.0784616598243,0.102965839739
1,4,0.06,0.02,0.265,0.319819021816,0.0240189646425,0.0783870151511,0.102405979794
1,4,0.06,0.02,0.27,0.313486180883,0.0235433572768,0.0782845623736,0.10182791965
1,4,0.06,0.02,0.275,0.307278738601,0.0230771675679,0.0781554320341,0.101232599602
1,4,0.06,0.02,0.28,0.301194211912,0.0226202090337,0.078000720806,0.10062092984
1,4,0.06,0.02,0.285,0.295230166924,0.0221722988848,0.0778214923912,0.099993791276
1,4,0.06,0.02,0.29,0.289384217939,0.021733257951,0.0776187783965,0.0993520363476
1,4,0.06,0.02,0.295,0.2836540265,0.0213029106102,0.0773935791874,0.0986964897976
1,4,0.06,0.02,0.3,0.278037300453,0.0208810847177,0.0771468647206,0.0980279494384
1,4,0.06,0.02,0.305,0.272531793034,0.0204676115375,0.0768795753564,0.0973471868939
1,4,0.06,0.02,0.31,0.267135301966,0.0200623256748,0.0765926226502,0.096654948325
1,4,0.06,0.02,0.315,0.26184566858,0.0196650650099,0.0762868901247,0.0959519551346
1,4,0.06,0.02,0.32,0.256660776954,0.0192756706332,0.0759632340225,0.0952389046557
1,4,0.06,0.02,0.325,0.25157855306,0.0188939867818,0.0756224840403,0.0945164708221
1,4,0.06,0.02,0.33,0.246596963942,0.018519860777,0.0752654440443,0.0937853048213
1,4,0.06,0.02,0.335,0.241714016897,0.0181531429634,0.0748928927678,0.0930460357312
1,4,0.06,0.02,0.34,0.236927758682,0.0177936866491,0.0745055844912,0.0922992711403
1,4,0.06,0.02,0.345,0.23223627473,0.0174413480467,0.0741042497057,0.0915455977523
1,4,0.06,0.02,0.35,0.227637688384,0.017095986216,0.0736895957587,0.0907855819748
1,4,0.06,0.02,0.355,0.223130160148,0.0167574630078,0.0732623074849,0.0900197704927
1,4,0.06,0.02,0.36,0.218711886952,0.0164256430082,0.0728230478198,0.0892486908281
1,4,0.06,0.02,0.365,0.214381101427,0.0161003934849,0.0723724583989,0.0884728518838
1,4,0.06,0.02,0.37,0.210136071201,0.0157815843336,0.0719111601408,0.0876927444745
1,4,0.06,0.02,0.375,0.205975098205,0.0154690880265,0.0714397538169,0.0869088418434
1,4,0.06,0.02,0.38,0.201896517995,0.0151627795608,0.0709588206049,0.0861216001657
1,4,0.06,0.02,0.385,0.197898699084,0.0148625364092,0.0704689226297,0.0853314590388
1,4,0.06,0.02,0.39,0.193980042291,0.0145682384702,0.0699706034901,0.0845388419603
1,4,0.06,0.02,0.395,0.190138980102,0.0142797680209,0.0694643887718,0.0837441567928
1,4,0.06,0.02,0.4,0.186373976039,0.0139970096693,0.0689507865481,0.0829477962173
1,10,0.01,0.02,0,0.818730753078,0.024000843276,0,0.024000843276
1,10,0.01,0.02,0.005,0.778800783071,0.022830308337,0.00377985237367,0.0266101607107
1,10,0.01,0.02,0.01,0.740818220682,0.0217168610606,0.00719101359621,0.0289078746568
1,10,0.01,0.02,0.015,0.704688089719,0.0206577172486,0.0102604555871,0.0309181728356
1,10,0.01,0.02,0.02,0.670320046036,0.0196502284899,0.0130133963509,0.0326636248408
1,10,0.01,0.02,0.025,0.637628151622,0.0186918755377,0.0154734069021,0.0341652824398
1,10,0.01,0.02,0.03,0.606530659713,0.0177802620106,0.0176625119311,0.0354427739417
1,10,0.01,0.02,0.035,0.57694981038,0.0169131083998,0.0196012845693,0.0365143929691
1,10,0.01,0.02,0.04,0.548811636094,0.0160882463697,0.021308935589,0.0373971819586
1,10,0.01,0.02,0.045,0.522045776761,0.0153036133355,0.0228033973542,0.0381070106896
1,10,0.01,0.02,0.05,0.496585303791,0.0145572473059,0.0241014028243,0.0386586501301
1,10,0.01,0.02,0.055,0.472366552741,0.0138472819771,0.025218559892,0.0390658418691
1,10,0.01,0.02,0.06,0.449328964117,0.0131719420659,0.0261694213231,0.039341363389
1,10,0.01,0.02,0.065,0.427414931949,0.0125295388709,0.0269675505501,0.039497089421
1,10,0.01,0.02,0.07,0.406569659741,0.0119184660495,0.0276255835584,0.0395440496079
1,10,0.01,0.02,0.075,0.386741023455,0.0113371956012,0.028155287089,0.0394924826902
1,10,0.01,0.02,0.08,0.367879441171,0.0107842740472,0.0285676133699,0.0393518874171
1,10,0.01,0.02,0.085,0.349937749111,0.0102583187955,0.0288727515768,0.0391310703724
1,10,0.01,0.02,0.09,0.332871083698,0.00975801468422,0.0290801762112,0.0388381908955
1,10,0.01,0.02,0.095,0.316636769379,0.00928211069234,0.0291986925752,0.0384808032676
1,10,0.01,0.02,0.1,0.301194211912,0.00882941681203,0.02923647951,0.038065896322
1,10,0.01,0.02,0.105,0.28650479686,0.00839880107278,0.0292011295577,0.0375999306305
1,10,0.01,0.02,0.11,0.272531793034,0.00798918671096,0.0290996866955,0.0370888734065
1,10,0.01,0.02,0.115,0.259240260646,0.00759954947729,0.0289386817844,0.0365382312617
1,10,0.01,0.02,0.12,0.246596963942,0.00722891507575,0.0287241658639,0.0359530809397
1,10,0.01,0.02,0.125,0.234570288094,0.00687635672727,0.0284617414208,0.0353380981481
1,10,0.01,0.02,0.13,0.223130160148,0.00654099285234,0.0281565917485,0.0346975846008
1,10,0.01,0.02,0.135,0.212247973827,0.0062219848666,0.0278135085096,0.0340354933762
1,10,0.01,0.02,0.14,0.201896517995,0.0059185350839,0.0274369176075,0.0333554526914
1,10,0.01,0.02,0.145,0.192049908621,0.00562988472175,0.0270309034654,0.0326607881871
1,10,0.01,0.02,0.15,0.182683524053,0.00535531200388,0.0265992318073,0.0319545438112
1,10,0.01,0.02,0.155,0.17377394345,0.00509413035547,0.0261453710297,0.0312395013852
1,10,0.01,0.02,0.16,0.165298888222,0.00484568668636,0.0256725122456,0.030518198932
1,10,0.01,0.02,0.165,0.157237166314,0.00460935975798,0.0251835880817,0.0297929478397
1,10,0.01,0.02,0.17,0.149568619223,0.0043845586299,0.0246812903008,0.0290658489307
1,10,0.01,0.02,0.175,0.142274071587,0.00417072118221,0.0241680863208,0.028338807503
1,10,0.01,0.02,0.18,0.135335283237,0.00396731270991,0.0236462346948,0.0276135474047
1,10,0.01,0.02,0.185,0.128734903588,0.00377382458586,0.0231177996154,0.0268916242012
1,10,0.01,0.02,0.19,0.122456428253,0.00358977298897,0.0225846645002,0.0261744374891
1,10,0.01,0.02,0.195,0.116484157773,0.00341469769439,0.0220485447154,0.0254632424098
1,10,0.01,0.02,0.2,0.110803158362,0.00324816092268,0.0215109994879,0.0247591604106
1,10,0.01,0.02,0.205,0.105399224562,0.00308974624516,0.0209734430549,0.0240631893001
1,10,0.01,0.02,0.21,0.100258843723,0.00293905754264,0.0204371550978,0.0233762126405
1,10,0.01,0.02,0.215,0.0953691622155,0.00279571801486,0.0199032905031,0.022699008518
1,10,0.01,0.02,0.22,0.0907179532894,0.00265936923834,0.0193728884912,0.0220322577296
1,10,0.01,0.02,0.225,0.0862935864994,0.00252967027012,0.0188468811516,0.0213765514217
1,10,0.01,0.02,0.23,0.0820849986239,0.00240629679523,0.0183261014206,0.0207323982158
1,10,0.01,0.02,0.235,0.0780816660012,0.0022889403157,0.0178112905361,0.0201002308518
1,10,0.01,0.02,0.24,0.0742735782143,0.00217730737922,0.0173031050004,0.0194804123796
1,10,0.01,0.02,0.245,0.0706512130604,0.0020711188453,0.0168021230827,0.018873241928
1,10,0.01,0.02,0.25,0.0672055127397,0.00197010918728,0.0163088508881,0.0182789600754
1,10,0.01,0.02,0.255,0.0639278612067,0.00187402582842,0.0158237280215,0.0176977538499
1,10,0.01,0.02,0.26,0.0608100626252,0.00178262851027,0.0153471328699,0.0171297613802
1,10,0.01,0.02,0.265,0.0578443208748,0.00169568869192,0.0148793875285,0.0165750762204
1,10,0.01,0.02,0.27,0.0550232200564,0.00161298897855,0.014420762391,0.0160337513696
1,10,0.01,0.02,0.275,0.0523397059484,0.00153432257779,0.0139714804269,0.0155058030047
1,10,0.01,0.02,0.28,0.0497870683679,0.00145949278267,0.0135317211639,0.0149912139465
1,10,0.01,0.02,0.285,0.0473589243911,0.00138831247972,0.0131016243948,0.0144899368745
1,10,0.01,0.02,0.29,0.0450492023936,0.00132060368112,0.0126812936266,0.0140018973077
1,10,0.01,0.02,0.295,0.042852126867,0.00125619707958,0.0122707992873,0.0135269963669
1,10,0.01,0.02,0.3,0.0407622039784,0.00119493162507,0.011870181706,0.0130651133311
1,10,0.01,0.02,0.305,0.0387742078317,0.00113665412203,0.0114794538815,0.0126161080035
1,10,0.01,0.02,0.31,0.0368831674012,0.00108121884636,0.011098604052,0.0121798228984
1,10,0.01,0.02,0.315,0.0350843541008,0.00102848718098,0.0107275980798,0.0117560852607
1,10,0.01,0.02,0.32,0.0333732699603,0.00097832726927,0.0103663816611,0.0113447089304
1,10,0.01,0.02,0.325,0.0317456363781,0.000930613685321,0.0100148823751,0.0109454960605
1,10,0.01,0.02,0.33,0.0301973834223,0.00088522712032,0.00967301157966,0.0105582387
1,10,0.01,0.02,0.335,0.0287246396542,0.000842054084215,0.00934066616596,0.0101827202502
1,10,0.01,0.02,0.34,0.0273237224473,0.000800986621926,0.00901773018062,0.00981871680255
1,10,0.01,0.02,0.345,0.0259911287788,0.000761922043408,0.0087040763237,0.0094659983671
1,10,0.01,0.02,0.35,0.0247235264703,0.000724762666865,0.00839956733122,0.00912432999808
1,10,0.01,0.02,0.355,0.023517745856,0.000689415574502,0.00810405724994,0.00879347282444
1,10,0.01,0.02,0.36,0.0223707718562,0.000655792380175,0.00781739261136,0.00847318499153
1,10,0.01,0.02,0.365,0.0212797364384,0.000623809008386,0.00753941351195,0.00816322252033
1,10,0.01,0.02,0.37,0.0202419114458,0.000593385484045,0.00726995460585,0.0078633400899
1,10,0.01,0.02,0.375,0.0192547017754,0.000564445732495,0.00700884601608,0.00757329174858
1,10,0.01,0.02,0.38,0.0183156388887,0.000536917389283,0.00675591416979,0.00729283155907
1,10,0.01,0.02,0.385,0.0174223746395,0.000510731619212,0.00651098256281,0.00702171418202
1,10,0.01,0.02,0.39,0.0165726754018,0.000485822944218,0.00627387245844,0.00675969540266
1,10,0.01,0.02,0.395,0.0157644164849,0.000462129079638,0.00604440352506,0.0065065326047
1,10,0.01,0.02,0.4,0.0149955768205,0.000439590778469,0.0058223944168,0.00626198519527
1,10,0.03,0.02,0,0.818730753078,0.03943249201,0,0.03943249201
1,10,0.03,0.02,0.005,0.778800783071,0.0375093466813,0.00370645718195,0.0412158038633
1,10,0.03,0.02,0.01,0.740818220682,0.0356799942571,0.00705138226425,0.0427313765213
1,10,0.03,0.02,0.015,0.704688089719,0.0339398604034,0.0100612234397,0.0440010838431
1,10,0.03,0.02,0.02,0.670320046036,0.0322845938791,0.0127607090431,0.0450453029223
1,10,0.03,0.02,0.025,0.637628151622,0.0307100556559,0.0151729523991,0.045883008055
1,10,0.03,0.02,0.03,0.606530659713,0.0292123085679,0.0173195505343,0.0465318591023
1,10,0.03,0.02,0.035,0.57694981038,0.0277876074674,0.019220677102,0.0470082845694
1,10,0.03,0.02,0.04,0.548811636094,0.0264323898595,0.0208951698494,0.0473275597089
1,10,0.03,0.02,0.045,0.522045776761,0.0251432669942,0.0223606129395,0.0475038799337
1,10,0.03,0.02,0.05,0.496585303791,0.023917015393,0.0236334144199,0.0475504298129
1,10,0.03,0.02,0.055,0.472366552741,0.022750568788,0.0247288791174,0.0474794479054
1,10,0.03,0.02,0.06,0.449328964117,0.0216410104553,0.0256612772197,0.047302287675
1,10,0.03,0.02,0.065,0.427414931949,0.020585565921,0.0264439087918,0.0470294747128
1,10,0.03,0.02,0.07,0.406569659741,0.0195815960241,0.0270891644602,0.0466707604842
1,10,0.03,0.02,0.075,0.386741023455,0.0186265903168,0.0276085824853,0.0462351728021
1,10,0.03,0.02,0.08,0.367879441171,0.0177181607874,0.0280129024307,0.0457310632182
1,10,0.03,0.02,0.085,0.349937749111,0.016854035889,0.0283121156239,0.0451661515129
1,10,0.03,0.02,0.09,0.332871083698,0.0160320548592,0.0285155125955,0.0445475674547
1,10,0.03,0.02,0.095,0.316636769379,0.0152501623173,0.0286317276709,0.0438818899882
1,10,0.03,0.02,0.1,0.301194211912,0.0145064031247,0.0286687808788,0.0431751840034
1,10,0.03,0.02,0.105,0.28650479686,0.0137989174958,0.0286341173333,0.0424330348291
1,10,0.03,0.02,0.11,0.272531793034,0.0131259363483,0.0285346442354,0.0416605805837
1,10,0.03,0.02,0.115,0.259240260646,0.0124857768786,0.0283767656332,0.0408625425119
1,10,0.03,0.02,0.12,0.246596963942,0.0118768383547,0.0281664150704,0.0400432534251
1,10,0.03,0.02,0.125,0.234570288094,0.011297598113,0.0279090862476,0.0392066843606
1,10,0.03,0.02,0.13,0.223130160148,0.0107466077513,0.0276098618116,0.0383564695629
1,10,0.03,0.02,0.135,0.212247973827,0.0102224895066,0.0272734403832,0.0374959298898
1,10,0.03,0.02,0.14,0.201896517995,0.00972393281033,0.0269041619258,0.0366280947361
1,10,0.03,0.02,0.145,0.192049908621,0.00924969101105,0.0265060315534,0.0357557225645
1,10,0.03,0.02,0.15,0.182683524053,0.00879857825725,0.0260827418693,0.0348813201266
1,10,0.03,0.02,0.155,0.17377394345,0.00836946653207,0.0256376939223,0.0340071604544
1,10,0.03,0.02,0.16,0.165298888222,0.00796128283268,0.0251740168622,0.0331352996949
1,10,0.03,0.02,0.165,0.157237166314,0.00757300648722,0.0246945863714,0.0322675928586
1,10,0.03,0.02,0.17,0.149568619223,0.00720366660258,0.0242020419454,0.031405708548
1,10,0.03,0.02,0.175,0.142274071587,0.00685233963666,0.0236988030912,0.0305511427279
1,10,0.03,0.02,0.18,0.135335283237,0.00651814708907,0.0231870845066,0.0297052315956
1,10,0.03,0.02,0.185,0.128734903588,0.00620025330434,0.0226689103024,0.0288691636068
1,10,0.03,0.02,0.19,0.122456428253,0.00589786338245,0.0221461273254,0.0280439907079
1,10,0.03,0.02,0.195,0.116484157773,0.00561022119107,0.0216204176336,0.0272306388246
1,10,0.03,0.02,0.2,0.110803158362,0.0053366074749,0.0210933101775,0.0264299176524
1,10,0.03,0.02,0.205,0.105399224562,0.00507633805714,0.0205661917335,0.0256425297906
1,10,0.03,0.02,0.21,0.100258843723,0.00482876212866,0.0200403171348,0.0248690792634
1,10,0.03,0.02,0.215,0.0953691622155,0.0045932606207,0.0195168188429,0.0241100794636
1,10,0.03,0.02,0.22,0.0907179532894,0.00436924465681,0.0189967158992,0.023365960556
1,10,0.03,0.02,0.225,0.0862935864994,0.0041561540804,0.0184809222943,0.0226370763747
1,10,0.03,0.02,0.23,0.0820849986239,0.00395345605404,0.0179702547911,0.0219237108451
1,10,0.03,0.02,0.235,0.0780816660012,0.00376064372707,0.0174654402344,0.0212260839615
1,10,0.03,0.02,0.24,0.0742735782143,0.00357723496825,0.0169671223791,0.0205443573473
1,10,0.03,0.02,0.245,0.0706512130604,0.00340277116015,0.0164758682656,0.0198786394257
1,10,0.03,0.02,0.25,0.0672055127397,0.00323681605238,0.0159921741718,0.0192289902242
1,10,0.03,0.02,0.255,0.0639278612067,0.00307895467072,0.0155164711667,0.0185954258374
1,10,0.03,0.02,0.26,0.0608100626252,0.00292879227949,0.0150491302899,0.0179779225694
1,10,0.03,0.02,0.265,0.0578443208748,0.0027859533945,0.0145904673823,0.0173764207768
1,10,0.03,0.02,0.27,0.0550232200564,0.00265008084414,0.0141407475873,0.0167908284315
1,10,0.03,0.02,0.275,0.0523397059484,0.00252083487625,0.0137001895448,0.0162210244211
1,10,0.03,0.02,0.28,0.0497870683679,0.0023978923086,0.0132689692966,0.0156668616052
1,10,0.03,0.02,0.285,0.0473589243911,0.00228094572072,0.0128472239211,0.0151281696418
1,10,0.03,0.02,0.29,0.0450492023936,0.00216970268524,0.0124350549154,0.0146047576007
1,10,0.03,0.02,0.295,0.042852126867,0.00206388503662,0.01203253134,0.0140964163766
1,10,0.03,0.02,0.3,0.0407622039784,0.00196322817562,0.0116396927408,0.0136029209164
1,10,0.03,0.02,0.305,0.0387742078317,0.00186748040766,0.0112565518643,0.013124032272
1,10,0.03,0.02,0.31,0.0368831674012,0.00177640231344,0.0108830971772,0.0126594994907
1,10,0.03,0.02,0.315,0.0350843541008,0.0016897661503,0.0105192952044,0.0122090613547
1,10,0.03,0.02,0.32,0.0333732699603,0.00160735528269,0.0101650926968,0.0117724479795
1,10,0.03,0.02,0.325,0.0317456363781,0.00152896364052,0.0098204186397,0.0113493822802
1,10,0.03,0.02,0.33,0.0301973834223,0.00145439520385,0.00948518611209,0.0109395813159
1,10,0.03,0.02,0.335,0.0287246396542,0.00138346351276,0.0091592940074,0.0105427575202
1,10,0.03,0.02,0.34,0.0273237224473,0.00131599120106,0.00884262862372,0.0101586198248
1,10,0.03,0.02,0.345,0.0259911287788,0.00125180955283,0.00853506513294,0.00978687468578
1,10,0.03,0.02,0.35,0.0247235264703,0.00119075808052,0.00823646893644,0.00942722701696
1,10,0.03,0.02,0.355,0.023517745856,0.00113268412366,0.00794669691498,0.00907938103864
1,10,0.03,0.02,0.36,0.0223707718562,0.00107744246709,0.00766559858007,0.00874304104716
1,10,0.03,0.02,0.365,0.0212797364384,0.0010248949779,0.00739301713307,0.00841791211097
1,10,0.03,0.02,0.37,0.0202419114458,0.000974910260002,0.00712879043875,0.00810370069875
1,10,0.03,0.02,0.375,0.0192547017754,0.000927363325561,0.00687275191868,0.00780011524425
1,10,0.03,0.02,0.38,0.0183156388887,0.000882135282477,0.00662473137038,0.00750686665285
1,10,0.03,0.02,0.385,0.0174223746395,0.000839113037082,0.00638455571693,0.00722366875401
1,10,0.03,0.02,0.39,0.0165726754018,0.000798189011355,0.00615204969226,0.00695023870361
1,10,0.03,0.02,0.395,0.0157644164849,0.000759260873914,0.00592703646632,0.00668629734024
1,10,0.03,0.02,0.4,0.0149955768205,0.000722231284139,0.00570933821454,0.00643156949867
1,10,0.06,0.02,0,0.818730753078,0.0614881031723,0,0.0614881031723
1,10,0.06,0.02,0.005,0.778800783071,0.0584892929943,0.00360155745039,0.0620908504446
1,10,0.06,0.02,0.01,0.740818220682,0.0556367365144,0.00685181484167,0.0624885513561
1,10,0.06,0.02,0.015,0.704688089719,0.0529233008557,0.00977647183295,0.0626997726886
1,10,0.06,0.02,0.02,0.670320046036,0.0503422010156,0.0123995569004,0.062741757916
1,10,0.06,0.02,0.025,0.637628151622,0.0478869829002,0.014743529218,0.0626305121182
1,10,0.06,0.02,0.03,0.606530659713,0.0455515071852,0.0168293745758,0.062380881761
1,10,0.06,0.02,0.035,0.57694981038,0.0433299339649,0.0186766956745,0.0620066296395
1,10,0.06,0.02,0.04,0.548811636094,0.0412167081491,0.0203037971178,0.0615205052669
1,10,0.06,0.02,0.045,0.522045776761,0.0392065455725,0.0217277654035,0.060934310976
1,10,0.06,0.02,0.05,0.496585303791,0.0372944197816,0.0229645442005,0.0602589639821
1,10,0.06,0.02,0.055,0.472366552741,0.0354755494659,0.0240290051801,0.0595045546461
1,10,0.06,0.02,0.06,0.449328964117,0.0337453865023,0.0249350146569,0.0586804011592
1,10,0.06,0.02,0.065,0.427414931949,0.0320996045822,0.0256954962788,0.057795100861
1,10,0.06,0.02,0.07,0.406569659741,0.0305340883934,0.0263224899943,0.0568565783877
1,10,0.06,0.02,0.075,0.386741023455,0.0290449233301,0.0268272075093,0.0558721308394
1,10,0.06,0.02,0.08,0.367879441171,0.027628385704,0.0272200844374,0.0548484701414
1,10,0.06,0.02,0.085,0.349937749111,0.0262809334331,0.0275108293326,0.0537917627657
1,10,0.06,0.02,0.09,0.332871083698,0.0249991971849,0.0277084697862,0.0527076669711
1,10,0.06,0.02,0.095,0.316636769379,0.0237799719511,0.0278213957557,0.0516013677068
1,10,0.06,0.02,0.1,0.301194211912,0.0226202090337,0.0278574002878,0.0504776093216
1,10,0.06,0.02,0.105,0.28650479686,0.0215170084212,0.0278237177861,0.0493407262073
1,10,0.06,0.02,0.11,0.272531793034,0.0204676115375,0.0277270599646,0.0481946715021
1,10,0.06,0.02,0.115,0.259240260646,0.0194693943437,0.0275736496247,0.0470430439685
1,10,0.06,0.02,0.12,0.246596963942,0.018519860777,0.0273692523798,0.0458891131567
1,10,0.06,0.02,0.125,0.234570288094,0.0176166365087,0.0271192064481,0.0447358429568
1,10,0.06,0.02,0.13,0.223130160148,0.0167574630078,0.0268284506283,0.0435859136361
1,10,0.06,0.02,0.135,0.212247973827,0.015940191893,0.0265015505611,0.0424417424541
1,10,0.06,0.02,0.14,0.201896517995,0.0151627795608,0.0261427233807,0.0413055029416
1,10,0.06,0.02,0.145,0.192049908621,0.0144232820755,0.0257558608491,0.0401791429245
1,10,0.06,0.02,0.15,0.182683524053,0.0137198503081,0.0253445510617,0.0390644013698
1,10,0.06,0.02,0.155,0.17377394345,0.0130507253128,0.0249120988113,0.0379628241241
1,10,0.06,0.02,0.16,0.165298888222,0.0124142339286,0.0244615446869,0.0368757786155
1,10,0.06,0.02,0.165,0.157237166314,0.0118087845955,0.0239956829835,0.035804467579
1,10,0.06,0.02,0.17,0.149568619223,0.0112328633748,0.0235170784941,0.034749941869
1,10,0.06,0.02,0.175,0.142274071587,0.0106850301635,0.023028082249,0.0337131124126
1,10,0.06,0.02,0.18,0.135335283237,0.0101639150932,0.0225308462658,0.032694761359
1,10,0.06,0.02,0.185,0.128734903588,0.00966821510482,0.0220273373694,0.0316955524742
1,10,0.06,0.02,0.19,0.122456428253,0.00919669069011,0.0215193501369,0.0307160408271
1,10,0.06,0.02,0.195,0.116484157773,0.00874816279246,0.0210085190213,0.0297566818138
1,10,0.06,0.02,0.2,0.110803158362,0.00832150985851,0.0204963297008,0.0288178395593
1,10,0.06,0.02,0.205,0.105399224562,0.00791566503369,0.0199841297033,0.027899794737
1,10,0.06,0.02,0.21,0.100258843723,0.00752961349454,0.0194731383479,0.0270027518425
1,10,0.06,0.02,0.215,0.0953691622155,0.00716238991112,0.0189644560455,0.0261268459566
1,10,0.06,0.02,0.22,0.0907179532894,0.0068130760332,0.0184590729964,0.0252721490296
1,10,0.06,0.02,0.225,0.0862935864994,0.00648079839414,0.0179578773237,0.0244386757178
1,10,0.06,0.02,0.23,0.0820849986239,0.00616472612677,0.0174616626743,0.0236263888011
1,10,0.06,0.02,0.235,0.0780816660012,0.00586406888577,0.0169711353221,0.0228352042079
1,10,0.06,0.02,0.24,0.0742735782143,0.00557807487144,0.0164869208023,0.0220649956737
1,10,0.06,0.02,0.245,0.0706512130604,0.00530602894978,0.0160095701071,0.0213155990569
1,10,0.06,0.02,0.25,0.0672055127397,0.00504725086429,0.0155395654689,0.0205868163332
1,10,0.06,0.02,0.255,0.0639278612067,0.00480109353495,0.0150773257563,0.0198784192912
1,10,0.06,0.02,0.26,0.0608100626252,0.00456694144022,0.0146232115081,0.0191901529483
1,10,0.06,0.02,0.265,0.0578443208748,0.00434420907791,0.0141775296262,0.0185217387041
1,10,0.06,0.02,0.27,0.0550232200564,0.00413233950109,0.0137405377499,0.017872877251
1,10,0.06,0.02,0.275,0.0523397059484,0.00393080292546,0.0133124483313,0.0172432512568
1,10,0.06,0.02,0.28,0.0497870683679,0.00373909540462,0.0128934324297,0.0166325278343
1,10,0.06,0.02,0.285,0.0473589243911,0.00355673756989,0.0124836232441,0.0160403608139
1,10,0.06,0.02,0.29,0.0450492023936,0.0033832734317,0.0120831193989,0.0154663928306
1,10,0.06,0.02,0.295,0.042852126867,0.00321826923937,0.0116919880002,0.0149102572395
1,10,0.06,0.02,0.3,0.0407622039784,0.00306131239645,0.0113102674746,0.014371579871
1,10,0.06,0.02,0.305,0.0387742078317,0.00291201042909,0.0109379702078,0.0138499806369
1,10,0.06,0.02,0.31,0.0368831674012,0.00276999000461,0.010575084993,0.0133450749976
1,10,0.06,0.02,0.315,0.0350843541008,0.00263489599795,0.0102215793024,0.0128564753004
1,10,0.06,0.02,0.32,0.0333732699603,0.00250639060375,0.0098774013941,0.0123837919979
1,10,0.06,0.02,0.325,0.0317456363781,0.00238415249158,0.00954248226311,0.0119266347547
1,10,0.06,0.02,0.33,0.0301973834223,0.00226787600249,0.00921673744854,0.011484613451
1,10,0.06,0.02,0.335,0.0287246396542,0.00215727038469,0.0089000687053,0.01105733909
1,10,0.06,0.02,0.34,0.0273237224473,0.00205205906652,0.00859236554946,0.010644424616
1,10,0.06,0.02,0.345,0.0259911287788,0.00195197896489,0.00829350668578,0.0102454856507
1,10,0.06,0.02,0.35,0.0247235264703,0.00185677982741,0.00800336132503,0.00986014115243
1,10,0.06,0.02,0.355,0.023517745856,0.00176622360665,0.00772179039852,0.00948801400517
1,10,0.06,0.02,0.36,0.0223707718562,0.00168008386489,0.00744864767686,0.00912873154175
1,10,0.06,0.02,0.365,0.0212797364384,0.00159814520791,0.00718378079912,0.00878192600703
1,10,0.06,0.02,0.37,0.0202419114458,0.00152020274639,0.00692703221878,0.00844723496517
1,10,0.06,0.02,0.375,0.0192547017754,0.00144606158358,0.00667824007193,0.0081243016555
1,10,0.06,0.02,0.38,0.0183156388887,0.00137553632794,0.0064372389731,0.00781277530104
1,10,0.06,0.02,0.385,0.0174223746395,0.0013084506296,0.00620386074381,0.00751231137341
1,10,0.06,0.02,0.39,0.0165726754018,0.00124463673938,0.00597793507833,0.00722257181771
1,10,0.06,0.02,0.395,0.0157644164849,0.00118393508932,0.00575929015124,0.00694322524055
1,10,0.06,0.02,0.4,0.0149955768205,0.00112619389366,0.00554775317073,0.00667394706439
