year,calendar_year,automation,real_gdp,capacity,raw_capacity,nominal_gdp,price_level,inflation,labour_share,labour_demand_proxy,investment_share,capital_stock,usownership_share,shadow_participation_share,participant_income_gdp,pass_through_levy_gdp,total_recorded_tax_gdp,use_dividend_gdp,median_use_dividend,mvi_gdp,mvi_real_resident_equivalent,fiscal_issuance_gdp,net_seigniorage_gdp,burn_gdp,money_growth,money_gdp,velocity,demurrage_rate,effective_demurrage,tax_rate,tax_gdp,public_expenditure_gdp,government_consumption_gdp,gini_income,gini_wealth,top10_wealth,top1_wealth,median_income,p10_income,mean_log_consumption,median_consumption,coverage_shortfall,secondary_sales_gdp,legacy_capital_share,ordinary_discounted_dividends,resource_pressure_proxy,output_gap,accounting_residual,goods_residual,equity_residual,controller_at_bound,policy,status,scenario,code
1,2028,0.00191263144382,0.975502840801,1.01067634336,1.01067634336,0.955992783985,0.98,-0.02,0.579081936907,0.964128584633,0.220047815786,3.03465726941,0,0,0,0,0.231883960134,0,0,0.0186868766226,0.0182291012311,0.0193870941771,0.0193870941771,0,0.0308898702262,0.647006894296,1.54557858474,0,0,0.297305353875,0.231883960134,0.251271054311,0.232584177688,0.37927668562,0.743948234083,0.671881201396,0.233401639953,0.382641226942,0.246722080779,-0.814686514264,0.37851662848,0.00130493371084,0,1,0.190242229981,1,-0.0348019450428,-2.32265984268e-16,-1.16132992134e-16,1.33226762955e-15,0,B0: targeted tax-transfer comparator,ok,slow,B0
2,2029,0.00397057522745,1.02371953733,1.02622277427,1.02622277427,0.983180243653,0.9604,-0.02,0.578094123891,0.995266091665,0.220099264381,3.07789775035,0,0,0,0,0.152551150005,0,0,0.012943326797,0.0132503365202,0.085430903477,0.085430903477,0,0.135795262782,0.714546394893,1.39948925241,0,0,0.195603290313,0.152551150005,0.237982053482,0.225038726685,0.394946030537,0.737135015242,0.660592060675,0.228144251111,0.45905232481,0.257448147018,-0.766999798861,0.408984954361,1.30207246859e-05,0,1,0.384976296518,1,-0.00243927245099,-5.64608082695e-17,5.64608082695e-17,1.33226762955e-15,0,B0: targeted tax-transfer comparator,ok,slow,B0
3,2030,0.00618367993805,1.0431751699,1.0431751699,1.0431751699,1.0036862514,0.96214545779,0.00181742793649,0.57703183363,0.996417650024,0.220154591998,3.12288368924,0,0,0,0,0.174018876936,0,0,0.0138446780147,0.0144424243402,0.0594266922844,0.0594266922844,0,0.0849016161896,0.75937440767,1.31687345518,0,0,0.22314535054,0.174018876936,0.23344556922,0.219600891205,0.392841782862,0.73402849378,0.654870497993,0.225279011035,0.451104442164,0.260673873531,-0.753515837797,0.426104119046,2.51617045956e-05,0,1,0.578592895086,1,0,0,1.38268186781e-16,1.33226762955e-15,0,B0: targeted tax-transfer comparator,ok,slow,B0
4,2031,0.00856226692381,1.06062246987,1.06062246987,1.06062246987,1.03202174982,0.973034024019,0.0113169647484,0.575890111877,0.995039679121,0.220214056673,3.16907464457,0,0,0,0,0.204553519468,0,0,0.0157066921161,0.0166588705857,0.0286913013146,0.0286913013146,0,0.0388494759491,0.767216097691,1.30341373572,0,0,0.262320090813,0.204553519468,0.233244820783,0.217538128666,0.3883250094,0.733859495747,0.653220802511,0.224300549121,0.434840235656,0.264290463441,-0.742283407691,0.425466668516,0.000177752080993,0,1,0.770733994674,1,0,2.68943708022e-16,1.34471854011e-16,1.33226762955e-15,0,B0: targeted tax-transfer comparator,ok,slow,B0
5,2032,0.0111171200807,1.07850265288,1.07850265288,1.07850265288,1.06538254641,0.98783488716,0.0152110437822,0.574663782361,0.993559593114,0.220277928002,3.21650049562,0,0,0,0,0.213942096208,0,0,0.0163395768978,0.0176222770313,0.0191011910631,0.0191011910631,0,0.0257015591301,0.762293110526,1.31183134964,0,0,0.274382506141,0.213942096208,0.233043287272,0.216703710374,0.387175858545,0.734540331665,0.653072193189,0.224059595055,0.434209261703,0.268398980867,-0.729625861537,0.427615239026,0.000248542019575,0,1,0.961505024814,1,0,2.6052215431e-17,-7.81566462931e-17,1.33226762955e-15,0,B0: targeted tax-transfer comparator,ok,slow,B0
6,2033,0.0138594687037,1.09683149778,1.09683149778,1.09683149778,1.10215074389,1.00484964748,0.0172242958223,0.573347455022,0.991970886613,0.220346486718,3.26519343294,0,0,0,0,0.214918389848,0,0,0.0164424878284,0.018034638552,0.0177989165273,0.0177989165273,0,0.0241549972305,0.754661618577,1.32509720302,0,0,0.275658848689,0.214918389848,0.232717306375,0.216274818546,0.387591202069,0.735341552286,0.653406666974,0.224089067877,0.440014695628,0.27278991272,-0.715658714266,0.431681754383,0.000283210274411,0,1,1.15101346053,1,0,3.27380337948e-16,5.03662058382e-17,1.33226762955e-15,0,B0: targeted tax-transfer comparator,ok,slow,B0
7,2034,0.016800962325,1.11562577689,1.11562577689,1.11562577689,1.14165261221,1.02332935995,0.0183905249083,0.571935538084,0.99026681077,0.220420024058,3.31518808754,0,0,0,0,0.213790498676,0,0,0.0164188723893,0.018317317265,0.0186555210784,0.0186555210784,0,0.0256063747999,0.747205392905,1.33832010515,0,0,0.274238058024,0.213790498676,0.232446019755,0.216027147366,0.388429656396,0.736074714903,0.653884803172,0.224222170996,0.447560706324,0.277370652555,-0.700784216227,0.437713517102,0.000301951681642,0,1,1.33936894463,1,0,0,0,1.33226762955e-15,0,B0: targeted tax-transfer comparator,ok,slow,B0
8,2035,0.0199536363932,1.13490330208,1.13490330208,1.13490330208,1.18355131115,1.04286533397,0.0190906024841,0.570422254531,0.98844039317,0.22049884091,3.36652166495,0,0,0,0,0.212238201209,0,0,0.0163788913129,0.0185884578355,0.0200194348043,0.0200194348043,0,0.0277756947443,0.740773136506,1.3499409613,0,0,0.272274388221,0.212238201209,0.232257636013,0.2158787447,0.389377244775,0.736697946363,0.654380665388,0.224388928736,0.455573146122,0.282111208888,-0.685316970241,0.444023392104,0.000312682903186,0,1,1.52668339314,1,0,-2.34510961663e-16,-4.69021923327e-17,1.33226762955e-15,0,B0: targeted tax-transfer comparator,ok,slow,B0
9,2036,0.023329867599,1.15468296845,1.15468296845,1.15468296845,1.2276775499,1.06321612377,0.0195143026919,0.568801663552,0.986484463707,0.22058324669,3.41923408313,0,0,0,0,0.210753739389,0,0,0.0163541355704,0.0188838418069,0.0213894237788,0.0213894237788,0,0.0299509832071,0.735537057295,1.35955080724,0,0,0.270399293439,0.210753739389,0.232143163168,0.215789027598,0.390345884827,0.737213769388,0.654857124132,0.224558656691,0.463665973933,0.28699775862,-0.669461120248,0.450593006294,0.000319139551785,0,1,1.7130710811,1,0,-2.26081967679e-16,0,1.33226762955e-15,0,B0: targeted tax-transfer comparator,ok,slow,B0
10,2037,0.0269423176208,1.1749847947,1.1749847947,1.1749847947,1.27396147704,1.08423656441,0.0197706187626,0.567067687542,0.984391687176,0.220673557941,3.47336811331,0,0,0,0,0.209487309715,0,0,0.0163535400237,0.0192151608674,0.0226010200274,0.0226010200274,0,0.0318856638849,0.731415492543,1.36721194751,0,0,0.268805597256,0.209487309715,0.232088329742,0.215734789719,0.391313163534,0.737638876949,0.655274457321,0.224719305492,0.471712102839,0.292025712022,-0.653342533409,0.458588044595,0.000323319605227,0,1,1.89864870552,1,0,2.17868248889e-16,8.71472995557e-17,1.33226762955e-15,0,B0: targeted tax-transfer comparator,ok,slow,B0
11,2038,0.030803864069,1.19582995896,1.19582995896,1.19582995896,1.32239702398,1.10584035303,0.0199253459343,0.565214145247,0.982154603277,0.220770096602,3.52896952207,0,0,0,0,0.208467008135,0,0,0.0163782317447,0.0195855801951,0.0236132854094,0.0236132854094,0,0.0335118056538,0.728239161236,1.37317526059,0,0,0.26752952784,0.208467008135,0.232080293545,0.2157020618,0.392279379301,0.73799374978,0.655640076728,0.224867923158,0.480411888933,0.297194851712,-0.637037328248,0.467081486923,0.000326341933306,0,1,2.08353542206,1,0,1.25933022136e-16,-8.39553480907e-17,1.33226762955e-15,0,B0: targeted tax-transfer comparator,ok,slow,B0
12,2039,0.0349275174422,1.21724082862,1.21724082862,1.21724082862,1.37302078389,1.12797792483,0.0200187773414,0.563234791628,0.979765674725,0.220873187936,3.58608721305,0,0,0,0,0.207674039347,0,0,0.0164265049263,0.0199950124679,0.0244347695591,0.0244347695591,0,0.0348376993004,0.725823496419,1.37774542287,0,0,0.2665471604,0.207674039347,0.232108808906,0.21568230398,0.393252574946,0.738297717136,0.655965915525,0.22500577424,0.489930397767,0.302507556075,-0.620591090956,0.475832677947,0.000328838544617,0,1,2.26785285163,1,0,-1.61719769671e-16,-4.04299424179e-17,1.33226762955e-15,0,B0: targeted tax-transfer comparator,ok,slow,B0
13,2040,0.0393263230004,1.23924098275,1.23924098275,1.23924098275,1.42589932396,1.15062311835,0.0200759190572,0.56112336496,0.977217344096,0.220983158075,3.64477336625,0,0,0,0,0.207075110657,0,0,0.0164972168879,0.0204440272688,0.0250923283096,0.0250923283096,0,0.0359022519135,0.723999136997,1.38121711601,0,0,0.265815961238,0.207075110657,0.232167438966,0.215670222079,0.394241893021,0.738567109887,0.65626435278,0.225135798489,0.499566326795,0.307967805838,-0.604029088346,0.48371416665,0.00033119679091,0,1,2.4517250529,1,0,-3.89306245528e-17,-3.89306245528e-17,1.33226762955e-15,0,B0: targeted tax-transfer comparator,ok,slow,B0
14,2041,0.0440132465984,1.26185522528,1.26185522528,1.26185522528,1.48112126846,1.17376481769,0.0201123191196,0.558873641633,0.974502099969,0.221100331165,3.70508357247,0,0,0,0,0.206635945481,0,0,0.0165901774872,0.0209344021505,0.0256167584524,0.0256167584524,0,0.0367525840881,0.722622400043,1.38384860467,0,0,0.265292121371,0.206635945481,0.232252703933,0.215662526446,0.395254057736,0.738814988675,0.656546525204,0.225261352244,0.508600950697,0.313578807451,-0.58736335079,0.491182075393,0.000333666943872,0,1,2.63527845642,1,0,-7.49582798026e-17,-1.12437419704e-16,1.33226762955e-15,0,B0: targeted tax-transfer comparator,ok,slow,B0
15,2042,0.0490010437402,1.2851095872,1.2851095872,1.2851095872,1.53878996025,1.19739979809,0.020136044327,0.556479499005,0.971612552782,0.221225026094,3.76707696008,0,0,0,0,0.206321130246,0,0,0.0167005031511,0.0214619767106,0.0260368837084,0.0260368837084,0,0.037434006319,0.72157781744,1.38585191483,0,0,0.264930354927,0.206321130246,0.232358013954,0.215657510803,0.396302670588,0.739052139045,0.656827663452,0.225385646197,0.51664573183,0.319335750719,-0.570605396442,0.498741235579,0.000336282071734,0,1,2.8186417559,1,0,2.164472839e-16,3.60745473167e-17,1.33226762955e-15,0,B0: targeted tax-transfer comparator,ok,slow,B0
16,2043,0.0543021113941,1.30903131583,1.30903131583,1.30903131583,1.59902180801,1.22153059952,0.0201526686959,0.553934986531,0.968541520683,0.221357552785,3.83081631107,0,0,0,0,0.206101544286,0,0,0.016826514807,0.0220264348186,0.0263789669778,0.0263789669778,0,0.0379882819926,0.720776438887,1.38739274212,0,0,0.264693435379,0.206101544286,0.232480511263,0.215653996456,0.397396963763,0.739286697657,0.65711520033,0.225511423277,0.524717489715,0.325256202261,-0.553761330958,0.506388526985,0.000339099178212,0,1,3.00194575205,1,0,0,-6.94313873057e-17,1.33226762955e-15,0,B0: targeted tax-transfer comparator,ok,slow,B0
17,2044,0.0599283224886,1.33364884901,1.33364884901,1.33364884901,1.66194541446,1.2461641726,0.0201661530957,0.551234405205,0.965282125407,0.221498208062,3.89636816264,0,0,0,0,0.2059579014,0,0,0.0169697634652,0.0226317055133,0.0266630080404,0.0266630080404,0,0.0384477500928,0.720149830443,1.38859992425,0,0,0.264556746732,0.2059579014,0.23262090944,0.215651145975,0.398539189067,0.739524433541,0.657410178595,0.225640951544,0.532829263036,0.331346839446,-0.536830846806,0.514121312712,0.000342214848038,0,1,3.18532314438,1,0,-1.67006541696e-16,3.34013083391e-17,1.33226762955e-15,0,B0: targeted tax-transfer comparator,ok,slow,B0
18,2045,0.0658908434629,1.35899177234,1.35899177234,1.35899177234,1.72769891118,1.27130932383,0.0201780405706,0.548372395138,0.961827897976,0.221647271087,3.96380289065,0,0,0,0,0.205873537031,0,0,0.0171289105941,0.0232780485665,0.0269040066951,0.0269040066951,0,0.0388369757256,0.719646069959,1.38957196009,0,0,0.264499023878,0.205873537031,0.232777543726,0.215648633132,0.399736255466,0.739770057393,0.65771726671,0.225776104899,0.540835610959,0.337614812275,-0.519815057,0.521938504476,0.000345627852899,0,1,3.36890826647,1,0,6.42602144065e-17,3.21301072032e-17,1.33226762955e-15,0,B0: targeted tax-transfer comparator,ok,slow,B0
19,2046,0.0721999358085,1.38509075722,1.38509075722,1.38509075722,1.79643140383,1.29697739622,0.0201902651913,0.545344030812,0.958172893668,0.221804998395,4.0331947704,0,0,0,0,0.205839095564,0,0,0.0173074790446,0.0239724292555,0.0271144325626,0.0271144325626,0,0.0391763653402,0.719226432416,1.39038271527,0,0,0.264508375329,0.205839095564,0.232953528126,0.215646049082,0.400986690673,0.74002660922,0.658039963496,0.225918340246,0.548820404792,0.344067667918,-0.502709226155,0.529837416789,0.000349442591705,0,1,3.55283676041,1,0,-3.09007909308e-17,3.09007909308e-17,1.33226762955e-15,0,B0: targeted tax-transfer comparator,ok,slow,B0
20,2047,0.0788647431796,1.41197747789,1.41197747789,1.41197747789,1.8682984399,1.3231786407,0.020201774183,0.542144923274,0.954311815352,0.221971618579,4.10462201034,0,0,0,0,0.20584188755,0,0,0.0175006218653,0.0247104839229,0.027302350674,0.027302350674,0,0.0394793517832,0.718862607893,1.39108640374,0,0,0.264568610176,0.20584188755,0.233144238224,0.215643616358,0.402302202754,0.740297104296,0.658381242625,0.226068876881,0.557486456508,0.350713435396,-0.485518076463,0.538436978178,0.000353543610984,0,1,3.7372451866,1,0,2.9712143438e-17,5.9424286876e-17,1.33226762955e-15,0,B0: targeted tax-transfer comparator,ok,slow,B0
21,2048,0.0858930663843,1.43968450559,1.43968450559,1.43968450559,1.94346493879,1.34992418911,0.0202131047089,0.538771328136,0.950240143837,0.22214732666,4.17816675387,0,0,0,0,0.205873311412,0,0,0.0177082525267,0.0254942967838,0.0274761625265,0.0274761625265,0,0.039759475033,0.718535652214,1.39171939057,0,0,0.264668771437,0.205873311412,0.233349473939,0.215641221412,0.403686503211,0.74058366262,0.65874323452,0.226228604446,0.566261810931,0.357559683758,-0.468243604547,0.546888996387,0.000357938762534,0,1,3.92227056565,1,0,-2.85629805422e-17,0,1.33226762955e-15,0,B0: targeted tax-transfer comparator,ok,slow,B0
22,2049,0.0932911293683,1.46824517845,1.46824517845,1.46824517845,2.02210507968,1.37722575858,0.0202245205217,0.535220257903,0.945954273446,0.222332278234,4.25391504417,0,0,0,0,0.205928825481,0,0,0.0179300374583,0.0263256910476,0.0276400204701,0.0276400204701,0,0.0400236828588,0.718231652619,1.39230845139,0,0,0.264803102555,0.205928825481,0.233568845951,0.215638808492,0.405142280516,0.740888059484,0.659127623203,0.226398233488,0.575215494628,0.364616931873,-0.450887626282,0.55581956752,0.00036262641053,0,1,4.1080498499,1,0,-2.1961727623e-16,5.49043190576e-17,1.33226762955e-15,0,B0: targeted tax-transfer comparator,ok,slow,B0
23,2050,0.101063340149,1.49769344599,1.49769344599,1.49769344599,2.10440202925,1.40509530497,0.0202360043134,0.531489596729,0.941451650513,0.222526583504,4.33195674719,0,0,0,0,0.206005046977,0,0,0.0181655434211,0.0272064153247,0.0277968777026,0.0277968777026,0,0.0402769399407,0.717940611152,1.39287287063,0,0,0.264967319276,0.206005046977,0.23380192468,0.215636381259,0.406672666995,0.741211587111,0.659535723378,0.226578321798,0.584334455135,0.371943296156,-0.433452381553,0.565163097648,0.000367598015024,0,1,4.29471932327,1,0,1.31892933146e-16,5.27571732584e-17,1.33226762955e-15,0,B0: targeted tax-transfer comparator,ok,slow,B0
24,2051,0.10921205152,1.52806368768,1.52806368768,1.52806368768,2.19054749396,1.43354463012,0.0202472565757,0.52757821527,0.936730912008,0.222730301288,4.4123854279,0,0,0,0,0.206098499674,0,0,0.0184133627946,0.0281367910544,0.0279488661348,0.0279488661348,0,0.0405228176182,0.717655746791,1.39342575388,0,0,0.265156997649,0.206098499674,0.234047365809,0.215634003015,0.408279603936,0.741555343729,0.659968560652,0.226769299054,0.595755216803,0.379501401507,-0.415941819542,0.574640154542,0.000372820080923,0,1,4.48241392931,1,0,-5.06824448082e-17,-5.06824448082e-17,1.33226762955e-15,0,B0: targeted tax-transfer comparator,ok,slow,B0
25,2052,0.117737327191,1.55939050564,1.55939050564,1.55939050564,2.2807451704,1.46258757005,0.0202595296415,0.523486082948,0.931792021024,0.22294343318,4.49529817522,0,0,0,0,0.206212693228,0,0,0.0186787915876,0.0291275302586,0.0280975074353,0.0280975074353,0,0.0407638991151,0.717371792901,1.39397730702,0,0,0.265376681742,0.206212693228,0.234310200664,0.215631409076,0.409956549639,0.741919345116,0.660426650251,0.226971421339,0.606157871473,0.387299717227,-0.398351847974,0.583198238474,0.000378423531836,0,1,4.67126652894,1,0,0,2.43390414464e-17,1.33226762955e-15,0,B0: targeted tax-transfer comparator,ok,slow,B0
26,2053,0.126636719776,1.59170849238,1.59170849238,1.59170849238,2.37521172052,1.49224040199,0.0202742266858,0.519214374507,0.926636395389,0.223165917994,4.58079537159,0,0,0,0,0.206357686232,0,0,0.0189713753155,0.0301968992017,0.0282419919907,0.0282419919907,0,0.0409993142732,0.717082585825,1.39453951298,0,0,0.265639331502,0.206357686232,0.234599678222,0.215628302907,0.411689867509,0.742302720496,0.660910108747,0.227184825184,0.615652060116,0.395321804171,-0.380669846507,0.593318873728,0.000384629963687,0,1,4.86140709122,1,0,1.40226197315e-16,0,1.33226762955e-15,0,B0: targeted tax-transfer comparator,ok,slow,B0
27,2054,0.135905067694,1.62505197523,1.62505197523,1.62505197523,2.47417125715,1.5225182301,0.0202901811688,0.514765567507,0.921267025326,0.223397626692,4.66898040381,0,0,0,0,0.206534649493,0,0,0.0192909441223,0.0313487868501,0.0283812257127,0.0283812257127,0,0.041227727931,0.716782627803,1.39512309759,0,0,0.265946456761,0.206534649493,0.234915875206,0.215624931084,0.413479114246,0.742705099684,0.661419144591,0.227409641269,0.626950977523,0.403557542019,-0.362891930804,0.603539501447,0.000391416751158,0,1,5.05296182246,1,0,1.79490085243e-16,0,1.33226762955e-15,0,B0: targeted tax-transfer comparator,ok,slow,B0
28,2055,0.145534318475,1.6594547403,1.6594547403,1.6594547403,2.57785385381,1.5534342644,0.0203058549264,0.510143527132,0.915688575819,0.223638357962,4.75995931282,0,0,0,0,0.206738371372,0,0,0.0196334632082,0.0325808435895,0.0285167105278,0.0285167105278,0,0.041451522916,0.716469975493,1.39573189974,0,0,0.266291326333,0.206738371372,0.2352550819,0.215621618692,0.415330361149,0.743126868762,0.661953842151,0.227645899036,0.637255066586,0.412052495627,-0.345022775112,0.614778933302,0.000398674255609,0,1,5.2460522411,1,0,-1.29203176858e-16,0,1.33226762955e-15,0,B0: targeted tax-transfer comparator,ok,slow,B0
29,2056,0.155513386181,1.69494973953,1.69494973953,1.69494973953,2.68650091115,1.58500328859,0.0203220856605,0.505353574633,0.90990746921,0.223887834655,4.85384038108,0,0,0,0,0.206970589567,0,0,0.0200020635139,0.0339024923429,0.028649662646,0.028649662646,0,0.0416725634855,0.716144269404,1.39636668577,0,0,0.266676131117,0.206970589567,0.235620252213,0.215618188699,0.417235005764,0.743567529731,0.662513803759,0.227893447421,0.646072506921,0.420814552523,-0.327061308556,0.623903086739,0.000406483648117,0,1,5.44079420844,1,2.22044604925e-16,-1.23977961818e-16,-4.13259872728e-17,1.33226762955e-15,0,B0: targeted tax-transfer comparator,ok,slow,B0
30,2057,0.165828050499,1.7315687857,1.7315687857,1.7315687857,2.80036287117,1.61724032814,0.0203387840139,0.50040253576,0.903931943659,0.224145701262,4.95073365797,0,0,0,0,0.207235936667,0,0,0.0203995910596,0.0353232951197,0.028778314393,0.028778314393,0,0.041888243594,0.715804360936,1.39702976759,0,0,0.267106771212,0.207235936667,0.23601425106,0.21561466,0.41918716822,0.74402599856,0.663098422188,0.228152055467,0.654922520504,0.429851414091,-0.309005366448,0.632523554731,0.000414902876532,0,1,5.6372969272,1,0,-1.98228421762e-16,-7.92913687047e-17,1.33226762955e-15,0,B0: targeted tax-transfer comparator,ok,slow,B0
31,2058,0.176460904651,1.76934224118,1.76934224118,1.76934224118,2.91969257513,1.65015705112,0.0203536372497,0.495298765768,0.897772083318,0.224411522616,5.05075042487,0,0,0,0,0.207524451391,0,0,0.0208149926716,0.0368288457837,0.0289020625895,0.0289020625895,0,0.0420975975333,0.715451041225,1.39771967945,0,0,0.267570312662,0.207524451391,0.23642651398,0.215611521308,0.421198166261,0.744502935672,0.663707416578,0.228421533938,0.663851358457,0.43917091496,-0.290869434181,0.64118428384,0.000423660810193,0,1,5.83566192273,1,0,-4.18278738484e-16,-3.80253398622e-17,1.33226762955e-15,0,B0: targeted tax-transfer comparator,ok,slow,B0
32,2059,0.187391358359,1.80829870706,1.80829870706,1.80829870706,3.04475298784,1.6837666122,0.020367492328,0.490052147988,0.891439816615,0.224684783959,5.1540026037,0,0,0,0,0.207838378881,0,0,0.0212522552219,0.0384304256399,0.0290224699649,0.0290224699649,0,0.0423028269027,0.715087021435,1.39843119792,0,0,0.268069521377,0.207838378881,0.236860848845,0.215608593624,0.423258040293,0.744997388547,0.664339692503,0.228701410857,0.673817023947,0.448779902471,-0.272656767721,0.649527200751,0.000432855145185,0,1,6.03598202351,1,0,3.64634841992e-17,-3.64634841992e-17,1.33226762955e-15,0,B0: targeted tax-transfer comparator,ok,slow,B0
33,2060,0.198595700915,1.84846472008,1.84846472008,1.84846472008,3.17582178005,1.71808622883,0.02038264471,0.484674063561,0.884948879716,0.224964892523,5.26060211457,0,0,0,0,0.208188864568,0,0,0.0217207102057,0.0401499665102,0.0291372375369,0.0291372375369,0,0.0425004507559,0.714712026007,1.39916492743,0,0,0.268618624575,0.208188864568,0.237326102105,0.215605391899,0.42534917186,0.745506995864,0.664993690322,0.228991080228,0.684475453045,0.458684376521,-0.254357602291,0.659106956087,0.00044272551897,0,1,6.23834035967,1,0,-1.39834424161e-16,6.99172120803e-17,1.33226762955e-15,0,B0: targeted tax-transfer comparator,ok,slow,B0
34,2061,0.210047227727,1.8898644654,1.8898644654,1.8898644654,3.31317355236,1.75312759884,0.020395582839,0.479177330691,0.878314743213,0.225251180693,5.37066018987,0,0,0,0,0.2085655239,0,0,0.0222058689478,0.0419660826478,0.0292430031738,0.0292430031738,0,0.042685359627,0.714325744173,1.39992154582,0,0,0.269204055176,0.2085655239,0.237808527074,0.215602658126,0.427485316878,0.74603241837,0.665668655026,0.229290136368,0.694396054754,0.468890924457,-0.235987870364,0.66987180419,0.000452901639638,0,1,6.44280939974,1,0,-3.35093531045e-17,1.00528059314e-16,1.33226762955e-15,0,B0: targeted tax-transfer comparator,ok,slow,B0
35,2062,0.221716431811,1.93251951347,1.93251951347,1.93251951347,3.45709589968,1.78890607603,0.0204083702849,0.47357611273,0.871554501191,0.225542910795,5.48428665472,0,0,0,0,0.208975488385,0,0,0.0227184093819,0.0439037694454,0.0293428772562,0.0293428772562,0,0.0428621188056,0.713930528869,1.40069650976,0,0,0.269834818866,0.208975488385,0.238318365641,0.215599956259,0.429642972611,0.74657181591,0.666362535959,0.229597740631,0.701562387515,0.479404424906,-0.217542273378,0.6765470317,0.000463645710948,0,1,6.64945004678,1,0,-1.60571626712e-16,3.21143253425e-17,1.33226762955e-15,0,B0: targeted tax-transfer comparator,ok,slow,B0
36,2063,0.233571259439,1.97644858901,1.97644858901,1.97644858901,3.60788533696,1.82543849459,0.020421652678,0.467885795469,0.864686723122,0.225839281486,5.60158918467,0,0,0,0,0.209424535909,0,0,0.0232607639137,0.0459737040166,0.0294333778912,0.0294333778912,0,0.0430254530889,0.713525601867,1.40149140743,0,0,0.270518163607,0.209424535909,0.2388579138,0.215597149887,0.431810496983,0.747123326702,0.667073351013,0.2299130742,0.710785877008,0.490229288207,-0.199015630819,0.683799866556,0.00047502324167,0,1,6.85831081548,1,0,-3.07721260776e-17,0,1.33226762955e-15,0,B0: targeted tax-transfer comparator,ok,slow,B0
37,2064,0.245577426807,2.02166738016,2.02166738016,2.02166738016,3.76583143999,1.86273542173,0.0204317632469,0.462122835133,0.857731270412,0.22613943567,5.72267255405,0,0,0,0,0.209895903132,0,0,0.0238141310247,0.0481442518796,0.0295132416154,0.0295132416154,0,0.0431733255737,0.713112228332,1.40230381736,0,0,0.27123219971,0.209895903132,0.239409144747,0.215595013722,0.434005291403,0.74768726106,0.667799969197,0.23023551995,0.723440262283,0.501370939949,-0.180430293595,0.695961881666,0.000486564687026,0,1,7.06942711126,1,0,3.24296333107e-16,8.84444544838e-17,1.33226762955e-15,0,B0: targeted tax-transfer comparator,ok,slow,B0
38,2065,0.257698792185,2.06818839435,2.06818839435,2.06818839435,3.93122844268,1.90080770853,0.0204389127701,0.456304579751,0.85070908081,0.226442469805,5.84763788885,0,0,0,0,0.21038288039,0,0,0.0243751853562,0.0504124754638,0.0295858081605,0.0295858081605,0,0.0433104760687,0.71269555079,1.40312367447,0,0,0.271967981925,0.21038288039,0.239968688551,0.215593503194,0.436224579457,0.748263129156,0.668540533352,0.230564188882,0.733920312635,0.512832717473,-0.161801405543,0.708360003679,0.00049820228725,0,1,7.28282063144,1,0,-2.2592897682e-16,0,1.33226762955e-15,0,B0: targeted tax-transfer comparator,ok,slow,B0
39,2066,0.269897775684,2.11602086706,2.11602086706,2.11602086706,4.10438177719,1.93966980246,0.0204450422582,0.450449067672,0.843641925219,0.226747444392,5.9765819394,0,0,0,0,0.210892670818,0,0,0.0249500816985,0.0527948935089,0.0296496190734,0.0296496190734,0,0.0434344713454,0.712278373494,1.40394547583,0,0,0.272734528051,0.210892670818,0.240542289891,0.215592208193,0.438449613441,0.748848928017,0.669292545824,0.230898004561,0.746334009265,0.52461578752,-0.143128853875,0.71948951785,0.000510105474672,0,1,7.49849890642,1,0,3.245964196e-16,1.622982098e-16,1.33226762955e-15,0,B0: targeted tax-transfer comparator,ok,slow,B0
40,2067,0.282135816755,2.1651707275,2.1651707275,2.1651707275,4.28560545548,1.97933835011,0.0204511858678,0.444574807958,0.836552142667,0.227053395419,6.10959638838,0,0,0,0,0.211434889434,0,0,0.0255457444646,0.0553108981271,0.0297017652545,0.0297017652545,0,0.0435408535568,0.711860308972,1.40476999124,0,0,0.273543978563,0.211434889434,0.241136654688,0.215590910224,0.440661000449,0.749441073021,0.67005320526,0.23123580952,0.757851848803,0.536721356701,-0.12440475019,0.732057005144,0.000522440768178,0,1,7.71645499618,1,0,2.59058617542e-17,1.03623447017e-16,1.33226762955e-15,0,B0: targeted tax-transfer comparator,ok,slow,B0
41,2068,0.294373857826,2.21564062398,2.21564062398,2.21564062398,4.4752347429,2.0198378268,0.0204611185785,0.438700548244,0.829462360115,0.227359346446,6.2467672093,0,0,0,0,0.212028819091,0,0,0.0261808264913,0.0580073027435,0.0297408191583,0.0297408191583,0,0.0436276461331,0.711437444907,1.40560495819,0,0,0.274420997803,0.212028819091,0.24176963825,0.215588811758,0.442821615079,0.750034487661,0.670818976274,0.231576239283,0.766332724965,0.549149065088,-0.105599800235,0.741770401738,0.000535688995321,0,1,7.93666735365,1,0,-1.98465213721e-16,2.48081517151e-17,1.33226762955e-15,0,B0: targeted tax-transfer comparator,ok,slow,B0
42,2069,0.306572841325,2.26743000936,2.26743000936,2.26743000936,4.67358725959,2.06118259011,0.0204693479686,0.432845036164,0.822395204525,0.227664321033,6.38817409032,0,0,0,0,0.212657846429,0,0,0.0268337881914,0.06084373661,0.0297630149441,0.0297630149441,0,0.0436892649461,0.711006221503,1.4064574539,0,0,0.275343807389,0.212657846429,0.242420861373,0.215587073182,0.444950279135,0.750628364194,0.671588117815,0.231918448216,0.774680886417,0.561900240866,-0.0867280656677,0.7515382702,0.000549270147805,0,1,8.15909986291,1,0,4.75105294054e-17,9.50210588107e-17,1.33226762955e-15,0,B0: targeted tax-transfer comparator,ok,slow,B0
43,2070,0.318694206703,2.32053528544,2.32053528544,2.32053528544,4.88098426499,2.10338722088,0.0204759301617,0.427026780783,0.815373014922,0.227967355168,6.53388993649,0,0,0,0,0.213311932848,0,0,0.0275011626798,0.063817418389,0.0297749124505,0.0297749124505,0,0.0437355048544,0.71056989926,1.40732108276,0,0,0.276299110246,0.213311932848,0.243086845299,0.215585682619,0.447043433645,0.751221645125,0.672358251921,0.232261336522,0.783063858674,0.574974242397,-0.0677981545389,0.760735160955,0.000563111886398,0,1,8.38370205524,1,0,4.54917682316e-17,9.09835364633e-17,1.33226762955e-15,0,B0: targeted tax-transfer comparator,ok,slow,B0
44,2071,0.330700374071,2.37495000281,2.37495000281,2.37495000281,5.09773441559,2.14645967686,0.0204776636239,0.421263820446,0.808417562213,0.228267509352,6.68398046228,0,0,0,0,0.213976336067,0,0,0.0281671423441,0.0668955547891,0.0297761226854,0.0297761226854,0,0.0437654236695,0.710133358806,1.40818620559,0,0,0.277267497041,0.213976336067,0.243752458752,0.215585316408,0.449115257627,0.751814671978,0.67312755174,0.232603958933,0.791514640965,0.588377483576,-0.0488353699161,0.768983845576,0.000576797266168,0,1,8.61040950158,1,0,-2.17787537387e-16,-1.30672522432e-16,1.33226762955e-15,0,B0: targeted tax-transfer comparator,ok,slow,B0
45,2072,0.342555201698,2.43066511095,2.43066511095,2.43066511095,5.32416691542,2.19041565678,0.0204783627634,0.415573503185,0.801549784144,0.228563880042,6.83850388339,0,0,0,0,0.214659644967,0,0,0.0288442350277,0.070110675734,0.029769758769,0.029769758769,0,0.0437834377309,0.7097017219,1.40904265714,0,0,0.278259779927,0.214659644967,0.244429403736,0.215585168709,0.451136470311,0.752404054307,0.673892830673,0.232944962357,0.800034744994,0.602120350061,-0.0298338197291,0.777149941897,0.000590682708528,0,1,8.83914437519,1,0,-2.91935294135e-16,0,1.33226762955e-15,0,B0: targeted tax-transfer comparator,ok,slow,B0
46,2073,0.354224405783,2.48766925187,2.48766925187,2.48766925187,5.56062202158,2.23527384816,0.0204793054887,0.409972285224,0.794789542122,0.228855610145,6.99751071486,0,0,0,0,0.215370032821,0,0,0.0295363284495,0.0734766160969,0.0297512651781,0.0297512651781,0,0.0437825742543,0.709274241725,1.40989188832,0,0,0.279286260335,0.215370032821,0.245121297999,0.21558496955,0.453090100141,0.752986629778,0.674651220713,0.233283143276,0.807218386803,0.616170463655,-0.0107846126943,0.783463604375,0.000604883493331,0,1,9.06981617367,1,0,1.59726450792e-16,1.19794838094e-16,1.33226762955e-15,0,B0: targeted tax-transfer comparator,ok,slow,B0
47,2074,0.365675932595,2.54594908909,2.54594908909,2.54594908909,5.80743878321,2.28105063377,0.0204792740038,0.404475552354,0.788155405619,0.229141898315,7.16104367925,0,0,0,0,0.216105153962,0,0,0.0302401042133,0.0769897657758,0.0297199264529,0.0297199264529,0,0.0437617627667,0.708849937995,1.41073582207,0,0,0.280343624189,0.216105153962,0.245825080415,0.215584976201,0.454974376169,0.753560436695,0.675400295087,0.233617444201,0.815045544584,0.630514564958,0.00831282095886,0.789819989466,0.000619295380089,0,1,9.30232258551,1,0,-1.14703544823e-16,0,1.33226762955e-15,0,B0: targeted tax-transfer comparator,ok,slow,B0
48,2075,0.376880275151,2.60548966314,2.60548966314,2.60548966314,6.06494943534,2.32775801077,0.0204762561186,0.399097467928,0.78166446872,0.229422006879,7.32913772592,0,0,0,0,0.21685077949,0,0,0.0309431197857,0.080621978747,0.0296779540533,0.0296779540533,0,0.0437242326336,0.708430953609,1.41157016771,0,0,0.281413148864,0.21685077949,0.246528733543,0.215585613757,0.456799736973,0.754124625389,0.676138285321,0.23394700153,0.826115140389,0.645165262441,0.0274441299504,0.800801897944,0.000633599245841,0,1,9.53655048273,1,0,-1.46444488807e-16,3.66111222018e-17,1.33226762955e-15,0,B0: targeted tax-transfer comparator,ok,slow,B0
49,2076,0.387810728859,2.66627476401,2.66627476401,2.66627476401,6.33350332736,2.37541284674,0.0204724184176,0.393850850148,0.775332202016,0.229695268221,7.50182015943,0,0,0,0,0.217609533814,0,0,0.0316511225713,0.0843905893645,0.0296280132693,0.0296280132693,0,0.0436738844231,0.708020001082,1.41238947836,0,0,0.282497984027,0.217609533814,0.247237547084,0.215586424512,0.45855397832,0.754677306507,0.676862776793,0.234270768816,0.835060458744,0.660123823253,0.0466117034594,0.81130989985,0.000647975024668,0,1,9.77237701836,1,0,-7.01174668894e-17,3.50587334447e-17,1.33226762955e-15,0,B0: targeted tax-transfer comparator,ok,slow,B0
50,2077,0.39844358301,2.72828731106,2.72828731106,2.72828731106,6.61346134064,2.42403405017,0.0204685276056,0.388747080155,0.769172341675,0.229961089575,7.67911087259,0,0,0,0,0.218380761694,0,0,0.0323616463335,0.0882918690567,0.0295681311329,0.0295681311329,0,0.0436076984021,0.707616554148,1.41319475094,0,0,0.283597047809,0.218380761694,0.247948892827,0.215587246494,0.460230143371,0.755217438975,0.677571928335,0.234587920939,0.84413308318,0.675386350379,0.0658154000316,0.818680476773,0.000662395251339,0,1,10.0096708057,1,0,-1.34298572858e-16,6.7149286429e-17,1.33226762955e-15,0,B0: targeted tax-transfer comparator,ok,slow,B0
1,2028,0.00191263144382,0.981200900233,1.01067634336,1.01067634336,0.961576882228,0.98,-0.02,0.579081936907,0.969760205316,0.220047815786,3.03591111494,0,0,0,0,0.328345862075,0,0,0.116386863091,0.11419889484,0.0192745088596,0.0192745088596,0,0.0308898702262,0.643249576365,1.55460654269,0,0,0.420982040592,0.328345862075,0.347620370934,0.231233507844,0.33458330717,0.740589925954,0.669332596964,0.232423727652,0.431335629166,0.250848098257,-0.786086794776,0.392125238058,0.0034802530376,0,1,0.19135346358,1,-0.029164077422,-1.73187871684e-16,0,1.33226762955e-15,0,B2: universal transfer + residual tax,ok,slow,B2
2,2029,0.00397057522745,1.02639235723,1.02639235723,1.02639235723,0.986040744125,0.960685976644,-0.0197081870981,0.578094123891,0.997699753187,0.220099264381,3.07966465084,0,0,0,0,0.223214863445,0,0,0.0799899146493,0.0821010370515,0.0811980210833,0.0811980210833,0,0.129442467527,0.708488450836,1.41145561204,0,0,0.286209325432,0.223214863445,0.304412884529,0.22442296988,0.368393810648,0.733164490044,0.657546038018,0.227064250343,0.490509932913,0.258216151907,-0.739876493245,0.434727019773,0.00391007905187,0,1,0.386595959496,1,0,-1.68891047034e-16,-2.8148507839e-17,1.33226762955e-15,0,B2: universal transfer + residual tax,ok,slow,B2
3,2030,0.00618367993805,1.04341466706,1.04341466706,1.04341466706,1.00599580151,0.964138068279,0.00359336111841,0.57703183363,0.996417650024,0.220154591998,3.1245973021,0,0,0,0,0.248270070797,0,0,0.085932137643,0.0896628527884,0.0568743579227,0.0568743579227,0,0.0819002144751,0.751309144048,1.33101002154,0,0,0.318358059494,0.248270070797,0.30514442872,0.219212291077,0.363175436081,0.729517311433,0.65153220809,0.22411345527,0.485569993155,0.260531475756,-0.725786311483,0.454283514817,0.00391802011768,0,1,0.580257009491,1,0,-5.51803010985e-17,-8.27704516478e-17,1.33226762955e-15,0,B2: universal transfer + residual tax,ok,slow,B2
4,2031,0.00856226692381,1.06085522874,1.06085522874,1.06085522874,1.03604417972,0.9766122197,0.0129381380437,0.575890111877,0.995039679121,0.220214056673,3.17073669744,0,0,0,0,0.288048533202,0,0,0.0973412651543,0.103264990111,0.0264826981878,0.0264826981878,0,0.036301591349,0.756001631206,1.32274846868,0,0,0.369394364783,0.288048533202,0.314531231389,0.217189966235,0.352671233566,0.728750120988,0.649526788061,0.223023028314,0.475069721334,0.263877750488,-0.709131982505,0.461721205333,0.00373411447457,0,1,0.772440275398,1,0,1.07159814838e-16,8.03698611282e-17,1.33226762955e-15,0,B2: universal transfer + residual tax,ok,slow,B2
5,2032,0.0111171200807,1.0787288699,1.0787288699,1.0787288699,1.07079954356,0.992649379696,0.0164212157828,0.574663782361,0.993559593114,0.220277928002,3.21811265593,0,0,0,0,0.299439151588,0,0,0.100567300219,0.108484850114,0.0175738471111,0.0175738471111,0,0.0240255873353,0.74903763469,1.33504640313,0,0,0.384033186108,0.299439151588,0.317012998699,0.21644569848,0.349868623817,0.729048962254,0.649138964769,0.2227066041,0.477156495222,0.267900764341,-0.692490117822,0.467894755654,0.00370059574882,0,1,0.963251319952,1,0,2.59204215976e-16,2.59204215976e-17,1.33226762955e-15,0,B2: universal transfer + residual tax,ok,slow,B2
6,2033,0.0138594687037,1.09705136436,1.09705136436,1.09705136436,1.10853198427,1.01046497939,0.017947525133,0.573347455022,0.991970886613,0.220346486718,3.26675731046,0,0,0,0,0.299779663939,0,0,0.100636384473,0.11040328289,0.016977880582,0.016977880582,0,0.0234649636856,0.740519617508,1.35040311743,0,0,0.384503704315,0.299779663939,0.316757544521,0.216121160048,0.350348003951,0.729646529625,0.649331275094,0.222689796433,0.48437306733,0.272281375395,-0.676319017291,0.472968673698,0.0037237350185,0,1,1.1527977438,1,0,3.50533917048e-16,-1.75266958524e-16,1.33226762955e-15,0,B2: universal transfer + residual tax,ok,slow,B2
7,2034,0.016800962325,1.11583947957,1.11583947957,1.11583947957,1.14868231399,1.02943329666,0.0187718700401,0.571935538084,0.99026681077,0.220420024058,3.31670523676,0,0,0,0,0.297652675635,0,0,0.100108437977,0.111704947333,0.0184020467552,0.0184020467552,0,0.0257502392083,0.733038000479,1.36418575756,0,0,0.38181159704,0.297652675635,0.31605472239,0.215946284413,0.35154140972,0.730267736079,0.649711796951,0.222787961899,0.493000549711,0.276862959138,-0.6603436731,0.48049535816,0.00374973508851,0,1,1.34118930816,1,0,-4.83259388214e-17,0,1.33226762955e-15,0,B2: universal transfer + residual tax,ok,slow,B2
8,2035,0.0199536363932,1.13511102258,1.13511102258,1.13511102258,1.19102608771,1.04925955613,0.0192593920684,0.570422254531,0.98844039317,0.22049884091,3.36799358734,0,0,0,0,0.295344785551,0,0,0.0995286591479,0.112976078062,0.0200268687288,0.0200268687288,0,0.028327477418,0.727003647259,1.37550891769,0,0,0.378889475797,0.295344785551,0.315371654279,0.215842995132,0.352832630036,0.7308286981,0.650132499239,0.222926253803,0.501876868703,0.281601905064,-0.644395277001,0.488072612385,0.00377857313402,0,1,1.52853804069,1,0,-1.86431352945e-16,-1.39823514709e-16,1.33226762955e-15,0,B2: universal transfer + residual tax,ok,slow,B2
9,2036,0.023329867599,1.15488488378,1.15488488378,1.15488488378,1.23548387163,1.06978962923,0.019566248393,0.568801663552,0.986484463707,0.22058324669,3.42066222932,0,0,0,0,0.293407012849,0,0,0.0990911056944,0.114438820084,0.0214621262463,0.0214621262463,0,0.0306232980813,0.722305196425,1.38445632809,0,0,0.376444324045,0.293407012849,0.314869139095,0.215778033401,0.354038566987,0.731306158718,0.650532988223,0.223071177553,0.510781785292,0.286482082566,-0.628348251128,0.49632973812,0.00380367347801,0,1,1.7149583216,1,0,-2.69584180771e-16,4.49306967951e-17,1.33226762955e-15,0,B2: universal transfer + residual tax,ok,slow,B2
10,2037,0.0269423176208,1.17518107724,1.17518107724,1.17518107724,1.28204452157,1.09093359858,0.019764604902,0.567067687542,0.984391687176,0.220673557941,3.4747538851,0,0,0,0,0.291913370837,0,0,0.0988110600993,0.11612088805,0.022633751234,0.022633751234,0,0.0325163527141,0.718706629794,1.39138830581,0,0,0.374571367123,0.291913370837,0.314547122071,0.215736061972,0.355144714963,0.731703655372,0.650893824328,0.22320924691,0.519668204992,0.291500185836,-0.612148928863,0.505189219118,0.00382553677851,0,1,1.90056694697,1,0,2.59793557698e-16,8.65978525661e-17,1.33226762955e-15,0,B2: universal transfer + residual tax,ok,slow,B2
11,2038,0.030803864069,1.19602077652,1.19602077652,1.19602077652,1.33073794773,1.11263781855,0.0198950880238,0.565214145247,0.982154603277,0.220770096602,3.53031427436,0,0,0,0,0.290811882034,0,0,0.0986691265989,0.118010325413,0.0235657057422,0.0235657057422,0,0.0340344105797,0.715973928501,1.39669890228,0,0,0.373204211961,0.290811882034,0.314377587776,0.215708461177,0.356172846673,0.732034295684,0.651213628693,0.223336432188,0.52917802355,0.296657368318,-0.595781784236,0.514370893959,0.0038455141982,0,1,2.08548316573,1,0,2.50287374727e-16,0,1.33226762955e-15,0,B2: universal transfer + residual tax,ok,slow,B2
12,2039,0.0349275174422,1.21742634456,1.21742634456,1.21742634456,1.38162206502,1.13487117409,0.0199825632085,0.563234791628,0.979765674725,0.220873187936,3.5873922557,0,0,0,0,0.290030909021,0,0,0.0986416762103,0.12008897529,0.0243007288961,0.0243007288961,0,0.0352386134043,0.713905867931,1.40074489498,0,0,0.37225122346,0.290030909021,0.314331637917,0.215689961707,0.357148970206,0.732313324261,0.651498625514,0.223453136323,0.539475286749,0.301956900601,-0.579248547949,0.523519463511,0.0038636753785,0,1,2.26982868656,1,0,-2.41069476103e-16,-8.03564920345e-17,1.33226762955e-15,0,B2: universal transfer + residual tax,ok,slow,B2
13,2040,0.0393263230004,1.23942135602,1.23942135602,1.23942135602,1.4347752589,1.15761702179,0.0200426693493,0.56112336496,0.977217344096,0.220983158075,3.6460399658,0,0,0,0,0.289504150786,0,0,0.098707677772,0.122340403834,0.0248807791347,0.0248807791347,0,0.0361924216646,0.712339036701,1.40382591502,0,0,0.37162758904,0.289504150786,0.314384929921,0.215677252149,0.358097517563,0.732555046865,0.651757565459,0.223561630722,0.549970767895,0.307403310744,-0.562557406754,0.531887694421,0.00388065941393,0,1,2.45372765068,1,0,-7.73795768876e-17,-7.73795768876e-17,1.33226762955e-15,0,B2: universal transfer + residual tax,ok,slow,B2
14,2041,0.0440132465984,1.26203061051,1.26203061051,1.26203061051,1.49030624816,1.18087963616,0.0200952594256,0.558873641633,0.974502099969,0.221100331165,3.70631295377,0,0,0,0,0.289260385133,0,0,0.0989360127358,0.124860276554,0.0253417607091,0.0253417607091,0,0.0369523177915,0.711138003643,1.40619682098,0,0,0.371370532954,0.289260385133,0.314602145842,0.215666133106,0.358975507505,0.732767776701,0.651997197206,0.223664063671,0.560089014353,0.312998552978,-0.545674944255,0.54045644037,0.00388984892516,0,1,2.63730656629,1,0,1.11744451115e-16,1.48992601487e-16,1.33226762955e-15,0,B2: universal transfer + residual tax,ok,slow,B2
15,2042,0.0490010437402,1.28528013475,1.28528013475,1.28528013475,1.54841901202,1.20473270391,0.0201994064622,0.556479499005,0.971612552782,0.221225026094,3.76827030789,0,0,0,0,0.289750601126,0,0,0.099807837471,0.128281030794,0.025701353178,0.025701353178,0,0.0375504437999,0.710150072744,1.40815306283,0,0,0.372059466257,0.289750601126,0.315451954304,0.215644116833,0.359434581585,0.73293752392,0.652212894957,0.223759181098,0.569689342362,0.318728833006,-0.528345642176,0.549311280472,0.00385090391199,0,1,2.8206942,1,0,2.50951490263e-16,1.07550638684e-16,1.33226762955e-15,0,B2: universal transfer + residual tax,ok,slow,B2
16,2043,0.0543021113941,1.30919717185,1.30919717185,1.30919717185,1.60920641905,1.2291551293,0.0202720697386,0.553934986531,0.968541520683,0.221357552785,3.8319747715,0,0,0,0,0.290500665771,0,0,0.100803484195,0.13197163642,0.0259315771887,0.0259315771887,0,0.0379491503793,0.709255892212,1.40992836433,0,0,0.373086089526,0.290500665771,0.316432242959,0.215628758765,0.359851422692,0.733088784523,0.65242222216,0.223853461542,0.579396408548,0.324623954746,-0.510731631519,0.558417517977,0.0038077276098,0,1,3.00402142101,1,0,-6.89919584886e-17,-3.44959792443e-17,1.33226762955e-15,0,B2: universal transfer + residual tax,ok,slow,B2
17,2044,0.0599283224886,1.33381015552,1.33381015552,1.33381015552,1.67277603276,1.25413352556,0.0203215978692,0.551234405205,0.965282125407,0.221498208062,3.89749284455,0,0,0,0,0.291336929491,0,0,0.101871394989,0.135877101192,0.0261527572785,0.0261527572785,0,0.0383301546787,0.708455176814,1.41152190389,0,0,0.374227692869,0.291336929491,0.31748968677,0.215618291781,0.360280726571,0.733230913504,0.652630406973,0.223948537957,0.589304506379,0.330691299069,-0.492905372449,0.567759256108,0.00376159015928,0,1,3.18742099308,1,0,6.63700939565e-17,0,1.33226762955e-15,0,B2: universal transfer + residual tax,ok,slow,B2
18,2045,0.0658908434629,1.35914866724,1.35914866724,1.35914866724,1.73925689525,1.2796664097,0.0203589838079,0.548372395138,0.961827897976,0.221647271087,3.96489486697,0,0,0,0,0.292259134838,0,0,0.103011296492,0.140007666338,0.0263625531836,0.0263625531836,0,0.0386902046763,0.707737940163,1.41295237015,0,0,0.375484178293,0.292259134838,0.318621688022,0.21561039153,0.360724699904,0.733369669293,0.652841215218,0.224045691299,0.599285629548,0.336936752999,-0.474896406751,0.577328867915,0.00371528883991,0,1,3.37102730998,1,0,0,1.59582955752e-16,1.33226762955e-15,0,B2: universal transfer + residual tax,ok,slow,B2
19,2046,0.0721999358085,1.38524337439,1.38524337439,1.38524337439,1.80879208035,1.30575761183,0.0203890654151,0.545344030812,0.958172893668,0.221804998395,4.03425507939,0,0,0,0,0.293262796445,0,0,0.104214627032,0.14436262161,0.0265558658088,0.0265558658088,0,0.0390223034416,0.707086318056,1.41425448982,0,0,0.376850012966,0.293262796445,0.319818662254,0.215604035222,0.361190959887,0.733509575263,0.653058196813,0.224146228783,0.609405458098,0.343367424662,-0.456721995056,0.587239320695,0.0036672297326,0,1,3.5549760702,1,0,1.22758501288e-16,6.13792506439e-17,1.33226762955e-15,0,B2: universal transfer + residual tax,ok,slow,B2
20,2047,0.0788647431796,1.41212594718,1.41212594718,1.41212594718,1.88153665547,1.33241419381,0.0204146479653,0.542144923274,0.954311815352,0.221971618579,4.10565165676,0,0,0,0,0.294339467277,0,0,0.105475199607,0.148944266149,0.0267343621998,0.0267343621998,0,0.0393297720662,0.706483081688,1.4154620626,0,0,0.378314563203,0.294339467277,0.321073829476,0.215598629869,0.361686034889,0.733654100451,0.653284276481,0.224251265794,0.620256286546,0.349990842035,-0.438392143133,0.597978585236,0.00361769130911,0,1,3.73940388692,1,0,0,-2.95030931606e-17,1.33226762955e-15,0,B2: universal transfer + residual tax,ok,slow,B2
21,2048,0.0858930663843,1.43982895289,1.43982895289,1.43982895289,1.95766061216,1.35964803891,0.0204394738723,0.538771328136,0.950240143837,0.22214732666,4.17916671008,0,0,0,0,0.29549877383,0,0,0.106806066508,0.153782466903,0.0269006773259,0.0269006773259,0,0.0396174180672,0.705912047533,1.41660707378,0,0,0.379890413644,0.29549877383,0.322399451155,0.215593384647,0.362201883612,0.733805133198,0.653521309061,0.224361552138,0.631362630691,0.356814005508,-0.419903786539,0.608833507838,0.00356557665269,0,1,3.92444783004,1,0,-1.7013516302e-16,5.67117210067e-17,1.33226762955e-15,0,B2: universal transfer + residual tax,ok,slow,B2
22,2049,0.0932911293683,1.46838572572,1.46838572572,1.46838572572,2.0373219535,1.38745693166,0.0204530083907,0.535220257903,0.945954273446,0.222332278234,4.2548862512,0,0,0,0,0.296647865455,0,0,0.108112934986,0.1587514905,0.0270555947106,0.0270555947106,0,0.0398867593351,0.705365769856,1.4177041795,0,0,0.381458375027,0.296647865455,0.323703460166,0.21559052518,0.362809788319,0.733968836658,0.653773524955,0.224478630424,0.642742631272,0.363849485863,-0.401303617177,0.620186256159,0.00351842217646,0,1,4.11024489795,1,0,-1.08988471137e-16,-2.72471177842e-17,1.33226762955e-15,0,B2: universal transfer + residual tax,ok,slow,B2
23,2050,0.101063340149,1.4978302113,1.4978302113,1.4978302113,2.12023598848,1.41553827162,0.0202394318122,0.531489596729,0.941451650513,0.222526583504,4.33290011572,0,0,0,0,0.295928330511,0,0,0.107512181997,0.161034994278,0.0272195083133,0.0272195083133,0,0.0401596974656,0.705001215624,1.41843727052,0,0,0.380628230152,0.295928330511,0.323147838825,0.215635656827,0.364935153147,0.734240643474,0.654095226905,0.224620829859,0.653466589131,0.371198296039,-0.383578339289,0.631404942764,0.00362694717815,0,1,4.29693141747,1,0,-5.23631817712e-17,-2.61815908856e-17,1.33226762955e-15,0,B2: universal transfer + residual tax,ok,slow,B2
24,2051,0.10921205152,1.52819678523,1.52819678523,1.52819678523,2.20670343814,1.44399167664,0.0201007670329,0.52757821527,0.936730912008,0.222730301288,4.41330183918,0,0,0,0,0.294766629541,0,0,0.106711355028,0.163075949701,0.0276096941941,0.0276096941941,0,0.0407597489453,0.70498614789,1.41846758691,0,0,0.379233398689,0.294766629541,0.322376323735,0.215664968707,0.367336852117,0.734565371068,0.654449548873,0.224774414701,0.666390470616,0.378771244634,-0.366229731388,0.642001741308,0.00374917908793,0,1,4.48464237211,1,0,2.01245533122e-16,7.54670749206e-17,1.33226762955e-15,0,B2: universal transfer + residual tax,ok,slow,B2
25,2052,0.117737327191,1.55952004581,1.55952004581,1.55952004581,2.29702203184,1.47290317813,0.0200219308458,0.523486082948,0.931792021024,0.22294343318,4.49618848195,0,0,0,0,0.293668524223,0,0,0.10585854002,0.165088515182,0.0278716529734,0.0278716529734,0,0.0411531735186,0.705137841469,1.41816243746,0,0,0.377924255147,0.293668524223,0.321540177196,0.215681637176,0.369856630785,0.734932095703,0.654836468817,0.224940482417,0.678422933138,0.386574620618,-0.349041264117,0.652284036415,0.00388268679656,0,1,4.67351065991,1,0,-1.4499943961e-16,-9.66662930732e-17,1.33226762955e-15,0,B2: universal transfer + residual tax,ok,slow,B2
26,2053,0.126636719776,1.59183458175,1.59183458175,1.59183458175,2.39169604403,1.50247775206,0.0200791025279,0.519214374507,0.926636395389,0.223165917994,4.58166039877,0,0,0,0,0.293458991115,0,0,0.105839027018,0.168478223305,0.0280495849154,0.0280495849154,0,0.041418392696,0.705274921042,1.4178867987,0,0,0.377762765452,0.293458991115,0.321508576031,0.215669549013,0.37182490186,0.735292377121,0.655231365598,0.225111310783,0.690172804867,0.394575753917,-0.33145304799,0.663952952837,0.00395577529502,0,1,4.86366628444,1,0,9.28398094227e-17,9.28398094227e-17,1.33226762955e-15,0,B2: universal transfer + residual tax,ok,slow,B2
27,2054,0.135905067694,1.62517471662,1.62517471662,1.62517471662,2.49132619212,1.53295898997,0.0202873139842,0.514765567507,0.921267025326,0.223397626692,4.6698209495,0,0,0,0,0.294842848457,0,0,0.107298273695,0.174378441546,0.0280809622653,0.0280809622653,0,0.0414742129906,0.705151369163,1.41813523129,0,0,0.379657413614,0.294842848457,0.322923810722,0.215625537027,0.372723286158,0.735596739516,0.65560907451,0.225279139418,0.704249552811,0.40275600896,-0.312888534504,0.677024814812,0.00391582821622,0,1,5.05523548395,1,0,1.33690605606e-16,0,1.33226762955e-15,0,B2: universal transfer + residual tax,ok,slow,B2
28,2055,0.145534318475,1.65957423281,1.65957423281,1.65957423281,2.596003834,1.56425894224,0.0204179971403,0.510143527132,0.915688575819,0.223638357962,4.76077614887,0,0,0,0,0.296493338391,0,0,0.108877281184,0.180689930392,0.0279818650336,0.0279818650336,0,0.0413493835771,0.704699692796,1.41904418325,0,0,0.381901065607,0.296493338391,0.324475203424,0.21559792224,0.373583437746,0.735892859481,0.655999277585,0.225454721071,0.717572012293,0.411204231722,-0.293826628579,0.690265671704,0.00387413375331,0,1,5.24833980647,1,0,-1.71066469176e-16,0,1.33226762955e-15,0,B2: universal transfer + residual tax,ok,slow,B2
29,2056,0.155513386181,1.69506607857,1.69506607857,1.69506607857,2.70585868892,1.59631457624,0.0204925368388,0.505353574633,0.90990746921,0.223887834655,4.85463425387,0,0,0,0,0.298039515896,0,0,0.110466262283,0.187247614023,0.0280089207374,0.0280089207374,0,0.0414278194707,0.704098589353,1.42025565045,0,0,0.384016034285,0.298039515896,0.326048436633,0.21558217435,0.374522732122,0.736191676401,0.656402622485,0.225637306379,0.729978647311,0.419929341015,-0.274479064451,0.702773526989,0.00383154791467,0,1,5.44309514064,1,0,-8.2060680343e-17,4.10303401715e-17,1.33226762955e-15,0,B2: universal transfer + residual tax,ok,slow,B2
30,2057,0.165828050499,1.73168206306,1.73168206306,1.73168206306,2.82108494296,1.62910097825,0.0205388101429,0.50040253576,0.903931943659,0.224145701262,4.95150528902,0,0,0,0,0.299543028865,0,0,0.112078348762,0.194084066208,0.0281077193128,0.0281077193128,0,0.0416201062448,0.7034476415,1.42156990941,0,0,0.38608154824,0.299543028865,0.327650748178,0.215572399416,0.375522754382,0.736496399456,0.65681808468,0.225825967575,0.74272513279,0.428934259978,-0.254930714758,0.714914943379,0.00378796976225,0,1,5.63961071439,1,0,-2.36126819378e-16,-3.93544698963e-17,1.33226762955e-15,0,B2: universal transfer + residual tax,ok,slow,B2
31,2058,0.176460904651,1.76945254508,1.76945254508,1.76945254508,2.94191576133,1.66261354085,0.0205712003391,0.495298765768,0.897772083318,0.224411522616,5.05150051152,0,0,0,0,0.301059639168,0,0,0.113725476815,0.20123183439,0.0282313953727,0.0282313953727,0,0.0418518477136,0.70278692673,1.4229063774,0,0,0.388169303628,0.301059639168,0.329291034541,0.215565557726,0.376562061675,0.736808711522,0.657245335964,0.226020315374,0.755810610988,0.438223555889,-0.235216930046,0.727356645994,0.00374322398646,0,1,5.83798807635,1,0,-1.13214291097e-16,3.77380970325e-17,1.33226762955e-15,0,B2: universal transfer + residual tax,ok,slow,B2
32,2059,0.187391358359,1.80840612218,1.80840612218,1.80840612218,3.06860662016,1.69685701819,0.0205961737355,0.490052147988,0.891439816615,0.224684783959,5.1547318197,0,0,0,0,0.302612815451,0,0,0.115410656288,0.208709337396,0.0283581237987,0.0283581237987,0,0.0420886314617,0.702129705669,1.42423827382,0,0,0.390309398281,0.302612815451,0.33097093925,0.215560282962,0.377630750721,0.737129486114,0.65768430282,0.226220173968,0.770025366685,0.447802916772,-0.215354905588,0.739126884627,0.00369729231131,0,1,6.03832007638,1,-1.11022302463e-16,-2.53260262209e-16,7.23600749168e-17,1.33226762955e-15,0,B2: universal transfer + residual tax,ok,slow,B2
33,2060,0.198595700915,1.84856932768,1.84856932768,1.84856932768,3.20142715571,1.7318404605,0.0206166117323,0.484674063561,0.884948879716,0.224964892523,5.26131111064,0,0,0,0,0.304208868196,0,0,0.117132033703,0.216526684792,0.0284791318427,0.0284791318427,0,0.0423167012515,0.70147894044,1.4255595462,0,0,0.392509791184,0.304208868196,0.332688000039,0.215555966335,0.378725145149,0.737459306529,0.658134826185,0.22642537859,0.785088698198,0.457678285329,-0.195355364682,0.75325820559,0.00365024786699,0,1,6.24068986432,1,0,-1.38716012656e-16,-3.46790031641e-17,1.33226762955e-15,0,B2: universal transfer + residual tax,ok,slow,B2
34,2061,0.210047227727,1.88996634337,1.88996634337,1.88996634337,3.34065718959,1.76757496307,0.0206338305301,0.479177330691,0.878314743213,0.225251180693,5.37134959432,0,0,0,0,0.305846803384,0,0,0.118885566313,0.224689719044,0.0285910926861,0.0285910926861,0,0.0425308833826,0.700834187872,1.4268710307,0,0,0.394768982879,0.305846803384,0.33443789607,0.215552329757,0.379839929888,0.737798030737,0.6585965371,0.226635697871,0.799806055156,0.467855376259,-0.17522685683,0.767520580513,0.00360220588879,0,1,6.44516992682,1,0,-6.64673422994e-17,0,1.33226762955e-15,0,B2: universal transfer + residual tax,ok,slow,B2
35,2062,0.221716431811,1.93261873644,1.93261873644,1.93261873644,3.48658456467,1.80407262899,0.0206484401981,0.47357611273,0.871554501191,0.225542910795,5.48495707393,0,0,0,0,0.307522683121,0,0,0.12066621706,0.233201791944,0.0286927782576,0.0286927782576,0,0.0427292838755,0.700194279223,1.42817505037,0,0,0.397081629709,0.307522683121,0.336215461378,0.215549244319,0.380971560746,0.738145361273,0.659068834327,0.226850812871,0.812531757183,0.478339430854,-0.154977371749,0.778758553491,0.00355330149159,0,1,6.65182118358,1,0,-1.27370841467e-16,3.18427103669e-17,1.33226762955e-15,0,B2: universal transfer + residual tax,ok,slow,B2
36,2063,0.233571259439,1.97654522846,1.97654522846,1.97654522846,3.6395037713,1.84134606125,0.0206607160165,0.467885795469,0.864686723122,0.225839281486,5.60224120371,0,0,0,0,0.309231384167,0,0,0.122468455849,0.242064442044,0.0287837235199,0.0287837235199,0,0.0429111730481,0.699558290499,1.42947344572,0,0,0.399440809604,0.309231384167,0.338015107687,0.215546651838,0.382116959794,0.738500872271,0.659550900326,0.227070318147,0.827260455867,0.489135082419,-0.134614962019,0.792994423233,0.00350368050155,0,1,6.86069216464,1,0,-1.22019164632e-16,-9.15143734743e-17,1.33226762955e-15,0,B2: universal transfer + residual tax,ok,slow,B2
37,2064,0.245577426807,2.02176150449,2.02176150449,2.02176150449,3.79970679518,1.87940406756,0.02066857888,0.462122835133,0.857731270412,0.22613943567,5.72330673718,0,0,0,0,0.310949648337,0,0,0.124268434839,0.251241137782,0.0288637778459,0.0288637778459,0,0.0430761794246,0.698927331103,1.43076390849,0,0,0.401816118653,0.310949648337,0.339813426183,0.215544991344,0.383285555849,0.738865335813,0.660042385901,0.227293964897,0.845079740055,0.500247578849,-0.114158308161,0.809966880344,0.00345501900483,0,1,7.07181828952,1,0,2.92186498714e-16,0,1.33226762955e-15,0,B2: universal transfer + residual tax,ok,slow,B2
38,2065,0.257698792185,2.06828006908,2.06828006908,2.06828006908,3.96749142627,1.91825637427,0.0206726735224,0.456304579751,0.85070908081,0.226442469805,5.84825478004,0,0,0,0,0.312666462011,0,0,0.126057381379,0.260721969467,0.0289350460085,0.0289350460085,0,0.0432272955129,0.698304842688,1.43203933135,0,0,0.40419290073,0.312666462011,0.34160150802,0.21554412664,0.384477288299,0.739238288531,0.660542438011,0.227521308324,0.861374556718,0.511680197114,-0.0936219756849,0.828576464818,0.00340767356025,0,1,7.2852212686,1,0,-1.11931989798e-16,8.39489923487e-17,1.33226762955e-15,0,B2: universal transfer + residual tax,ok,slow,B2
39,2066,0.269897775684,2.11611015489,2.11611015489,2.11611015489,4.14317127037,1.95791852366,0.0206761462803,0.450449067672,0.843641925219,0.226747444392,5.97718206291,0,0,0,0,0.314396428543,0,0,0.127849313619,0.270543230844,0.0289962783468,0.0289962783468,0,0.0433624783312,0.69769141439,1.43329841729,0,0,0.406589575764,0.314396428543,0.34339270689,0.215543393271,0.385672176395,0.739618046758,0.661049233804,0.227751555129,0.879538276055,0.523433747306,-0.0730063315384,0.845672157741,0.00336013835916,0,1,7.50090864437,1,0,1.6077872994e-16,1.3398227495e-16,1.33226762955e-15,0,B2: universal transfer + residual tax,ok,slow,B2
40,2067,0.282135816755,2.16525768852,2.16525768852,2.16525768852,4.32706240146,1.99840528192,0.0206784693887,0.444574807958,0.836552142667,0.227053395419,6.11018024927,0,0,0,0,0.316138547972,0,0,0.12963963002,0.280703205638,0.0290439847329,0.0290439847329,0,0.0434763516562,0.697084968544,1.43454534974,0,0,0.409004381542,0.316138547972,0.345182532705,0.215542902685,0.386865437544,0.74000358817,0.661561296727,0.227984042297,0.897265113885,0.535509909485,-0.0523169263777,0.862403218703,0.00331252871163,0,1,7.71887348802,1,0,-1.02630646071e-16,7.69729845531e-17,1.33226762955e-15,0,B2: universal transfer + residual tax,ok,slow,B2
41,2068,0.294373857826,2.21572531577,2.21572531577,2.21572531577,4.51948262312,2.03973055277,0.0206791241108,0.438700548244,0.829462360115,0.227359346446,6.24733529401,0,0,0,0,0.317885907258,0,0,0.13142226777,0.291195645753,0.0290791249349,0.0290791249349,0,0.0435703629756,0.69648519982,1.43578068889,0,0,0.411427881507,0.317885907258,0.346965032193,0.215542764423,0.388054104237,0.740393860515,0.66207713671,0.228218091767,0.912849958932,0.547909658043,-0.0315618747754,0.877935343863,0.00326499622779,0,1,7.93909426301,1,0,-2.94783217604e-16,-1.9652214507e-16,1.33226762955e-15,0,B2: universal transfer + residual tax,ok,slow,B2
42,2069,0.306572841325,2.26751248718,2.26751248718,2.26751248718,4.72075194752,2.08190780612,0.0206778553614,0.432845036164,0.822395204525,0.227664321033,6.3887268672,0,0,0,0,0.319631948166,0,0,0.133191354233,0.302013058907,0.02910243842,0.02910243842,0,0.0436455476074,0.695892982139,1.43700256457,0,0,0.413851071328,0.319631948166,0.348734386586,0.215543032353,0.389232888913,0.740787779829,0.662595231356,0.228453008096,0.928647997485,0.560633139445,-0.0107504188942,0.894356318308,0.0032176914369,0,1,8.16153486325,1,0,-1.41107565528e-16,4.70358551759e-17,1.33226762955e-15,0,B2: universal transfer + residual tax,ok,slow,B2
43,2070,0.318694206703,2.32061560238,2.32061560238,2.32061560238,4.93119293717,2.12495035029,0.0206745678403,0.427026780783,0.815373014922,0.227967355168,6.5344278564,0,0,0,0,0.321370772352,0,0,0.134941341421,0.313146982309,0.0291142956715,0.0291142956715,0,0.0437023353661,0.695309715838,1.43820800605,0,0,0.416265781639,0.321370772352,0.350485068023,0.215543726602,0.390398658897,0.741183932986,0.663114049359,0.228688091288,0.944784993049,0.573679722065,0.0101077093534,0.911150668959,0.00317075953651,0,1,8.38614482938,1,0,0,0,1.33226762955e-15,0,B2: universal transfer + residual tax,ok,slow,B2
44,2071,0.330700374071,2.37502820996,2.37502820996,2.37502820996,5.15104036324,2.16883333917,0.0206513008076,0.421263820446,0.808417562213,0.228267509352,6.68450395914,0,0,0,0,0.322955149716,0,0,0.136521950501,0.324243483718,0.0291154409771,0.0291154409771,0,0.0437409319799,0.694749200004,1.43936833608,0,0,0.418480695876,0.322955149716,0.352070590694,0.215548640193,0.391674519902,0.741590283383,0.663638055179,0.228924829323,0.961126699011,0.587061002773,0.0309151219864,0.927903674307,0.00313785428024,0,1,8.6128597412,1,0,0,4.31067491743e-17,1.33226762955e-15,0,B2: universal transfer + residual tax,ok,slow,B2
45,2072,0.342555201698,2.43074125755,2.43074125755,2.43074125755,5.38037871491,2.21347241225,0.0205820669884,0.415573503185,0.801549784144,0.228563880042,6.8390133748,0,0,0,0,0.324093834256,0,0,0.137655873571,0.334605811233,0.0291253018058,0.0291253018058,0,0.0437885205162,0.694260854742,1.44038079228,0,0,0.420117526094,0.324093834256,0.353219136062,0.215563262491,0.393300049966,0.742026012371,0.664179246479,0.229167434215,0.977414190022,0.600798435167,0.0514595483519,0.942137676058,0.0031429076204,0,1,8.84160178049,1,0,-6.1903989484e-16,0,1.33226762955e-15,0,B2: universal transfer + residual tax,ok,slow,B2
46,2073,0.354224405783,2.48774338548,2.48774338548,2.48774338548,5.61977771904,2.25898609633,0.0205621194251,0.409972285224,0.794789542122,0.228855610145,6.99800660268,0,0,0,0,0.325351430525,0,0,0.138948890796,0.345669183996,0.0291649360882,0.0291649360882,0,0.043877779626,0.693850714102,1.44123221274,0,0,0.421907278073,0.325351430525,0.354516366614,0.215567475818,0.394746836981,0.742459927132,0.664715855352,0.229407742013,0.993167566525,0.614828155327,0.0720160423085,0.956649713753,0.00313098447378,0,1,9.07228045309,1,0,2.37067673519e-16,-3.95112789199e-17,1.33226762955e-15,0,B2: universal transfer + residual tax,ok,slow,B2
47,2074,0.365675932595,2.54602125574,2.54602125574,2.54602125574,5.86989423001,2.30551658466,0.020597952509,0.404475552354,0.788155405619,0.229141898315,7.16152635021,0,0,0,0,0.327051688307,0,0,0.140621782493,0.358026047248,0.0291300014534,0.0291300014534,0,0.0438516161923,0.693415699059,1.44213637124,0,0,0.424269638721,0.327051688307,0.356181689761,0.215559907267,0.395788100723,0.742868246718,0.665232195029,0.229640086011,1.01008692342,0.629130710417,0.0928240521156,0.972831445037,0.0030843388068,0,1,9.30479345548,1,0,-7.56554023715e-17,-3.78277011858e-17,1.33226762955e-15,0,B2: universal transfer + residual tax,ok,slow,B2
48,2075,0.376880275151,2.60555990749,2.60555990749,2.60555990749,6.1310514654,2.35306486248,0.020623698018,0.399097467928,0.78166446872,0.229422006879,7.32960755221,0,0,0,0,0.328875710153,0,0,0.142350441165,0.370902602312,0.0290292007218,0.0290292007218,0,0.0437266387258,0.692908281476,1.44319244947,0,0,0.426790945354,0.328875710153,0.357904910875,0.21555446971,0.396699215232,0.743260411533,0.665734281141,0.22986667958,1.02990359087,0.643740593607,0.113786228903,0.992867847324,0.00303113402982,0,1,9.53902766751,1,0,-7.2432797597e-17,7.2432797597e-17,1.33226762955e-15,0,B2: universal transfer + residual tax,ok,slow,B2
49,2076,0.387810728859,2.66634312946,2.66634312946,2.66634312946,6.40348394963,2.40159785845,0.0206254390802,0.393850850148,0.775332202016,0.229695268221,7.50227749937,0,0,0,0,0.330609882156,0,0,0.143996594428,0.383944330218,0.0289408142725,0.0289408142725,0,0.0436230832345,0.692369717655,1.44431504513,0,0,0.429193627556,0.330609882156,0.359550696428,0.215554102001,0.397616079721,0.743645182495,0.666226649401,0.230088979773,1.04829096968,0.658666761973,0.134782621818,1.01019193683,0.00298187000948,0,1,9.77486024993,1,0,-1.38702373066e-16,1.73377966332e-16,1.33226762955e-15,0,B2: universal transfer + residual tax,ok,slow,B2
50,2077,0.39844358301,2.72835383992,2.72835383992,2.72835383992,6.68747036154,2.45110082999,0.0206125148561,0.388747080155,0.769172341675,0.229961089575,7.67955607119,0,0,0,0,0.332232492153,0,0,0.145549472633,0.397110462556,0.0288738120853,0.0288738120853,0,0.0435523512268,0.691841740842,1.44541726954,0,0,0.431448966612,0.332232492153,0.361106304239,0.215556831606,0.398543994123,0.744025317453,0.666710207112,0.230307129571,1.0670468976,0.673903014672,0.155754116414,1.02870493055,0.00293717637928,0,1,10.0121598236,1,0,-6.64061574618e-17,3.32030787309e-17,1.33226762955e-15,0,B2: universal transfer + residual tax,ok,slow,B2
1,2028,0.00191263144382,0.981200900233,1.01067634336,1.01067634336,0.961576882228,0.98,-0.02,0.579081936907,0.969760205316,0.220047815786,3.03591111494,0,0,0,0,0.328345862075,0,0,0.116386863091,0.11419889484,0.0192745088596,0.0192745088596,0,0.0308898702262,0.643249576365,1.55460654269,0,0,0.420982040592,0.328345862075,0.347620370934,0.231233507844,0.33458330717,0.740589925954,0.669332596964,0.232423727652,0.431335629166,0.250848098257,-0.786086794776,0.392125238058,0.0034802530376,0,1,0.19135346358,1,-0.029164077422,-1.73187871684e-16,0,1.33226762955e-15,0,B5: usownership + residual tax,ok,slow,B5
2,2029,0.00397057522745,1.02639235723,1.02639235723,1.02639235723,0.986040744125,0.960685976644,-0.0197081870981,0.578094123891,0.997699753187,0.220099264381,3.07966465084,0,0,0,0,0.223214863445,0,0,0.0799899146493,0.0821010370515,0.0811980210833,0.0811980210833,0,0.129442467527,0.708488450836,1.41145561204,0,0,0.286209325432,0.223214863445,0.304412884529,0.22442296988,0.368393810648,0.733164490044,0.657546038018,0.227064250343,0.490509932913,0.258216151907,-0.739876493245,0.434727019773,0.00391007905187,0,1,0.386595959496,1,0,-1.68891047034e-16,-2.8148507839e-17,1.33226762955e-15,0,B5: usownership + residual tax,ok,slow,B5
3,2030,0.00618367993805,1.04341466706,1.04341466706,1.04341466706,1.00599580151,0.964138068279,0.00359336111841,0.57703183363,0.996417650024,0.220154591998,3.1245973021,0,0,0,0,0.248270070797,0,0,0.085932137643,0.0896628527884,0.0568743579227,0.0568743579227,0,0.0819002144751,0.751309144048,1.33101002154,0,0,0.318358059494,0.248270070797,0.30514442872,0.219212291077,0.363175436081,0.729517311433,0.65153220809,0.22411345527,0.485569993155,0.260531475756,-0.725786311483,0.454283514817,0.00391802011768,0,1,0.580257009491,1,0,-5.51803010985e-17,-8.27704516478e-17,1.33226762955e-15,0,B5: usownership + residual tax,ok,slow,B5
4,2031,0.00856226692381,1.06085522874,1.06085522874,1.06085522874,1.03604417972,0.9766122197,0.0129381380437,0.575890111877,0.995039679121,0.220214056673,3.17073669744,0,0,0,0,0.288048533202,0,0,0.0973412651543,0.103264990111,0.0264826981878,0.0264826981878,0,0.036301591349,0.756001631206,1.32274846868,0,0,0.369394364783,0.288048533202,0.314531231389,0.217189966235,0.352671233566,0.728750120988,0.649526788061,0.223023028314,0.475069721334,0.263877750488,-0.709131982505,0.461721205333,0.00373411447457,0,1,0.772440275398,1,0,1.07159814838e-16,8.03698611282e-17,1.33226762955e-15,0,B5: usownership + residual tax,ok,slow,B5
5,2032,0.0111171200807,1.0787288699,1.0787288699,1.0787288699,1.07079954356,0.992649379696,0.0164212157828,0.574663782361,0.993559593114,0.220277928002,3.21811265593,0,0,0,0,0.299439151588,0,0,0.100567300219,0.108484850114,0.0175738471111,0.0175738471111,0,0.0240255873353,0.74903763469,1.33504640313,0,0,0.384033186108,0.299439151588,0.317012998699,0.21644569848,0.349868623817,0.729048962254,0.649138964769,0.2227066041,0.477156495222,0.267900764341,-0.692490117822,0.467894755654,0.00370059574882,0,1,0.963251319952,1,0,2.59204215976e-16,2.59204215976e-17,1.33226762955e-15,0,B5: usownership + residual tax,ok,slow,B5
6,2033,0.0138594687037,1.09705136436,1.09705136436,1.09705136436,1.10853198427,1.01046497939,0.017947525133,0.573347455022,0.991970886613,0.220346486718,3.26675731046,0,0,0,0,0.299779663939,0,0,0.100636384473,0.11040328289,0.016977880582,0.016977880582,0,0.0234649636856,0.740519617508,1.35040311743,0,0,0.384503704315,0.299779663939,0.316757544521,0.216121160048,0.350348003951,0.729646529625,0.649331275094,0.222689796433,0.48437306733,0.272281375395,-0.676319017291,0.472968673698,0.0037237350185,0,1,1.1527977438,1,0,3.50533917048e-16,-1.75266958524e-16,1.33226762955e-15,0,B5: usownership + residual tax,ok,slow,B5
7,2034,0.016800962325,1.11583947957,1.11583947957,1.11583947957,1.14868231399,1.02943329666,0.0187718700401,0.571935538084,0.99026681077,0.220420024058,3.31670523676,0,0,0,0,0.297652675635,0,0,0.100108437977,0.111704947333,0.0184020467552,0.0184020467552,0,0.0257502392083,0.733038000479,1.36418575756,0,0,0.38181159704,0.297652675635,0.31605472239,0.215946284413,0.35154140972,0.730267736079,0.649711796951,0.222787961899,0.493000549711,0.276862959138,-0.6603436731,0.48049535816,0.00374973508851,0,1,1.34118930816,1,0,-4.83259388214e-17,0,1.33226762955e-15,0,B5: usownership + residual tax,ok,slow,B5
8,2035,0.0199536363932,1.13511102258,1.13511102258,1.13511102258,1.19102608771,1.04925955613,0.0192593920684,0.570422254531,0.98844039317,0.22049884091,3.36799358734,0,0,0,0,0.295344785551,0,0,0.0995286591479,0.112976078062,0.0200268687288,0.0200268687288,0,0.028327477418,0.727003647259,1.37550891769,0,0,0.378889475797,0.295344785551,0.315371654279,0.215842995132,0.352832630036,0.7308286981,0.650132499239,0.222926253803,0.501876868703,0.281601905064,-0.644395277001,0.488072612385,0.00377857313402,0,1,1.52853804069,1,0,-1.86431352945e-16,-1.39823514709e-16,1.33226762955e-15,0,B5: usownership + residual tax,ok,slow,B5
9,2036,0.023329867599,1.15488488378,1.15488488378,1.15488488378,1.23548387163,1.06978962923,0.019566248393,0.568801663552,0.986484463707,0.22058324669,3.42066222932,0,0,0,0,0.293407012849,0,0,0.0990911056944,0.114438820084,0.0214621262463,0.0214621262463,0,0.0306232980813,0.722305196425,1.38445632809,0,0,0.376444324045,0.293407012849,0.314869139095,0.215778033401,0.354038566987,0.731306158718,0.650532988223,0.223071177553,0.510781785292,0.286482082566,-0.628348251128,0.49632973812,0.00380367347801,0,1,1.7149583216,1,0,-2.69584180771e-16,4.49306967951e-17,1.33226762955e-15,0,B5: usownership + residual tax,ok,slow,B5
10,2037,0.0269423176208,1.17518107724,1.17518107724,1.17518107724,1.28204452157,1.09093359858,0.019764604902,0.567067687542,0.984391687176,0.220673557941,3.4747538851,0,0,0,0,0.291913370837,0,0,0.0988110600993,0.11612088805,0.022633751234,0.022633751234,0,0.0325163527141,0.718706629794,1.39138830581,0,0,0.374571367123,0.291913370837,0.314547122071,0.215736061972,0.355144714963,0.731703655372,0.650893824328,0.22320924691,0.519668204992,0.291500185836,-0.612148928863,0.505189219118,0.00382553677851,0,1,1.90056694697,1,0,2.59793557698e-16,8.65978525661e-17,1.33226762955e-15,0,B5: usownership + residual tax,ok,slow,B5
11,2038,0.030803864069,1.19602077652,1.19602077652,1.19602077652,1.33073794773,1.11263781855,0.0198950880238,0.565214145247,0.982154603277,0.220770096602,3.53031427436,0,0,0,0,0.290811882034,0,0,0.0986691265989,0.118010325413,0.0235657057422,0.0235657057422,0,0.0340344105797,0.715973928501,1.39669890228,0,0,0.373204211961,0.290811882034,0.314377587776,0.215708461177,0.356172846673,0.732034295684,0.651213628693,0.223336432188,0.52917802355,0.296657368318,-0.595781784236,0.514370893959,0.0038455141982,0,1,2.08548316573,1,0,2.50287374727e-16,0,1.33226762955e-15,0,B5: usownership + residual tax,ok,slow,B5
12,2039,0.0349275174422,1.21742634456,1.21742634456,1.21742634456,1.38162206502,1.13487117409,0.0199825632085,0.563234791628,0.979765674725,0.220873187936,3.5873922557,0,0,0,0,0.290030909021,0,0,0.0986416762103,0.12008897529,0.0243007288961,0.0243007288961,0,0.0352386134043,0.713905867931,1.40074489498,0,0,0.37225122346,0.290030909021,0.314331637917,0.215689961707,0.357148970206,0.732313324261,0.651498625514,0.223453136323,0.539475286749,0.301956900601,-0.579248547949,0.523519463511,0.0038636753785,0,1,2.26982868656,1,0,-2.41069476103e-16,-8.03564920345e-17,1.33226762955e-15,0,B5: usownership + residual tax,ok,slow,B5
13,2040,0.0393263230004,1.23942135602,1.23942135602,1.23942135602,1.4347752589,1.15761702179,0.0200426693493,0.56112336496,0.977217344096,0.220983158075,3.6460399658,0,0,0,0,0.289504150786,0,0,0.098707677772,0.122340403834,0.0248807791347,0.0248807791347,0,0.0361924216646,0.712339036701,1.40382591502,0,0,0.37162758904,0.289504150786,0.314384929921,0.215677252149,0.358097517563,0.732555046865,0.651757565459,0.223561630722,0.549970767895,0.307403310744,-0.562557406754,0.531887694421,0.00388065941393,0,1,2.45372765068,1,0,-7.73795768876e-17,-7.73795768876e-17,1.33226762955e-15,0,B5: usownership + residual tax,ok,slow,B5
14,2041,0.0440132465984,1.26203061051,1.26203061051,1.26203061051,1.49030624816,1.18087963616,0.0200952594256,0.558873641633,0.974502099969,0.221100331165,3.70631295377,0,0,0,0,0.289260385133,0,0,0.0989360127358,0.124860276554,0.0253417607091,0.0253417607091,0,0.0369523177915,0.711138003643,1.40619682098,0,0,0.371370532954,0.289260385133,0.314602145842,0.215666133106,0.358975507505,0.732767776701,0.651997197206,0.223664063671,0.560089014353,0.312998552978,-0.545674944255,0.54045644037,0.00388984892516,0,1,2.63730656629,1,0,1.11744451115e-16,1.48992601487e-16,1.33226762955e-15,0,B5: usownership + residual tax,ok,slow,B5
15,2042,0.0490010437402,1.28528013475,1.28528013475,1.28528013475,1.54841901202,1.20473270391,0.0201994064622,0.556479499005,0.971612552782,0.221225026094,3.76827030789,0,0,0,0,0.289750601126,0,0,0.099807837471,0.128281030794,0.025701353178,0.025701353178,0,0.0375504437999,0.710150072744,1.40815306283,0,0,0.372059466257,0.289750601126,0.315451954304,0.215644116833,0.359434581585,0.73293752392,0.652212894957,0.223759181098,0.569689342362,0.318728833006,-0.528345642176,0.549311280472,0.00385090391199,0,1,2.8206942,1,0,2.50951490263e-16,1.07550638684e-16,1.33226762955e-15,0,B5: usownership + residual tax,ok,slow,B5
16,2043,0.0543021113941,1.30919717185,1.30919717185,1.30919717185,1.60920641905,1.2291551293,0.0202720697386,0.553934986531,0.968541520683,0.221357552785,3.8319747715,0,0,0,0,0.290500665771,0,0,0.100803484195,0.13197163642,0.0259315771887,0.0259315771887,0,0.0379491503793,0.709255892212,1.40992836433,0,0,0.373086089526,0.290500665771,0.316432242959,0.215628758765,0.359851422692,0.733088784523,0.65242222216,0.223853461542,0.579396408548,0.324623954746,-0.510731631519,0.558417517977,0.0038077276098,0,1,3.00402142101,1,0,-6.89919584886e-17,-3.44959792443e-17,1.33226762955e-15,0,B5: usownership + residual tax,ok,slow,B5
17,2044,0.0599283224886,1.33381015552,1.33381015552,1.33381015552,1.67277603276,1.25413352556,0.0203215978692,0.551234405205,0.965282125407,0.221498208062,3.89749284455,0,0,0,0,0.291336929491,0,0,0.101871394989,0.135877101192,0.0261527572785,0.0261527572785,0,0.0383301546787,0.708455176814,1.41152190389,0,0,0.374227692869,0.291336929491,0.31748968677,0.215618291781,0.360280726571,0.733230913504,0.652630406973,0.223948537957,0.589304506379,0.330691299069,-0.492905372449,0.567759256108,0.00376159015928,0,1,3.18742099308,1,0,6.63700939565e-17,0,1.33226762955e-15,0,B5: usownership + residual tax,ok,slow,B5
18,2045,0.0658908434629,1.35914866724,1.35914866724,1.35914866724,1.73925689525,1.2796664097,0.0203589838079,0.548372395138,0.961827897976,0.221647271087,3.96489486697,0,0,0,0,0.292259134838,0,0,0.103011296492,0.140007666338,0.0263625531836,0.0263625531836,0,0.0386902046763,0.707737940163,1.41295237015,0,0,0.375484178293,0.292259134838,0.318621688022,0.21561039153,0.360724699904,0.733369669293,0.652841215218,0.224045691299,0.599285629548,0.336936752999,-0.474896406751,0.577328867915,0.00371528883991,0,1,3.37102730998,1,0,0,1.59582955752e-16,1.33226762955e-15,0,B5: usownership + residual tax,ok,slow,B5
19,2046,0.0721999358085,1.38524337439,1.38524337439,1.38524337439,1.80879208035,1.30575761183,0.0203890654151,0.545344030812,0.958172893668,0.221804998395,4.03425507939,0,0,0,0,0.293262796445,0,0,0.104214627032,0.14436262161,0.0265558658088,0.0265558658088,0,0.0390223034416,0.707086318056,1.41425448982,0,0,0.376850012966,0.293262796445,0.319818662254,0.215604035222,0.361190959887,0.733509575263,0.653058196813,0.224146228783,0.609405458098,0.343367424662,-0.456721995056,0.587239320695,0.0036672297326,0,1,3.5549760702,1,0,1.22758501288e-16,6.13792506439e-17,1.33226762955e-15,0,B5: usownership + residual tax,ok,slow,B5
20,2047,0.0788647431796,1.41212594718,1.41212594718,1.41212594718,1.88153665547,1.33241419381,0.0204146479653,0.542144923274,0.954311815352,0.221971618579,4.10565165676,0,0,0,0,0.294339467277,0,0,0.105475199607,0.148944266149,0.0267343621998,0.0267343621998,0,0.0393297720662,0.706483081688,1.4154620626,0,0,0.378314563203,0.294339467277,0.321073829476,0.215598629869,0.361686034889,0.733654100451,0.653284276481,0.224251265794,0.620256286546,0.349990842035,-0.438392143133,0.597978585236,0.00361769130911,0,1,3.73940388692,1,0,0,-2.95030931606e-17,1.33226762955e-15,0,B5: usownership + residual tax,ok,slow,B5
21,2048,0.0858930663843,1.43982895289,1.43982895289,1.43982895289,1.95766061216,1.35964803891,0.0204394738723,0.538771328136,0.950240143837,0.22214732666,4.17916671008,0,0,0,0,0.29549877383,0,0,0.106806066508,0.153782466903,0.0269006773259,0.0269006773259,0,0.0396174180672,0.705912047533,1.41660707378,0,0,0.379890413644,0.29549877383,0.322399451155,0.215593384647,0.362201883612,0.733805133198,0.653521309061,0.224361552138,0.631362630691,0.356814005508,-0.419903786539,0.608833507838,0.00356557665269,0,1,3.92444783004,1,0,-1.7013516302e-16,5.67117210067e-17,1.33226762955e-15,0,B5: usownership + residual tax,ok,slow,B5
22,2049,0.0932911293683,1.46838572572,1.46838572572,1.46838572572,2.0373219535,1.38745693166,0.0204530083907,0.535220257903,0.945954273446,0.222332278234,4.2548862512,0,0,0,0,0.296647865455,0,0,0.108112934986,0.1587514905,0.0270555947106,0.0270555947106,0,0.0398867593351,0.705365769856,1.4177041795,0,0,0.381458375027,0.296647865455,0.323703460166,0.21559052518,0.362809788319,0.733968836658,0.653773524955,0.224478630424,0.642742631272,0.363849485863,-0.401303617177,0.620186256159,0.00351842217646,0,1,4.11024489795,1,0,-1.08988471137e-16,-2.72471177842e-17,1.33226762955e-15,0,B5: usownership + residual tax,ok,slow,B5
23,2050,0.101063340149,1.4978302113,1.4978302113,1.4978302113,2.12023598848,1.41553827162,0.0202394318122,0.531489596729,0.941451650513,0.222526583504,4.33290011572,0,0,0,0,0.295928330511,0,0,0.107512181997,0.161034994278,0.0272195083133,0.0272195083133,0,0.0401596974656,0.705001215624,1.41843727052,0,0,0.380628230152,0.295928330511,0.323147838825,0.215635656827,0.364935153147,0.734240643474,0.654095226905,0.224620829859,0.653466589131,0.371198296039,-0.383578339289,0.631404942764,0.00362694717815,0,1,4.29693141747,1,0,-5.23631817712e-17,-2.61815908856e-17,1.33226762955e-15,0,B5: usownership + residual tax,ok,slow,B5
24,2051,0.10921205152,1.52819678523,1.52819678523,1.52819678523,2.20670343814,1.44399167664,0.0201007670329,0.52757821527,0.936730912008,0.222730301288,4.41330183918,0,0,0,0,0.294766629541,0,0,0.106711355028,0.163075949701,0.0276096941941,0.0276096941941,0,0.0407597489453,0.70498614789,1.41846758691,0,0,0.379233398689,0.294766629541,0.322376323735,0.215664968707,0.367336852117,0.734565371068,0.654449548873,0.224774414701,0.666390470616,0.378771244634,-0.366229731388,0.642001741308,0.00374917908793,0,1,4.48464237211,1,0,2.01245533122e-16,7.54670749206e-17,1.33226762955e-15,0,B5: usownership + residual tax,ok,slow,B5
25,2052,0.117737327191,1.55952004581,1.55952004581,1.55952004581,2.29702203184,1.47290317813,0.0200219308458,0.523486082948,0.931792021024,0.22294343318,4.49618848195,0,0,0,0,0.293668524223,0,0,0.10585854002,0.165088515182,0.0278716529734,0.0278716529734,0,0.0411531735186,0.705137841469,1.41816243746,0,0,0.377924255147,0.293668524223,0.321540177196,0.215681637176,0.369856630785,0.734932095703,0.654836468817,0.224940482417,0.678422933138,0.386574620618,-0.349041264117,0.652284036415,0.00388268679656,0,1,4.67351065991,1,0,-1.4499943961e-16,-9.66662930732e-17,1.33226762955e-15,0,B5: usownership + residual tax,ok,slow,B5
26,2053,0.126636719776,1.59183458175,1.59183458175,1.59183458175,2.39169604403,1.50247775206,0.0200791025279,0.519214374507,0.926636395389,0.223165917994,4.58166039877,0,0,0,0,0.293458991115,0,0,0.105839027018,0.168478223305,0.0280495849154,0.0280495849154,0,0.041418392696,0.705274921042,1.4178867987,0,0,0.377762765452,0.293458991115,0.321508576031,0.215669549013,0.37182490186,0.735292377121,0.655231365598,0.225111310783,0.690172804867,0.394575753917,-0.33145304799,0.663952952837,0.00395577529502,0,1,4.86366628444,1,0,9.28398094227e-17,9.28398094227e-17,1.33226762955e-15,0,B5: usownership + residual tax,ok,slow,B5
27,2054,0.135905067694,1.62517471662,1.62517471662,1.62517471662,2.49132619212,1.53295898997,0.0202873139842,0.514765567507,0.921267025326,0.223397626692,4.6698209495,0,0,0,0,0.294842848457,0,0,0.107298273695,0.174378441546,0.0280809622653,0.0280809622653,0,0.0414742129906,0.705151369163,1.41813523129,0,0,0.379657413614,0.294842848457,0.322923810722,0.215625537027,0.372723286158,0.735596739516,0.65560907451,0.225279139418,0.704249552811,0.40275600896,-0.312888534504,0.677024814812,0.00391582821622,0,1,5.05523548395,1,0,1.33690605606e-16,0,1.33226762955e-15,0,B5: usownership + residual tax,ok,slow,B5
28,2055,0.145534318475,1.65957423281,1.65957423281,1.65957423281,2.596003834,1.56425894224,0.0204179971403,0.510143527132,0.915688575819,0.223638357962,4.76077614887,0,0,0,0,0.296493338391,0,0,0.108877281184,0.180689930392,0.0279818650336,0.0279818650336,0,0.0413493835771,0.704699692796,1.41904418325,0,0,0.381901065607,0.296493338391,0.324475203424,0.21559792224,0.373583437746,0.735892859481,0.655999277585,0.225454721071,0.717572012293,0.411204231722,-0.293826628579,0.690265671704,0.00387413375331,0,1,5.24833980647,1,0,-1.71066469176e-16,0,1.33226762955e-15,0,B5: usownership + residual tax,ok,slow,B5
29,2056,0.155513386181,1.69506607857,1.69506607857,1.69506607857,2.70585868892,1.59631457624,0.0204925368388,0.505353574633,0.90990746921,0.223887834655,4.85463425387,0,0,0,0,0.298039515896,0,0,0.110466262283,0.187247614023,0.0280089207374,0.0280089207374,0,0.0414278194707,0.704098589353,1.42025565045,0,0,0.384016034285,0.298039515896,0.326048436633,0.21558217435,0.374522732122,0.736191676401,0.656402622485,0.225637306379,0.729978647311,0.419929341015,-0.274479064451,0.702773526989,0.00383154791467,0,1,5.44309514064,1,0,-8.2060680343e-17,4.10303401715e-17,1.33226762955e-15,0,B5: usownership + residual tax,ok,slow,B5
30,2057,0.165828050499,1.73168206306,1.73168206306,1.73168206306,2.82108494296,1.62910097825,0.0205388101429,0.50040253576,0.903931943659,0.224145701262,4.95150528902,0,0,0,0,0.299543028865,0,0,0.112078348762,0.194084066208,0.0281077193128,0.0281077193128,0,0.0416201062448,0.7034476415,1.42156990941,0,0,0.38608154824,0.299543028865,0.327650748178,0.215572399416,0.375522754382,0.736496399456,0.65681808468,0.225825967575,0.74272513279,0.428934259978,-0.254930714758,0.714914943379,0.00378796976225,0,1,5.63961071439,1,0,-2.36126819378e-16,-3.93544698963e-17,1.33226762955e-15,0,B5: usownership + residual tax,ok,slow,B5
31,2058,0.176460904651,1.76945254508,1.76945254508,1.76945254508,2.94191576133,1.66261354085,0.0205712003391,0.495298765768,0.897772083318,0.224411522616,5.05150051152,0,0,0,0,0.301059639168,0,0,0.113725476815,0.20123183439,0.0282313953727,0.0282313953727,0,0.0418518477136,0.70278692673,1.4229063774,0,0,0.388169303628,0.301059639168,0.329291034541,0.215565557726,0.376562061675,0.736808711522,0.657245335964,0.226020315374,0.755810610988,0.438223555889,-0.235216930046,0.727356645994,0.00374322398646,0,1,5.83798807635,1,0,-1.13214291097e-16,3.77380970325e-17,1.33226762955e-15,0,B5: usownership + residual tax,ok,slow,B5
32,2059,0.187391358359,1.80840612218,1.80840612218,1.80840612218,3.06860662016,1.69685701819,0.0205961737355,0.490052147988,0.891439816615,0.224684783959,5.1547318197,0,0,0,0,0.302612815451,0,0,0.115410656288,0.208709337396,0.0283581237987,0.0283581237987,0,0.0420886314617,0.702129705669,1.42423827382,0,0,0.390309398281,0.302612815451,0.33097093925,0.215560282962,0.377630750721,0.737129486114,0.65768430282,0.226220173968,0.770025366685,0.447802916772,-0.215354905588,0.739126884627,0.00369729231131,0,1,6.03832007638,1,-1.11022302463e-16,-2.53260262209e-16,7.23600749168e-17,1.33226762955e-15,0,B5: usownership + residual tax,ok,slow,B5
33,2060,0.198595700915,1.84856932768,1.84856932768,1.84856932768,3.20142715571,1.7318404605,0.0206166117323,0.484674063561,0.884948879716,0.224964892523,5.26131111064,0,0,0,0,0.304208868196,0,0,0.117132033703,0.216526684792,0.0284791318427,0.0284791318427,0,0.0423167012515,0.70147894044,1.4255595462,0,0,0.392509791184,0.304208868196,0.332688000039,0.215555966335,0.378725145149,0.737459306529,0.658134826185,0.22642537859,0.785088698198,0.457678285329,-0.195355364682,0.75325820559,0.00365024786699,0,1,6.24068986432,1,0,-1.38716012656e-16,-3.46790031641e-17,1.33226762955e-15,0,B5: usownership + residual tax,ok,slow,B5
34,2061,0.210047227727,1.88996634337,1.88996634337,1.88996634337,3.34065718959,1.76757496307,0.0206338305301,0.479177330691,0.878314743213,0.225251180693,5.37134959432,0,0,0,0,0.305846803384,0,0,0.118885566313,0.224689719044,0.0285910926861,0.0285910926861,0,0.0425308833826,0.700834187872,1.4268710307,0,0,0.394768982879,0.305846803384,0.33443789607,0.215552329757,0.379839929888,0.737798030737,0.6585965371,0.226635697871,0.799806055156,0.467855376259,-0.17522685683,0.767520580513,0.00360220588879,0,1,6.44516992682,1,0,-6.64673422994e-17,0,1.33226762955e-15,0,B5: usownership + residual tax,ok,slow,B5
35,2062,0.221716431811,1.93261873644,1.93261873644,1.93261873644,3.48658456467,1.80407262899,0.0206484401981,0.47357611273,0.871554501191,0.225542910795,5.48495707393,0,0,0,0,0.307522683121,0,0,0.12066621706,0.233201791944,0.0286927782576,0.0286927782576,0,0.0427292838755,0.700194279223,1.42817505037,0,0,0.397081629709,0.307522683121,0.336215461378,0.215549244319,0.380971560746,0.738145361273,0.659068834327,0.226850812871,0.812531757183,0.478339430854,-0.154977371749,0.778758553491,0.00355330149159,0,1,6.65182118358,1,0,-1.27370841467e-16,3.18427103669e-17,1.33226762955e-15,0,B5: usownership + residual tax,ok,slow,B5
36,2063,0.233571259439,1.97654522846,1.97654522846,1.97654522846,3.6392874472,1.84123661569,0.0206000501899,0.467885795469,0.864686723122,0.225793978665,5.60215166064,7.54884164505e-05,7.54884164505e-05,2.39721234819e-05,0,0.309234712334,2.39721234819e-05,4.31297033871e-05,0.122460682578,0.242049077824,0.0287854344628,0.0287854344628,0,0.0429111730481,0.699599873176,1.42938848096,0,0,0.399421735058,0.309234712334,0.338020146797,0.215559464218,0.382126393504,0.738454164021,0.659510970231,0.227055143441,0.827296870987,0.489150083962,-0.134562962698,0.793035473916,0.00350311792324,0,0.999924511584,6.86070671158,1,0,-1.83039626421e-16,-6.1013208807e-17,1.33226762955e-15,0,B5: usownership + residual tax,ok,slow,B5
37,2064,0.245577426807,2.02174847398,2.02174847398,2.02174847398,3.79905038631,1.87909150679,0.0205594928822,0.462122835133,0.857731270412,0.226019840543,5.72297782871,0.000274657211007,0.000274657211007,8.89364231293e-05,0,0.310843792616,8.89364231293e-05,0.00016360757215,0.12420108466,0.251103353377,0.0289253226529,0.0289253226529,0,0.0431605712478,0.69910465107,1.43040101145,0,0,0.401617262171,0.310843792616,0.339769115269,0.215568030609,0.383344078175,0.738694859899,0.659895977516,0.227238253473,0.845237318078,0.500274560888,-0.114025902431,0.810076599513,0.00345503165061,0,0.999725342789,7.07185223937,1,0,4.67579173418e-16,1.46118491693e-16,1.33226762955e-15,0,B5: usownership + residual tax,ok,slow,B5
38,2065,0.257698792185,2.06823212369,2.06823212369,2.06823212369,3.96610074471,1.91762844183,0.0205082801498,0.456304579751,0.85070908081,0.226212729309,5.84745959253,0.00065699368713,0.00065699368713,0.000216099609696,0,0.312452713588,0.000216099609696,0.00040719788001,0.125904174915,0.260399059066,0.0290303099058,0.0290303099058,0,0.0433509050435,0.698688991234,1.43125197698,0,0,0.403796657586,0.312452713588,0.341483023494,0.215578848579,0.384578057634,0.738832389021,0.660194693945,0.227388754598,0.861634844496,0.511717694069,-0.093366553979,0.828797785309,0.0034082442951,0,0.999343006313,7.28525944694,1,0,-2.79928094642e-16,-8.39784283927e-17,1.33226762955e-15,0,B5: usownership + residual tax,ok,slow,B5
39,2066,0.269897775684,2.11599415012,2.11599415012,2.11599415012,4.14070699808,1.95686126913,0.0204590349409,0.450449067672,0.843641925219,0.226374281593,5.97561867257,0.00127747180539,0.00127747180539,0.000426591916738,0,0.314030007091,0.000426591916738,0.000825403152535,0.127565153079,0.269927117676,0.0291243979499,0.0291243979499,0,0.0435194917489,0.698350916449,1.43194485243,0,0,0.405919813185,0.314030007091,0.343154405041,0.215589251961,0.385814432499,0.738832350518,0.660378129499,0.227495268953,0.880019955314,0.523476089199,-0.0725857270782,0.846051848791,0.00336147834402,0,0.998722528195,7.50089930104,1,0,2.14499219605e-16,-5.36248049012e-17,1.33226762955e-15,0,B5: usownership + residual tax,ok,slow,B5
40,2067,0.282135816755,2.1650294817,2.1650294817,2.1650294817,4.32331401149,1.9968845912,0.0204528152814,0.444574807958,0.836552142667,0.22653635112,6.10753943106,0.00213612300089,0.00213612300089,0.000724773392287,0,0.315572909524,0.000724773392287,0.001449631033,0.129176577628,0.279671098909,0.029194234081,0.029194234081,0,0.0436481316517,0.698048386051,1.43256544959,0,0,0.40799966486,0.315572909524,0.344767143606,0.215590565978,0.387033946817,0.738695409625,0.660446647087,0.227557915915,0.89785283405,0.535537309099,-0.051724866234,0.862964868285,0.00331536000775,0,0.997863876999,7.71870330158,1,0,-2.05439257324e-16,2.56799071655e-17,1.33226762955e-15,0,B5: usownership + residual tax,ok,slow,B5
41,2068,0.294373857826,2.2153395584,2.2153395584,2.2153395584,4.51396815394,2.03759651058,0.0203877177265,0.438700548244,0.829462360115,0.22664936472,6.24319236875,0.00331370801801,0.00331370801801,0.00114066756161,0,0.317151084356,0.00114066756161,0.00237310462085,0.130753015672,0.289662327998,0.0292062512989,0.0292062512989,0,0.0436849658728,0.697771528057,1.43313385512,0,0,0.410099985554,0.317151084356,0.346357335655,0.215604319984,0.388209661496,0.738372998849,0.660359574778,0.227558710348,0.913815342508,0.547929335821,-0.0307258896796,0.878731354234,0.00326790972967,0,0.996686291982,7.93860176472,1,0,-1.47571669108e-16,-1.72166947292e-16,1.11022302463e-15,0,B5: usownership + residual tax,ok,slow,B5
42,2069,0.306572841325,2.26690712511,2.26690712511,2.26690712511,4.71315352575,2.07911187606,0.0203746744101,0.432845036164,0.822395204525,0.226759155572,6.38264277208,0.00481266326606,0.00481266326606,0.00168048429511,0,0.318572174241,0.00168048429511,0.00359451099376,0.132232361506,0.299758482468,0.0292672632902,0.0292672632902,0,0.0437947413637,0.697549855649,1.4335892867,0,0,0.411996050825,0.318572174241,0.347839437531,0.215607076025,0.389384221733,0.737861967033,0.660112790988,0.227495641806,0.930029135154,0.560619299797,-0.0096556946519,0.895473119338,0.00322174843886,0,0.995187336734,8.16047511185,1,0,-1.88446740563e-16,0,1.33226762955e-15,0,B5: usownership + residual tax,ok,slow,B5
43,2070,0.318694206703,2.31972639785,2.31972639785,2.31972639785,4.92122927261,2.12146970314,0.0203730388777,0.427026780783,0.815373014922,0.22686824786,6.52595646915,0.0066293151775,0.0066293151775,0.00234830460819,0,0.320010256081,0.00234830460819,0.005138673663,0.133658939927,0.310052171257,0.0292561054631,0.0292561054631,0,0.0437928562592,0.697312678205,1.43407689442,0,0,0.413914258722,0.320010256081,0.349266361544,0.215607421617,0.390483644216,0.737165521511,0.659709409328,0.227369926106,0.946593615503,0.573614894523,0.011482514684,0.912650339119,0.00317537491429,0,0.993370684822,8.3841860566,1,0,-1.35359231988e-16,0,7.77156117238e-16,0,B5: usownership + residual tax,ok,slow,B5
44,2071,0.330700374071,2.37378984216,2.37378984216,2.37378984216,5.13851709851,2.16468914276,0.0203724048276,0.421263820446,0.808417562213,0.226976303367,6.67319312434,0.00875871028612,0.00875871028612,0.00314748043363,0,0.321391394039,0.00314748043363,0.00706636661725,0.135011329416,0.320488522343,0.0292274909698,0.0292274909698,0,0.0437651257798,0.697053538515,1.43461003315,0,0,0.415758786489,0.321391394039,0.350618885009,0.215607555594,0.391528258716,0.736285213794,0.659150307036,0.227181779802,0.963581654579,0.586918338619,0.0326801605609,0.930277003876,0.00312917696485,0,0.991241289714,8.60958257609,1,0,-8.64236123645e-17,8.64236123645e-17,7.77156117238e-16,0,B5: usownership + residual tax,ok,slow,B5
45,2072,0.342555201698,2.42908752574,2.42908752574,2.42908752574,5.36517153268,2.20871890199,0.0203399917127,0.415573503185,0.801549784144,0.227082996815,6.82440601175,0.0111946767023,0.0111946767023,0.00408057298882,0,0.322448025384,0.00408057298882,0.00936068377613,0.136027446856,0.330422574316,0.0291938262648,0.0291938262648,0,0.043729115049,0.696799979101,1.43513207519,0,0,0.417183247432,0.322448025384,0.351641851649,0.215614404793,0.39273641268,0.73523914546,0.658447054468,0.226935330068,0.980761885842,0.600551089012,0.0537754886534,0.946218925658,0.00310629539632,0,0.988805323298,8.83649909632,1,0,-3.31090409427e-16,-4.13863011783e-17,1.55431223448e-15,0,B5: usownership + residual tax,ok,slow,B5
46,2073,0.354224405783,2.48560742787,2.48560742787,2.48560742787,5.60137999715,2.25352561082,0.0202862884869,0.409972285224,0.794789542122,0.227188019652,6.97964188022,0.0139299007179,0.0139299007179,0.00514930729904,0,0.323117017743,0.00514930729904,0.0121375131886,0.136678547426,0.339729212713,0.0291872834376,0.0291872834376,0,0.0437317615258,0.696603422629,1.43553701793,0,0,0.41810560131,0.323117017743,0.35230430118,0.215625753754,0.394135685869,0.734037570698,0.657606063289,0.226632788564,0.998145798498,0.614510012152,0.0746821904188,0.961810348417,0.00310819677851,0,0.986070099282,9.06475786553,1,0,1.982052682e-16,-7.92821072799e-17,1.11022302463e-15,0,B5: usownership + residual tax,ok,slow,B5
47,2074,0.365675932595,2.54333578057,2.54333578057,2.54333578057,5.84781500798,2.29926974356,0.0202989185118,0.404475552354,0.788155405619,0.227291083393,7.13894091241,0.0169560165189,0.0169560165189,0.00635454409899,0,0.324029402035,0.00635454409899,0.0153569223076,0.13759416273,0.34994815727,0.0291878452719,0.0291878452719,0,0.0437436502729,0.696435436405,1.43588328182,0,0,0.419342128803,0.324029402035,0.353217247307,0.215623084577,0.395168617466,0.732648211821,0.656605846929,0.226266251587,1.01590407985,0.628730376016,0.0957403272778,0.977953321122,0.00307909475902,0,0.983043983481,9.29417048601,1,0,0,-1.13911574471e-16,5.55111512313e-16,0,B5: usownership + residual tax,ok,slow,B5
48,2075,0.376880275151,2.6022574323,2.6022574323,2.6022574323,6.10467489733,2.34591505881,0.0202870130334,0.399097467928,0.78166446872,0.227391922476,7.30233677797,0.0202637067067,0.0202637067067,0.00769626963449,0,0.324792382743,0.00769626963449,0.0189647090419,0.138272317416,0.359820165677,0.0291055353024,0.0291055353024,0,0.0436278333222,0.696237801245,1.43629087391,0,0,0.420384399532,0.324792382743,0.353897918046,0.21562560063,0.396247392855,0.731095594236,0.655464103108,0.225842446511,1.03467742164,0.643264681683,0.116774814502,0.997061954175,0.00306481464059,0,0.979736293293,9.52453957115,1,0,-1.45491518326e-16,0,6.66133814775e-16,0,B5: usownership + residual tax,ok,slow,B5
49,2076,0.387810728859,2.66235622443,2.66235622443,2.66235622443,6.37281295954,2.39367403244,0.0203583558807,0.393850850148,0.775332202016,0.22749029656,7.46985677833,0.0238428111428,0.0238428111428,0.0091736031848,0,0.3260722633,0.0091736031848,0.0231036538665,0.139507403507,0.371418404082,0.0290456644239,0.0290456644239,0,0.0435504200349,0.695989046383,1.43680422156,0,0,0.422094715248,0.3260722633,0.355117927724,0.215610524216,0.39669051047,0.729337939819,0.654152128835,0.225350715951,1.05454648747,0.658027588057,0.138209590334,1.01752081224,0.00299310709129,0,0.976157188857,9.75566049204,1,0,-1.39369918016e-16,2.43897356527e-16,1.22124532709e-15,0,B5: usownership + residual tax,ok,slow,B5
50,2077,0.39844358301,2.72361537107,2.72361537107,2.72361537107,6.65248162331,2.44251875429,0.020405753326,0.388747080155,0.769172341675,0.227585992247,7.64152207836,0.0276824415558,0.0276824415558,0.0107848214666,0,0.327430861514,0.0107848214666,0.0277717307258,0.140724036346,0.38327814847,0.028893684024,0.028893684024,0,0.0433364194165,0.695623524952,1.43755920283,0,0,0.423905908266,0.327430861514,0.356324545538,0.215600509192,0.39697155399,0.727401303461,0.652688531043,0.22479814903,1.07475919713,0.673082763414,0.159856484677,1.0360322609,0.00291693400361,0,0.972317558444,9.9873231763,1,0,2.00266262274e-16,6.67554207581e-17,4.4408920985e-16,0,B5: usownership + residual tax,ok,slow,B5
1,2028,0.00191263144382,0.983691823244,1.01067634336,1.01067634336,0.964017986779,0.98,-0.02,0.579081936907,0.972222084438,0.220047815786,3.03645923711,0,0,0,0,0.384011842212,0,0,0.134089388925,0.13190263547,-0.019274479298,-0.0323003244903,0.0130258451922,-0.0518968229791,0.590094701566,1.69464324514,0.04,0.0209285817639,0.492353057,0.384011842212,0.364737362914,0.230647973988,0.314352489698,0.744497872532,0.6730623008,0.233885158691,0.410654264445,0.252012304038,-0.776420465743,0.397115370749,0.00339455200746,0,1,0.191839242533,1,-0.0266994674334,-1.79947210505e-16,-2.87915536808e-17,1.33226762955e-15,0,B6: SSM hybrid,ok,slow,B6
2,2029,0.00397057522745,1.0251662079,1.02646647771,1.02646647771,0.984569626072,0.9604,-0.02,0.578094123891,0.99643592345,0.220099264381,3.07991001111,0,0,0,0,0.214419459339,0,0,0.077345387798,0.0792918779078,0.0877004560629,0.0763016307219,0.011398825341,0.132060641094,0.654078855561,1.52886764569,0.04,0.0197287550477,0.274931731111,0.214419459339,0.302119915402,0.224774527604,0.370633615189,0.737385000079,0.66144333148,0.228603677538,0.49365786148,0.257975823161,-0.737599012465,0.436987178908,0.00414065212664,0,1,0.386848497765,1,-0.00126674356037,-3.66477365794e-16,-5.6381133199e-17,1.33226762955e-15,0,B6: SSM hybrid,ok,slow,B6
3,2030,0.00618367993805,1.04344791826,1.04344791826,1.04344791826,1.00507786128,0.963227626116,0.00294421711356,0.57703183363,0.996417650024,0.220154591998,3.12483526116,0,0,0,0,0.237849756449,0,0,0.0827870589422,0.0863839843123,0.0642914761808,0.0510553284035,0.0132361477773,0.0796827359522,0.691787951266,1.44552965713,0.04,0.0206578334004,0.304996033841,0.237849756449,0.30214123263,0.219354173688,0.365982788401,0.734019711926,0.65581319633,0.225829841667,0.490064839392,0.26060764636,-0.723300201507,0.457172834851,0.00406099778448,0,1,0.580515719288,1,0,-9.66537204697e-17,-5.52306974113e-17,1.33226762955e-15,0,B6: SSM hybrid,ok,slow,B6
4,2031,0.00856226692381,1.0608875445,1.0608875445,1.0608875445,1.0352178815,0.975803596588,0.0130560732802,0.575890111877,0.995039679121,0.220214056673,3.17096749534,0,0,0,0,0.2720684583,0,0,0.0924732921453,0.0981037638361,0.0375695158436,0.0232909601024,0.0142785557412,0.0346773942334,0.694937737988,1.4389778326,0.04,0.0212590251474,0.348901465367,0.2720684583,0.309637974143,0.217164681998,0.357390407255,0.733440009817,0.654108573501,0.22489357847,0.48200279111,0.263941036196,-0.70699844165,0.462878743419,0.00389904626621,0,1,0.77270483948,1,0,1.94382194134e-16,5.3622674244e-17,1.33226762955e-15,0,B6: SSM hybrid,ok,slow,B6
5,2032,0.0111171200807,1.07876027748,1.07876027748,1.07876027748,1.0702461959,0.99210753144,0.0167082135272,0.574663782361,0.993559593114,0.220277928002,3.21833652435,0,0,0,0,0.281681025165,0,0,0.0951645978987,0.102659788035,0.0298681726343,0.0154993371226,0.0143688355117,0.0230578683973,0.687692310711,1.45413869608,0.04,0.0213760572875,0.361258242239,0.281681025165,0.3115491978,0.216384599901,0.355248190919,0.733849122209,0.653938796791,0.224697097494,0.4849739413,0.26797480771,-0.69061042121,0.470094715146,0.00386910593905,0,1,0.963521439567,1,0,2.10712313429e-16,1.29669115956e-16,1.33226762955e-15,0,B6: SSM hybrid,ok,slow,B6
6,2033,0.0138594687037,1.09708189033,1.09708189033,1.09708189033,1.10826658793,1.01019495236,0.0182313109647,0.573347455022,0.991970886613,0.220346486718,3.26697447307,0,0,0,0,0.281778930967,0,0,0.0951723575898,0.104411869971,0.0294543526919,0.0152827742978,0.0141715783941,0.0230127531194,0.679382989449,1.47192381253,0.04,0.0213395178481,0.361415585471,0.281778930967,0.311233283659,0.21606092607,0.355806051179,0.734500241611,0.654274847081,0.224765032635,0.4924205754,0.272366907312,-0.674592766039,0.475793857125,0.00388786179588,0,1,1.15307313763,1,0,3.94445091738e-16,7.51323984263e-17,1.33226762955e-15,0,B6: SSM hybrid,ok,slow,B6
7,2034,0.016800962325,1.11586914982,1.11586914982,1.11586914982,1.14867143642,1.02939617661,0.019007444265,0.571935538084,0.99026681077,0.220420024058,3.31691590953,0,0,0,0,0.279927790078,0,0,0.0947430661889,0.10572086472,0.0307116380441,0.0167667622948,0.0139448757492,0.0255791506702,0.672252259488,1.48753683738,0.04,0.0212741179003,0.35907514138,0.279927790078,0.310639428122,0.215896361934,0.356892213711,0.735139228826,0.654742570737,0.224918885544,0.501050714013,0.276957804011,-0.658682215169,0.48310983627,0.00390715682801,0,1,1.34146971134,1,0,-5.13467962318e-17,1.4497918936e-16,1.33226762955e-15,0,B6: SSM hybrid,ok,slow,B6
8,2035,0.0199536363932,1.13513986234,1.13513986234,1.13513986234,1.19122250299,1.04940593006,0.0194383405611,0.570422254531,0.98844039317,0.22049884091,3.36819797888,0,0,0,0,0.277982942653,0,0,0.0942856027586,0.107027346136,0.0321077669436,0.0183560964025,0.0137516705411,0.0283168621381,0.666595167278,1.50016089088,0.04,0.0212138872199,0.356616458374,0.277982942653,0.310090709597,0.215805106838,0.358051151757,0.735696588885,0.655209589273,0.2250906753,0.509884350513,0.281704531581,-0.64274782379,0.491227984347,0.00393028741061,0,1,1.52882320383,1,0,-2.91250958007e-18,-1.39800459843e-16,1.33226762955e-15,0,B6: SSM hybrid,ok,slow,B6
9,2036,0.023329867599,1.15491291761,1.15491291761,1.15491291761,1.23584278082,1.07007442897,0.0196954279676,0.568801663552,0.986484463707,0.22058324669,3.42086054116,0,0,0,0,0.276382452316,0,0,0.0939610337033,0.108516811576,0.0333292790618,0.0197296177445,0.0135996613174,0.0307062545829,0.662257272532,1.50998719301,0.04,0.021165877011,0.354601631467,0.276382452316,0.309711731378,0.215750697675,0.359139347753,0.736158673473,0.655628635582,0.225253302029,0.518753334617,0.286590944357,-0.626688034472,0.499826001997,0.00395125944329,0,1,1.71524800994,1,0,-1.79670592709e-16,4.49176481772e-17,1.33226762955e-15,0,B6: SSM hybrid,ok,slow,B6
10,2037,0.0269423176208,1.17520832907,1.17520832907,1.17520832907,1.28252895072,1.09132050803,0.0198547675624,0.567067687542,0.984391687176,0.220673557941,3.47494631198,0,0,0,0,0.275180411007,0,0,0.0937787736177,0.110209595845,0.0343153519285,0.0208310020158,0.0134843499127,0.0326427979659,0.658981017145,1.51749439511,0.04,0.0211303762329,0.353100313496,0.275180411007,0.309495762936,0.215716989318,0.360148539876,0.73653564081,0.655990754,0.225398653674,0.527620428696,0.291613896358,-0.610464556851,0.508778487144,0.00396995587708,0,1,1.90086093948,1,0,1.51489000853e-16,4.32825716724e-17,1.33226762955e-15,0,B6: SSM hybrid,ok,slow,B6
11,2038,0.030803864069,1.19604726964,1.19604726964,1.19604726964,1.33131943696,1.11309934878,0.0199564111509,0.565214145247,0.982154603277,0.220770096602,3.53050100452,0,0,0,0,0.274322358602,0,0,0.0937190410809,0.112092403199,0.0350921745554,0.0216939873771,0.0133981871783,0.0341728794199,0.656524523911,1.52317234708,0.04,0.0211051397298,0.352042904675,0.274322358602,0.309414533158,0.215695492077,0.361100059917,0.736844583093,0.656301844699,0.225526611057,0.537150985153,0.296774855326,-0.594071018325,0.517476957109,0.00398698960814,0,1,2.08578125432,1,0,1.19876984711e-16,-4.16963425082e-17,1.33226762955e-15,0,B6: SSM hybrid,ok,slow,B6
12,2039,0.0349275174422,1.21745210166,1.21745210166,1.21745210166,1.38227967955,1.13538732051,0.0200233445045,0.563234791628,0.979765674725,0.220873187936,3.5875734711,0,0,0,0,0.273742960954,0,0,0.0937604752611,0.114148887659,0.035698852568,0.0223643543927,0.0133344981753,0.0353686972188,0.654684913286,1.52745233578,0.04,0.0210881933028,0.351345835768,0.273742960954,0.309441813522,0.215681338261,0.36201681784,0.737102941312,0.656572926844,0.22564025937,0.547510835937,0.302077382911,-0.577513708816,0.525692560458,0.00400292018073,0,1,2.27013067535,1,0,-1.20477394088e-16,-1.60636525451e-16,1.33226762955e-15,0,B6: SSM hybrid,ok,slow,B6
13,2040,0.0393263230004,1.23944639915,1.23944639915,1.23944639915,1.43549446466,1.15817389573,0.0200694289995,0.56112336496,0.977217344096,0.220983158075,3.64621584239,0,0,0,0,0.273392482266,0,0,0.0938873053579,0.116368282552,0.0361664173436,0.0228762637651,0.0132901535785,0.0362876096235,0.65329154883,1.5307101428,0.0400070033514,0.0210815852555,0.350945534875,0.273392482266,0.30955889961,0.215671594252,0.362917378274,0.737326700405,0.656816433753,0.225743917221,0.558082464336,0.307526154804,-0.560801260953,0.534096511326,0.00401818710113,0,1,2.45403335525,1,0,-1.45014015897e-16,0,1.33226762955e-15,0,B6: SSM hybrid,ok,slow,B6
14,2041,0.0440132465984,1.26205496114,1.26205496114,1.26205496114,1.4910781109,1.18146844378,0.0201131696476,0.558873641633,0.974502099969,0.221100331165,3.7064836617,0,0,0,0,0.273295011623,0,0,0.0941692884094,0.118846817624,0.036536623422,0.0232763006893,0.0132603227326,0.0370088671495,0.652214781712,1.53323725257,0.0400208286999,0.0210836562442,0.350873190165,0.273295011623,0.309831635045,0.215662346636,0.363759265253,0.73752445386,0.657040690216,0.225840742151,0.568275468469,0.31312335408,-0.543898692626,0.542699945076,0.00402589632827,0,1,2.63761581297,1,0,-1.0703299755e-16,-7.44577374259e-17,1.33226762955e-15,0,B6: SSM hybrid,ok,slow,B6
15,2042,0.0490010437402,1.28530381375,1.28530381375,1.28530381375,1.54924429099,1.2053525979,0.0202156513346,0.556479499005,0.971612552782,0.221225026094,3.76843601173,0,0,0,0,0.27391096676,0,0,0.0951018851219,0.122234815642,0.0368316014976,0.0235935840831,0.0132380174146,0.0375857128523,0.651321044669,1.53534114733,0.0400339508943,0.0210887976801,0.351720299108,0.27391096676,0.310742568258,0.215640683136,0.364190624196,0.737681622279,0.657240926027,0.225929651248,0.577948859781,0.318854897024,-0.52653444861,0.551594736713,0.00398437757018,0,1,2.82100682527,1,0,2.7769114564e-16,3.58311155664e-17,1.33226762955e-15,0,B6: SSM hybrid,ok,slow,B6
16,2043,0.0543021113941,1.30922019951,1.30922019951,1.30922019951,1.61008402513,1.22980383722,0.0202855491134,0.553934986531,0.968541520683,0.221357552785,3.83213563045,0,0,0,0,0.274788017781,0,0,0.0961596638532,0.125894174295,0.0369975560841,0.023772268915,0.0132252871691,0.0379318618577,0.650482051951,1.53732143262,0.0400646954004,0.0211027297276,0.352906547497,0.274788017781,0.311785573865,0.215625910012,0.364582490033,0.737824352471,0.657436879397,0.226018180798,0.587729090066,0.324751217422,-0.508886550152,0.560740702997,0.00393885952958,0,1,3.00433727086,1,0,-4.30964707159e-17,3.44771765728e-17,1.33226762955e-15,0,B6: SSM hybrid,ok,slow,B6
17,2044,0.0599283224886,1.33383255155,1.33383255155,1.33383255155,1.67370239094,1.25480697633,0.0203309978003,0.551234405205,0.965282125407,0.221498208062,3.89764901265,0,0,0,0,0.275698769262,0,0,0.0972753539554,0.129749033569,0.0371928900635,0.0239822879449,0.0132106021186,0.0383252494706,0.649739152575,1.53907917668,0.040085664734,0.0211113978372,0.354140185825,0.275698769262,0.312891659325,0.21561630537,0.365003478827,0.737958971023,0.657630938949,0.226106837874,0.597739472866,0.330820210571,-0.491038147349,0.570117400474,0.00389075464396,0,1,3.18773992238,1,0,4.97500196556e-17,1.32666719082e-16,1.33226762955e-15,0,B6: SSM hybrid,ok,slow,B6
18,2045,0.0658908434629,1.35917045079,1.35917045079,1.35917045079,1.7402294165,1.28036142596,0.0203652435063,0.548372395138,0.961827897976,0.221647271087,3.96504649325,0,0,0,0,0.276698321529,0,0,0.0984649763673,0.133830686316,0.03737572365,0.0241797243182,0.0131959993318,0.0386937281765,0.649080075297,1.54064196092,0.0400992993401,0.0211169657869,0.355492196854,0.276698321529,0.314074045179,0.215609068811,0.365439584674,0.738090675628,0.657826926817,0.226197018903,0.607818638326,0.337067118183,-0.473013859494,0.579717814511,0.00384022338861,0,1,3.37134918201,1,0,1.11645641355e-16,-3.18987546729e-17,1.33226762955e-15,0,B6: SSM hybrid,ok,slow,B6
19,2046,0.0721999358085,1.38526456404,1.38526456404,1.38526456404,1.80980935824,1.30647199475,0.0203931235859,0.545344030812,0.958172893668,0.221804998395,4.03440230806,0,0,0,0,0.277784528031,0,0,0.0997204378108,0.13813918881,0.0375390875308,0.0243564769171,0.0131826106137,0.0390249643798,0.648482015638,1.54206281113,0.0401095730519,0.0211217291969,0.356960051732,0.277784528031,0.315323615561,0.215603177751,0.365897789299,0.738224115702,0.65802868923,0.226290219889,0.618032797221,0.34349905146,-0.454828062632,0.589945569995,0.00379031856009,0,1,3.55530075604,1,0,8.05149842544e-17,1.22689499816e-16,1.33226762955e-15,0,B6: SSM hybrid,ok,slow,B6
20,2047,0.0788647431796,1.41214656096,1.41214656096,1.41214656096,1.88259804555,1.3331463586,0.0204170957816,0.542144923274,0.954311815352,0.221971618579,4.10579462738,0,0,0,0,0.278944682511,0,0,0.101034230486,0.14267514112,0.037687660658,0.0245170773703,0.0131705832878,0.0393274271488,0.647926213124,1.54338561976,0.0401179370758,0.0211267088215,0.358527643942,0.278944682511,0.316632343169,0.215598112683,0.366385835666,0.73836267867,0.658239200636,0.226387626681,0.628995115241,0.350123628217,-0.436489544408,0.601224586316,0.00373894677954,0,1,3.73973126498,1,0,-4.79154968655e-17,2.94864596095e-17,1.33226762955e-15,0,B6: SSM hybrid,ok,slow,B6
21,2048,0.0858930663843,1.43984900827,1.43984900827,1.43984900827,1.9587663237,1.36039703639,0.0204408747844,0.538771328136,0.950240143837,0.22214732666,4.17930555772,0,0,0,0,0.280186330342,0,0,0.102419164048,0.147468131782,0.0378259223757,0.0246663301295,0.0131595922462,0.0396099244867,0.647397386782,1.54464633379,0.0401251287345,0.0211320635218,0.360204881908,0.280186330342,0.318012252718,0.21559308867,0.366896248907,0.738507943205,0.658460195948,0.226489963909,0.640216059031,0.356947874451,-0.41799408985,0.612471053377,0.00368497783944,0,1,3.92477778558,1,0,-9.56470065565e-17,2.83398537945e-17,1.33226762955e-15,0,B6: SSM hybrid,ok,slow,B6
22,2049,0.0932911293683,1.46840523964,1.46840523964,1.46840523964,2.03847120269,1.38822114472,0.0204529321887,0.535220257903,0.945954273446,0.222332278234,4.25502110655,0,0,0,0,0.281414770198,0,0,0.103778299039,0.152388598069,0.0379540701194,0.0248043722958,0.0131496978236,0.0398730310542,0.646888313245,1.54586190464,0.0401322624353,0.0211381406238,0.361870195099,0.281414770198,0.319368840317,0.215590541279,0.367500911575,0.738666033796,0.658695861051,0.226598769178,0.651713565337,0.363984516246,-0.399391215656,0.623882225508,0.00363617638513,0,1,4.11057732261,1,0,1.19138934274e-16,2.72317564055e-17,1.33226762955e-15,0,B6: SSM hybrid,ok,slow,B6
23,2050,0.101063340149,1.49784920014,1.49784920014,1.49784920014,2.12139344407,1.41629307134,0.0202215091777,0.531489596729,0.941451650513,0.222526583504,4.33303110527,0,0,0,0,0.280709066516,0,0,0.103167402242,0.154529210928,0.0380977807099,0.0249546770977,0.0131431036122,0.0401457236982,0.646557049627,1.54665392726,0.0401358796566,0.0211439083779,0.361052944782,0.280709066516,0.318806847226,0.215639444984,0.369645000223,0.738931264209,0.65900028019,0.226732270173,0.662530578741,0.371337486178,-0.381737803134,0.63512485473,0.00374802129096,0,1,4.29726620886,1,0,-7.85019177649e-17,-2.61673059216e-17,1.33226762955e-15,0,B6: SSM hybrid,ok,slow,B6
24,2051,0.10921205152,1.52821526485,1.52821526485,1.52821526485,2.20785185461,1.44472569107,0.0200753786777,0.52757821527,0.936730912008,0.222730301288,4.41342908533,0,0,0,0,0.279485862535,0,0,0.10233199252,0.156385313051,0.0385164663131,0.0253932854679,0.0131231808452,0.0408752809215,0.646631473815,1.54647591479,0.0400664527533,0.0211242339756,0.359573855765,0.279485862535,0.318002328848,0.215670336329,0.372086144346,0.739240398619,0.659329132937,0.226873679962,0.675645974159,0.378914321833,-0.364480593258,0.644678848342,0.00387381677986,0,1,4.48497943338,1,0,-3.7713910321e-17,-7.5427820642e-17,1.33226762955e-15,0,B6: SSM hybrid,ok,slow,B6
25,2052,0.117737327191,1.55953803153,1.55953803153,1.55953803153,2.29816472426,1.47361890367,0.0199990993301,0.523486082948,0.931792021024,0.22294343318,4.49631210313,0,0,0,0,0.27847076391,0,0,0.101483275787,0.158267028154,0.0386989768398,0.0255725959995,0.0131263808403,0.041165102695,0.646792860867,1.5460900398,0.0400226136033,0.0211299945972,0.358366141927,0.27847076391,0.31716974075,0.215686464963,0.37460471382,0.739591718272,0.659692340016,0.227028420307,0.687746829302,0.386719309866,-0.347358667941,0.654884878413,0.00401169585085,0,1,4.67384989938,1,0,-3.32125161166e-17,-9.66182287028e-17,1.33226762955e-15,0,B6: SSM hybrid,ok,slow,B6
26,2053,0.126636719776,1.59185208837,1.59185208837,1.59185208837,2.39285603072,1.50318993091,0.0200669434696,0.519214374507,0.926636395389,0.223165917994,4.58178050956,0,0,0,0,0.278328496151,0,0,0.101481778286,0.161543980696,0.0388254018997,0.0256856500162,0.0131397518835,0.0413485951299,0.646883297372,1.54587389111,0.04,0.0211522885501,0.358285639879,0.278328496151,0.317153898051,0.215672119765,0.376578285959,0.739937374558,0.660064573705,0.227188430166,0.699574442096,0.394721328163,-0.329792019824,0.66621803848,0.00408816513392,0,1,4.86400761519,1,0,-7.8295615365e-17,-9.27948033956e-17,1.33226762955e-15,0,B6: SSM hybrid,ok,slow,B6
27,2054,0.135905067694,1.62519175842,1.62519175842,1.62519175842,2.49254645651,1.53369375866,0.0202927302334,0.514765567507,0.921267025326,0.223397626692,4.66993766073,0,0,0,0,0.279817469893,0,0,0.10300210536,0.16739817273,0.0388090278411,0.0256467604618,0.0131622673793,0.0412984041328,0.646657692975,1.54641321191,0.0400200830409,0.0211949044537,0.360309831015,0.279817469893,0.318626497734,0.215624392374,0.37747262526,0.740230972176,0.660422477326,0.227346649846,0.713800922522,0.402900973643,-0.311181979713,0.680181151828,0.00404584546349,0,1,5.05557882352,1,0,1.28057440513e-16,0,1.33226762955e-15,0,B6: SSM hybrid,ok,slow,B6
28,2055,0.145534318475,1.65959082354,1.65959082354,1.65959082354,2.59730018214,1.5650244297,0.0204282444657,0.510143527132,0.915688575819,0.223638357962,4.76088956775,0,0,0,0,0.281543729001,0,0,0.104635595708,0.173652274452,0.0386876238739,0.0254995564374,0.0131880674365,0.0410900871059,0.646076397067,1.54780457008,0.04008781907,0.0212513045494,0.362645078989,0.281543729001,0.320231352875,0.215595757167,0.378340749067,0.740521634969,0.660796215948,0.227513900481,0.727265682713,0.41135029477,-0.29207318114,0.692763385314,0.00400245037557,0,1,5.2486850765,1,0,-5.87747488471e-17,-4.27452718888e-17,1.33226762955e-15,0,B6: SSM hybrid,ok,slow,B6
29,2056,0.155513386181,1.69508223147,1.69508223147,1.69508223147,2.70722743747,1.59710684662,0.0204996269151,0.505353574633,0.90990746921,0.223887834655,4.85474448405,0,0,0,0,0.283064195595,0,0,0.106251975216,0.180105835247,0.0387684561817,0.0255747322639,0.0131937239178,0.0412600564144,0.645417129158,1.54938559084,0.0401284733397,0.021285610639,0.364720730113,0.283064195595,0.321832651776,0.21558067656,0.379318830896,0.740812828134,0.661179042053,0.227686237097,0.739842905286,0.420078455441,-0.272706324573,0.705503765567,0.00395892658243,0,1,5.44344226656,1,0,-1.38407385218e-16,0,1.33226762955e-15,0,B6: SSM hybrid,ok,slow,B6
30,2057,0.165828050499,1.73169779088,1.73169779088,1.73169779088,2.82252173175,1.62991588175,0.0205427928626,0.50040253576,0.903931943659,0.224145701262,4.95161243072,0,0,0,0,0.284585868953,0,0,0.107904897542,0.186858672699,0.0388905867235,0.0257000829539,0.0131905037696,0.0415151478935,0.644753230009,1.55098098537,0.0401498880745,0.0213075465852,0.366803237948,0.284585868953,0.323476455676,0.215571558134,0.380344189448,0.741107803542,0.661570676958,0.227863099571,0.752733343994,0.429085848713,-0.253150686172,0.717674215721,0.00391413725311,0,1,5.63995962515,1,0,-2.95008275437e-16,0,1.33226762955e-15,0,B6: SSM hybrid,ok,slow,B6
31,2058,0.176460904651,1.76946786006,1.76946786006,1.76946786006,2.94341820492,1.66344824416,0.02057306318,0.495298765768,0.897772083318,0.224411522616,5.05160466158,0,0,0,0,0.286155922291,0,0,0.109603514593,0.193939896422,0.0390127565577,0.0258283520894,0.0131844044683,0.0417751337238,0.644099313475,1.55255560607,0.0401628378588,0.0213246380499,0.368953292417,0.286155922291,0.325168678849,0.215565164256,0.381398476722,0.741408792336,0.661972043056,0.228044660176,0.765941501055,0.438377027273,-0.233433350913,0.729632688803,0.00386795571968,0,1,5.8383387041,1,0,-2.31027857831e-16,7.5437667863e-17,1.33226762955e-15,0,B6: SSM hybrid,ok,slow,B6
32,2059,0.187391358359,1.80842103609,1.80842103609,1.80842103609,3.07017356687,1.69770949663,0.020596524467,0.490052147988,0.891439816615,0.224684783959,5.15483307168,0,0,0,0,0.287778588859,0,0,0.111345294528,0.201359172895,0.0391269145536,0.025949156423,0.0131777581306,0.0420224495387,0.643456148705,1.55410745862,0.040171918954,0.0213402573497,0.371176242778,0.287778588859,0.326905503412,0.215560208884,0.382477956798,0.741717176769,0.662383740989,0.228231057223,0.780295053588,0.447957959891,-0.213568893899,0.741296779642,0.003820486047,0,1,6.03867235627,1,0,6.32827509839e-17,1.08484715972e-16,1.33226762955e-15,0,B6: SSM hybrid,ok,slow,B6
33,2060,0.198595700915,1.84858385179,1.84858385179,1.84858385179,3.20305819387,1.73270917128,0.0206158207415,0.484674063561,0.884948879716,0.224964892523,5.26140955492,0,0,0,0,0.289448909151,0,0,0.113125149748,0.209121325054,0.0392323739907,0.0260612070645,0.0131711669262,0.0422549383549,0.642822420761,1.55563957899,0.0401789573401,0.0213553748739,0.373465545443,0.289448909151,0.328681283142,0.215556133394,0.383582541727,0.742033885289,0.662805869789,0.228422246668,0.795511829151,0.457834755196,-0.193567564296,0.755916554096,0.00377187339137,0,1,6.24104373422,1,0,-1.25647372626e-16,6.93226883452e-17,1.33226762955e-15,0,B6: SSM hybrid,ok,slow,B6
34,2061,0.210047227727,1.8899804885,1.8899804885,1.8899804885,3.3423525287,1.76845874814,0.0206321853954,0.479177330691,0.878314743213,0.225251180693,5.37144531814,0,0,0,0,0.29116216754,0,0,0.114937913879,0.21723041462,0.0393284235404,0.026163638563,0.0131647849774,0.0424712018002,0.64219609006,1.55715678665,0.0401847462224,0.0213702783765,0.375814922571,0.29116216754,0.33049059108,0.215552677202,0.384708027505,0.74235896438,0.663238186355,0.228618055397,0.810362146716,0.468013183938,-0.17343775397,0.768425222119,0.00372225692734,0,1,6.44552532711,1,0,-4.15210175726e-18,-3.32168140581e-17,1.33226762955e-15,0,B6: SSM hybrid,ok,slow,B6
35,2062,0.221716431811,1.93263251295,1.93263251295,1.93263251295,3.48834508056,1.80497071078,0.0206462054467,0.47357611273,0.871554501191,0.225542910795,5.48505016152,0,0,0,0,0.292914348668,0,0,0.116778417174,0.225689765841,0.0394137847797,0.0262548652343,0.0131589195454,0.0426686912655,0.641574071323,1.55866648092,0.0401896556186,0.0213855173301,0.378218952026,0.292914348668,0.332328133448,0.215549716274,0.385850802819,0.742692213978,0.663680274393,0.228818248767,0.823148689686,0.478498490963,-0.153187095555,0.780651552965,0.0036717731499,0,1,6.65217805697,1,0,-4.77399597368e-17,9.54799194735e-17,1.33226762955e-15,0,B6: SSM hybrid,ok,slow,B6
36,2063,0.233571259439,1.97655864626,1.97655864626,1.97655864626,3.6411144541,1.84214845382,0.020597421789,0.467885795469,0.864686723122,0.225793978665,5.60224219264,7.54884164505e-05,7.54884164505e-05,2.39721234819e-05,0,0.294702734815,2.39721234819e-05,4.31468345596e-05,0.118632648618,0.234484387356,0.0394899331637,0.0263350407276,0.0131548924361,0.042845190738,0.640990741262,1.56008493669,0.040193861634,0.0214020506516,0.3806515665,0.294702734815,0.334192667979,0.21556001936,0.387017109841,0.742986203961,0.664091288234,0.229007237889,0.838027325655,0.489309887737,-0.132771703503,0.796113652317,0.00362003578917,0,0.999924511584,6.86106500299,1,0,-2.05816255179e-16,0,1.33226762955e-15,0,B6: SSM hybrid,ok,slow,B6
37,2064,0.245577426807,2.02176154262,2.02176154262,2.02176154262,3.80094173766,1.88001485711,0.0205555655447,0.462122835133,0.857731270412,0.226019840543,5.72306588256,0.000274657211007,0.000274657211007,8.89364231293e-05,0,0.296366005911,8.89364231293e-05,0.00016372628505,0.120426480889,0.243473627776,0.0396293351442,0.0264825583723,0.0131467767718,0.0431285705064,0.640520029621,1.56123142721,0.0401792265367,0.0214103819187,0.382911631893,0.296366005911,0.335995341055,0.215568860165,0.388252316163,0.743209118917,0.664442372339,0.229173823381,0.856184403304,0.500435647541,-0.112239104223,0.814607463351,0.00357056696702,0,0.999725342789,7.07221189564,1,0,5.00206806864e-16,0,1.33226762955e-15,0,B6: SSM hybrid,ok,slow,B6
38,2065,0.257698792185,2.06824485233,2.06824485233,2.06824485233,3.96805801766,1.91856298503,0.0205041613258,0.456304579751,0.85070908081,0.226212729309,5.84754524253,0.00065699368713,0.00065699368713,0.000216099609696,0,0.298057997348,0.000216099609696,0.000407231134787,0.122189371517,0.252717538649,0.039711092839,0.0265669108361,0.0131441820029,0.0433007226029,0.640111194604,1.56222857596,0.0401666696634,0.0214233631551,0.38519372008,0.298057997348,0.337769090187,0.21557971867,0.389494175185,0.74332712532,0.664705932238,0.229307329492,0.872717160734,0.511879451899,-0.0915804158407,0.833340191072,0.00352228779971,0,0.999343006313,7.28562041659,1,0,-9.09317558861e-17,1.11916007244e-16,1.33226762955e-15,0,B6: SSM hybrid,ok,slow,B6
39,2066,0.269897775684,2.11600654753,2.11600654753,2.11600654753,4.14273146772,1.95780654486,0.0204546632733,0.450449067672,0.843641925219,0.226374281593,5.97570199002,0.00127747180539,0.00127747180539,0.000426591916738,0,0.299699754803,0.000426591916738,0.000825218294426,0.123904472639,0.262182675372,0.0397948933894,0.0266518901849,0.0131430032045,0.0434691714655,0.639773541378,1.56305307319,0.0401512483977,0.0214362079351,0.387396317977,0.299699754803,0.339494648193,0.215590175554,0.390743757452,0.743304595782,0.664852003813,0.229395972491,0.891302277717,0.523638778542,-0.0707999182007,0.850676496736,0.00347414660128,0,0.998722528195,7.50126153409,1,0,2.71342910153e-16,0,1.33226762955e-15,0,B6: SSM hybrid,ok,slow,B6
40,2067,0.282135816755,2.16504155631,2.16504155631,2.16504155631,4.32540845177,1.99784084475,0.020448547377,0.444574807958,0.836552142667,0.22653635112,6.10762048481,0.00213612300089,0.00213612300089,0.000724773392287,0,0.301306830058,0.000724773392287,0.00144943651239,0.125568906509,0.271861900772,0.0398535441097,0.0267093214391,0.0131442226706,0.0435890015035,0.639463009706,1.56381211238,0.040136398982,0.0214510706704,0.389555256404,0.301306830058,0.341160374168,0.215591467659,0.391975897128,0.74314259736,0.664881267715,0.229440009871,0.909307765338,0.53570120812,-0.0499370583583,0.866615058421,0.0034266616789,0,0.997863876999,7.71906674936,1,0,-1.47587966842e-16,0,1.33226762955e-15,0,B6: SSM hybrid,ok,slow,B6
41,2068,0.294373857826,2.2153513183,2.2153513183,2.2153513183,4.51613810007,2.03856519856,0.0203841832136,0.438700548244,0.829462360115,0.22664936472,6.24327122465,0.00331370801801,0.00331370801801,0.00114066756161,0,0.302953438886,0.00114066756161,0.0023744858414,0.12719788903,0.281788011148,0.0398495169603,0.0266975588404,0.0131519581199,0.0435909379923,0.639154185607,1.5645677092,0.0401345642131,0.0214741053409,0.39174137198,0.302953438886,0.342802955846,0.215605066816,0.393162516357,0.742793027897,0.664753757427,0.229421744119,0.925370057056,0.548093811128,-0.0289312555715,0.881538985587,0.00337784571119,0,0.996686291982,7.9389663798,1,2.22044604925e-16,-8.60421116469e-17,4.91669209411e-17,6.66133814775e-16,0,B6: SSM hybrid,ok,slow,B6
42,2069,0.306572841325,2.26691857807,2.26691857807,2.26691857807,4.71539881493,2.08009183062,0.0203705194656,0.432845036164,0.822395204525,0.226759155572,6.38271949368,0.00481266326606,0.00481266326606,0.00168048429511,0,0.304397570395,0.00168048429511,0.00359552118704,0.128717229306,0.291791478433,0.039927612888,0.0267739061187,0.0131537067693,0.043737838342,0.63891906769,1.56514345959,0.0401152549641,0.0214878881597,0.393664629317,0.304397570395,0.344325183283,0.215607953977,0.394360906085,0.742250285276,0.664462761993,0.229338066997,0.941715893508,0.560785700527,-0.00785977556296,0.898303613359,0.00333054145744,0,0.995187336734,8.16084084789,1,0,-2.58990888156e-16,-9.4178504784e-17,6.66133814775e-16,0,B6: SSM hybrid,ok,slow,B6
43,2070,0.318694206703,2.31973755133,2.31973755133,2.31973755133,4.92355672049,2.12246282673,0.0203697718982,0.427026780783,0.815373014922,0.22686824786,6.52603111783,0.0066293151775,0.0066293151775,0.00234830460819,0,0.305896296267,0.00234830460819,0.00513873420611,0.130191299151,0.302009645498,0.0399031148246,0.0267408007929,0.0131623140317,0.0437007685569,0.638647677398,1.56580855985,0.0401111558397,0.0215103221338,0.395658690023,0.305896296267,0.345799411092,0.21560811194,0.395471085369,0.741519873634,0.66401395516,0.22919130581,0.958383234713,0.573782520244,0.0132874555765,0.91551205383,0.00328282874271,0,0.993370684822,8.38455286827,1,0,-2.02942868111e-16,-9.01968302715e-17,1.7763568394e-15,0,B6: SSM hybrid,ok,slow,B6
44,2071,0.330700374071,2.37380070334,2.37380070334,2.37380070334,5.14093125474,2.16569623874,0.0203694554578,0.421263820446,0.808417562213,0.226976303367,6.67326575933,0.00875871028612,0.00875871028612,0.00314748043363,0,0.307311657208,0.00314748043363,0.00706805288287,0.131582901257,0.312351583551,0.039879422854,0.0267083135015,0.0131711093525,0.0436664593713,0.63835198432,1.56653386308,0.0401109315695,0.0215339583828,0.397544937557,0.307311657208,0.347191080062,0.215608178805,0.396534387483,0.740602919841,0.663407539283,0.228981383064,0.975498675504,0.587087744166,0.0344945477836,0.933173399213,0.00323684504645,0,0.991241289714,8.60995041905,1,0,-5.39893926611e-18,0,6.66133814775e-16,0,B6: SSM hybrid,ok,slow,B6
45,2072,0.342555201698,2.42909810152,2.42909810152,2.42909810152,5.36766355592,2.20973519042,0.020334777746,0.415573503185,0.801549784144,0.227082996815,6.82447669022,0.0111946767023,0.0111946767023,0.00408057298882,0,0.308384621465,0.00408057298882,0.0093634471812,0.132625468449,0.322160273622,0.0398563535787,0.026676734398,0.0131796191807,0.043633087218,0.638064470147,1.56723974894,0.0401108366373,0.0215568916582,0.398988015782,0.308384621465,0.348240975044,0.215615506595,0.397766489822,0.739517200433,0.662655026741,0.228712396549,0.992808816541,0.600723467817,0.0555876466477,0.948782333384,0.00321424301576,0,0.988805323298,8.83686792723,1,0,-3.15424037836e-16,0,6.66133814775e-16,0,B6: SSM hybrid,ok,slow,B6
46,2073,0.354224405783,2.4856177249,2.4856177249,2.4856177249,5.60393559912,2.25454443094,0.0202781042313,0.409972285224,0.794789542122,0.227188019652,6.97971065734,0.0139299007179,0.0139299007179,0.00514930729904,0,0.309049756973,0.00514930729904,0.0121383537211,0.133290851121,0.331310102112,0.0398685775642,0.0266826453026,0.0131859322616,0.0436588377542,0.637845165313,1.56777859954,0.0401004333238,0.0215751650828,0.39990290631,0.309049756973,0.348918334537,0.215627483416,0.399194135804,0.738271769703,0.661761918328,0.228386203731,1.01032979623,0.614686090441,0.0764792177205,0.964358474508,0.00321635898729,0,0.986070099282,9.06512764204,1,0,2.27832111154e-16,3.96229758529e-17,6.66133814775e-16,0,B6: SSM hybrid,ok,slow,B6
47,2074,0.365675932595,2.54334580528,2.54334580528,2.54334580528,5.85045263579,2.30029775096,0.0202938205112,0.404475552354,0.788155405619,0.227291083393,7.13900784143,0.0169560165189,0.0169560165189,0.00635454409899,0,0.309975024511,0.00635454409899,0.0153548487454,0.134229899059,0.341393050715,0.0398790365075,0.026686866446,0.0131921700615,0.043679599354,0.637655530094,1.56824484821,0.0400834312694,0.0215922204303,0.401153678765,0.309975024511,0.349854061018,0.215624161959,0.400248330867,0.736834935189,0.660706993418,0.227995038647,1.02821512348,0.628908282025,0.097540894822,0.981213638551,0.00318646664952,0,0.983043983481,9.29454116676,1,0,-1.80278679113e-16,0,3.33066907388e-16,0,B6: SSM hybrid,ok,slow,B6
48,2075,0.376880275151,2.60226719091,2.60226719091,2.60226719091,6.10740202575,2.34695424324,0.0202828056792,0.399097467928,0.78166446872,0.227391922476,7.30240191028,0.0202637067067,0.0202637067067,0.00769626963449,0,0.310771038011,0.00769626963449,0.0189635789605,0.134930558604,0.351125365707,0.0397860104009,0.0265802379889,0.013205772412,0.0435150789415,0.637408452839,1.56885274355,0.0400881461534,0.0216194538676,0.402236330492,0.310771038011,0.350557048412,0.215626489808,0.401340553183,0.735233616906,0.659510564225,0.227546722447,1.04712207938,0.643444990165,0.118583178253,1.00172720228,0.00317177929744,0,0.979736293293,9.5249111158,1,0,2.72674785435e-17,-3.6356638058e-17,8.881784197e-16,0,B6: SSM hybrid,ok,slow,B6
49,2076,0.387810728859,2.662365723,2.662365723,2.662365723,6.37567009181,2.39473864794,0.0203601773812,0.393850850148,0.775332202016,0.22749029656,7.46992016354,0.0238428111428,0.0238428111428,0.0091736031848,0,0.312056113137,0.0091736031848,0.0231106628187,0.136196042039,0.362603673933,0.0397500682206,0.0265363517226,0.013213716498,0.043460300418,0.637124669507,1.56955153028,0.0400848417038,0.0216409585855,0.403951059446,0.312056113137,0.351806181358,0.215610139318,0.401803717442,0.733424363925,0.658141713177,0.227029665935,1.06718819108,0.658208755628,0.140051378112,1.02049163508,0.00309797829513,0,0.976157188857,9.75603286126,1,0,-2.52494775063e-16,3.48268655259e-17,2.22044604925e-16,0,B6: SSM hybrid,ok,slow,B6
50,2077,0.39844358301,2.72362461546,2.72362461546,2.72362461546,6.65549417972,2.44361654757,0.0204105361026,0.388747080155,0.769172341675,0.227585992247,7.64158376434,0.0276824415558,0.0276824415558,0.0107848214666,0,0.313457688976,0.0107848214666,0.0277974430496,0.137450482882,0.374363518585,0.0395922925551,0.0263650011125,0.0132272914425,0.0431974234999,0.636702354048,1.57059259109,0.0401080532143,0.0216720988465,0.405815645275,0.313457688976,0.353049981531,0.215599498649,0.402091246808,0.731436613809,0.656622410366,0.226452340596,1.08756873104,0.673265193754,0.161741655727,1.03794708205,0.00301968975592,0,0.972317558444,9.98769633183,1,0,2.25197565015e-16,3.33626022244e-17,0,0,B6: SSM hybrid,ok,slow,B6
1,2028,0.00191263144382,0.981200900233,1.01067634336,1.01067634336,0.961576882228,0.98,-0.02,0.579081936907,0.969760205316,0.220047815786,3.03591111494,0,0,0,0,0.328345862075,0,0,0.116386863091,0.11419889484,0.0192745088596,0.0192745088596,0,0.0308898702262,0.643249576365,1.55460654269,0,0,0.420982040592,0.328345862075,0.347620370934,0.231233507844,0.33458330717,0.740589925954,0.669332596964,0.232423727652,0.431335629166,0.250848098257,-0.786086794776,0.392125238058,0.0034802530376,0,1,0.19135346358,1,-0.029164077422,-1.73187871684e-16,0,1.33226762955e-15,0,B7: equal citizen-equity comparator,ok,slow,B7
2,2029,0.00397057522745,1.02639235723,1.02639235723,1.02639235723,0.986040744125,0.960685976644,-0.0197081870981,0.578094123891,0.997699753187,0.220099264381,3.07966465084,0,0,0,0,0.223214863445,0,0,0.0799899146493,0.0821010370515,0.0811980210833,0.0811980210833,0,0.129442467527,0.708488450836,1.41145561204,0,0,0.286209325432,0.223214863445,0.304412884529,0.22442296988,0.368393810648,0.733164490044,0.657546038018,0.227064250343,0.490509932913,0.258216151907,-0.739876493245,0.434727019773,0.00391007905187,0,1,0.386595959496,1,0,-1.68891047034e-16,-2.8148507839e-17,1.33226762955e-15,0,B7: equal citizen-equity comparator,ok,slow,B7
3,2030,0.00618367993805,1.04341466706,1.04341466706,1.04341466706,1.00599580151,0.964138068279,0.00359336111841,0.57703183363,0.996417650024,0.220154591998,3.1245973021,0,0,0,0,0.248270070797,0,0,0.085932137643,0.0896628527884,0.0568743579227,0.0568743579227,0,0.0819002144751,0.751309144048,1.33101002154,0,0,0.318358059494,0.248270070797,0.30514442872,0.219212291077,0.363175436081,0.729517311433,0.65153220809,0.22411345527,0.485569993155,0.260531475756,-0.725786311483,0.454283514817,0.00391802011768,0,1,0.580257009491,1,0,-5.51803010985e-17,-8.27704516478e-17,1.33226762955e-15,0,B7: equal citizen-equity comparator,ok,slow,B7
4,2031,0.00856226692381,1.06085522874,1.06085522874,1.06085522874,1.03604417972,0.9766122197,0.0129381380437,0.575890111877,0.995039679121,0.220214056673,3.17073669744,0,0,0,0,0.288048533202,0,0,0.0973412651543,0.103264990111,0.0264826981878,0.0264826981878,0,0.036301591349,0.756001631206,1.32274846868,0,0,0.369394364783,0.288048533202,0.314531231389,0.217189966235,0.352671233566,0.728750120988,0.649526788061,0.223023028314,0.475069721334,0.263877750488,-0.709131982505,0.461721205333,0.00373411447457,0,1,0.772440275398,1,0,1.07159814838e-16,8.03698611282e-17,1.33226762955e-15,0,B7: equal citizen-equity comparator,ok,slow,B7
5,2032,0.0111171200807,1.0787288699,1.0787288699,1.0787288699,1.07079954356,0.992649379696,0.0164212157828,0.574663782361,0.993559593114,0.220277928002,3.21811265593,0,0,0,0,0.299439151588,0,0,0.100567300219,0.108484850114,0.0175738471111,0.0175738471111,0,0.0240255873353,0.74903763469,1.33504640313,0,0,0.384033186108,0.299439151588,0.317012998699,0.21644569848,0.349868623817,0.729048962254,0.649138964769,0.2227066041,0.477156495222,0.267900764341,-0.692490117822,0.467894755654,0.00370059574882,0,1,0.963251319952,1,0,2.59204215976e-16,2.59204215976e-17,1.33226762955e-15,0,B7: equal citizen-equity comparator,ok,slow,B7
6,2033,0.0138594687037,1.09705136436,1.09705136436,1.09705136436,1.10853198427,1.01046497939,0.017947525133,0.573347455022,0.991970886613,0.220346486718,3.26675731046,0,0,0,0,0.299779663939,0,0,0.100636384473,0.11040328289,0.016977880582,0.016977880582,0,0.0234649636856,0.740519617508,1.35040311743,0,0,0.384503704315,0.299779663939,0.316757544521,0.216121160048,0.350348003951,0.729646529625,0.649331275094,0.222689796433,0.48437306733,0.272281375395,-0.676319017291,0.472968673698,0.0037237350185,0,1,1.1527977438,1,0,3.50533917048e-16,-1.75266958524e-16,1.33226762955e-15,0,B7: equal citizen-equity comparator,ok,slow,B7
7,2034,0.016800962325,1.11583947957,1.11583947957,1.11583947957,1.14868231399,1.02943329666,0.0187718700401,0.571935538084,0.99026681077,0.220420024058,3.31670523676,0,0,0,0,0.297652675635,0,0,0.100108437977,0.111704947333,0.0184020467552,0.0184020467552,0,0.0257502392083,0.733038000479,1.36418575756,0,0,0.38181159704,0.297652675635,0.31605472239,0.215946284413,0.35154140972,0.730267736079,0.649711796951,0.222787961899,0.493000549711,0.276862959138,-0.6603436731,0.48049535816,0.00374973508851,0,1,1.34118930816,1,0,-4.83259388214e-17,0,1.33226762955e-15,0,B7: equal citizen-equity comparator,ok,slow,B7
8,2035,0.0199536363932,1.13511102258,1.13511102258,1.13511102258,1.19102608771,1.04925955613,0.0192593920684,0.570422254531,0.98844039317,0.22049884091,3.36799358734,0,0,0,0,0.295344785551,0,0,0.0995286591479,0.112976078062,0.0200268687288,0.0200268687288,0,0.028327477418,0.727003647259,1.37550891769,0,0,0.378889475797,0.295344785551,0.315371654279,0.215842995132,0.352832630036,0.7308286981,0.650132499239,0.222926253803,0.501876868703,0.281601905064,-0.644395277001,0.488072612385,0.00377857313402,0,1,1.52853804069,1,0,-1.86431352945e-16,-1.39823514709e-16,1.33226762955e-15,0,B7: equal citizen-equity comparator,ok,slow,B7
9,2036,0.023329867599,1.15488488378,1.15488488378,1.15488488378,1.23548387163,1.06978962923,0.019566248393,0.568801663552,0.986484463707,0.22058324669,3.42066222932,0,0,0,0,0.293407012849,0,0,0.0990911056944,0.114438820084,0.0214621262463,0.0214621262463,0,0.0306232980813,0.722305196425,1.38445632809,0,0,0.376444324045,0.293407012849,0.314869139095,0.215778033401,0.354038566987,0.731306158718,0.650532988223,0.223071177553,0.510781785292,0.286482082566,-0.628348251128,0.49632973812,0.00380367347801,0,1,1.7149583216,1,0,-2.69584180771e-16,4.49306967951e-17,1.33226762955e-15,0,B7: equal citizen-equity comparator,ok,slow,B7
10,2037,0.0269423176208,1.17518107724,1.17518107724,1.17518107724,1.28204452157,1.09093359858,0.019764604902,0.567067687542,0.984391687176,0.220673557941,3.4747538851,0,0,0,0,0.291913370837,0,0,0.0988110600993,0.11612088805,0.022633751234,0.022633751234,0,0.0325163527141,0.718706629794,1.39138830581,0,0,0.374571367123,0.291913370837,0.314547122071,0.215736061972,0.355144714963,0.731703655372,0.650893824328,0.22320924691,0.519668204992,0.291500185836,-0.612148928863,0.505189219118,0.00382553677851,0,1,1.90056694697,1,0,2.59793557698e-16,8.65978525661e-17,1.33226762955e-15,0,B7: equal citizen-equity comparator,ok,slow,B7
11,2038,0.030803864069,1.19602077652,1.19602077652,1.19602077652,1.33073794773,1.11263781855,0.0198950880238,0.565214145247,0.982154603277,0.220770096602,3.53031427436,0,0,0,0,0.290811882034,0,0,0.0986691265989,0.118010325413,0.0235657057422,0.0235657057422,0,0.0340344105797,0.715973928501,1.39669890228,0,0,0.373204211961,0.290811882034,0.314377587776,0.215708461177,0.356172846673,0.732034295684,0.651213628693,0.223336432188,0.52917802355,0.296657368318,-0.595781784236,0.514370893959,0.0038455141982,0,1,2.08548316573,1,0,2.50287374727e-16,0,1.33226762955e-15,0,B7: equal citizen-equity comparator,ok,slow,B7
12,2039,0.0349275174422,1.21742634456,1.21742634456,1.21742634456,1.38162206502,1.13487117409,0.0199825632085,0.563234791628,0.979765674725,0.220873187936,3.5873922557,0,0,0,0,0.290030909021,0,0,0.0986416762103,0.12008897529,0.0243007288961,0.0243007288961,0,0.0352386134043,0.713905867931,1.40074489498,0,0,0.37225122346,0.290030909021,0.314331637917,0.215689961707,0.357148970206,0.732313324261,0.651498625514,0.223453136323,0.539475286749,0.301956900601,-0.579248547949,0.523519463511,0.0038636753785,0,1,2.26982868656,1,0,-2.41069476103e-16,-8.03564920345e-17,1.33226762955e-15,0,B7: equal citizen-equity comparator,ok,slow,B7
13,2040,0.0393263230004,1.23942135602,1.23942135602,1.23942135602,1.4347752589,1.15761702179,0.0200426693493,0.56112336496,0.977217344096,0.220983158075,3.6460399658,0,0,0,0,0.289504150786,0,0,0.098707677772,0.122340403834,0.0248807791347,0.0248807791347,0,0.0361924216646,0.712339036701,1.40382591502,0,0,0.37162758904,0.289504150786,0.314384929921,0.215677252149,0.358097517563,0.732555046865,0.651757565459,0.223561630722,0.549970767895,0.307403310744,-0.562557406754,0.531887694421,0.00388065941393,0,1,2.45372765068,1,0,-7.73795768876e-17,-7.73795768876e-17,1.33226762955e-15,0,B7: equal citizen-equity comparator,ok,slow,B7
14,2041,0.0440132465984,1.26203061051,1.26203061051,1.26203061051,1.49030624816,1.18087963616,0.0200952594256,0.558873641633,0.974502099969,0.221100331165,3.70631295377,0,0,0,0,0.289260385133,0,0,0.0989360127358,0.124860276554,0.0253417607091,0.0253417607091,0,0.0369523177915,0.711138003643,1.40619682098,0,0,0.371370532954,0.289260385133,0.314602145842,0.215666133106,0.358975507505,0.732767776701,0.651997197206,0.223664063671,0.560089014353,0.312998552978,-0.545674944255,0.54045644037,0.00388984892516,0,1,2.63730656629,1,0,1.11744451115e-16,1.48992601487e-16,1.33226762955e-15,0,B7: equal citizen-equity comparator,ok,slow,B7
15,2042,0.0490010437402,1.28528013475,1.28528013475,1.28528013475,1.54841901202,1.20473270391,0.0201994064622,0.556479499005,0.971612552782,0.221225026094,3.76827030789,0,0,0,0,0.289750601126,0,0,0.099807837471,0.128281030794,0.025701353178,0.025701353178,0,0.0375504437999,0.710150072744,1.40815306283,0,0,0.372059466257,0.289750601126,0.315451954304,0.215644116833,0.359434581585,0.73293752392,0.652212894957,0.223759181098,0.569689342362,0.318728833006,-0.528345642176,0.549311280472,0.00385090391199,0,1,2.8206942,1,0,2.50951490263e-16,1.07550638684e-16,1.33226762955e-15,0,B7: equal citizen-equity comparator,ok,slow,B7
16,2043,0.0543021113941,1.30919717185,1.30919717185,1.30919717185,1.60920641905,1.2291551293,0.0202720697386,0.553934986531,0.968541520683,0.221357552785,3.8319747715,0,0,0,0,0.290500665771,0,0,0.100803484195,0.13197163642,0.0259315771887,0.0259315771887,0,0.0379491503793,0.709255892212,1.40992836433,0,0,0.373086089526,0.290500665771,0.316432242959,0.215628758765,0.359851422692,0.733088784523,0.65242222216,0.223853461542,0.579396408548,0.324623954746,-0.510731631519,0.558417517977,0.0038077276098,0,1,3.00402142101,1,0,-6.89919584886e-17,-3.44959792443e-17,1.33226762955e-15,0,B7: equal citizen-equity comparator,ok,slow,B7
17,2044,0.0599283224886,1.33381015552,1.33381015552,1.33381015552,1.67277603276,1.25413352556,0.0203215978692,0.551234405205,0.965282125407,0.221498208062,3.89749284455,0,0,0,0,0.291336929491,0,0,0.101871394989,0.135877101192,0.0261527572785,0.0261527572785,0,0.0383301546787,0.708455176814,1.41152190389,0,0,0.374227692869,0.291336929491,0.31748968677,0.215618291781,0.360280726571,0.733230913504,0.652630406973,0.223948537957,0.589304506379,0.330691299069,-0.492905372449,0.567759256108,0.00376159015928,0,1,3.18742099308,1,0,6.63700939565e-17,0,1.33226762955e-15,0,B7: equal citizen-equity comparator,ok,slow,B7
18,2045,0.0658908434629,1.35914866724,1.35914866724,1.35914866724,1.73925689525,1.2796664097,0.0203589838079,0.548372395138,0.961827897976,0.221647271087,3.96489486697,0,0,0,0,0.292259134838,0,0,0.103011296492,0.140007666338,0.0263625531836,0.0263625531836,0,0.0386902046763,0.707737940163,1.41295237015,0,0,0.375484178293,0.292259134838,0.318621688022,0.21561039153,0.360724699904,0.733369669293,0.652841215218,0.224045691299,0.599285629548,0.336936752999,-0.474896406751,0.577328867915,0.00371528883991,0,1,3.37102730998,1,0,0,1.59582955752e-16,1.33226762955e-15,0,B7: equal citizen-equity comparator,ok,slow,B7
19,2046,0.0721999358085,1.38524337439,1.38524337439,1.38524337439,1.80879208035,1.30575761183,0.0203890654151,0.545344030812,0.958172893668,0.221804998395,4.03425507939,0,0,0,0,0.293262796445,0,0,0.104214627032,0.14436262161,0.0265558658088,0.0265558658088,0,0.0390223034416,0.707086318056,1.41425448982,0,0,0.376850012966,0.293262796445,0.319818662254,0.215604035222,0.361190959887,0.733509575263,0.653058196813,0.224146228783,0.609405458098,0.343367424662,-0.456721995056,0.587239320695,0.0036672297326,0,1,3.5549760702,1,0,1.22758501288e-16,6.13792506439e-17,1.33226762955e-15,0,B7: equal citizen-equity comparator,ok,slow,B7
20,2047,0.0788647431796,1.41212594718,1.41212594718,1.41212594718,1.88153665547,1.33241419381,0.0204146479653,0.542144923274,0.954311815352,0.221971618579,4.10565165676,0,0,0,0,0.294339467277,0,0,0.105475199607,0.148944266149,0.0267343621998,0.0267343621998,0,0.0393297720662,0.706483081688,1.4154620626,0,0,0.378314563203,0.294339467277,0.321073829476,0.215598629869,0.361686034889,0.733654100451,0.653284276481,0.224251265794,0.620256286546,0.349990842035,-0.438392143133,0.597978585236,0.00361769130911,0,1,3.73940388692,1,0,0,-2.95030931606e-17,1.33226762955e-15,0,B7: equal citizen-equity comparator,ok,slow,B7
21,2048,0.0858930663843,1.43982895289,1.43982895289,1.43982895289,1.95766061216,1.35964803891,0.0204394738723,0.538771328136,0.950240143837,0.22214732666,4.17916671008,0,0,0,0,0.29549877383,0,0,0.106806066508,0.153782466903,0.0269006773259,0.0269006773259,0,0.0396174180672,0.705912047533,1.41660707378,0,0,0.379890413644,0.29549877383,0.322399451155,0.215593384647,0.362201883612,0.733805133198,0.653521309061,0.224361552138,0.631362630691,0.356814005508,-0.419903786539,0.608833507838,0.00356557665269,0,1,3.92444783004,1,0,-1.7013516302e-16,5.67117210067e-17,1.33226762955e-15,0,B7: equal citizen-equity comparator,ok,slow,B7
22,2049,0.0932911293683,1.46838572572,1.46838572572,1.46838572572,2.0373219535,1.38745693166,0.0204530083907,0.535220257903,0.945954273446,0.222332278234,4.2548862512,0,0,0,0,0.296647865455,0,0,0.108112934986,0.1587514905,0.0270555947106,0.0270555947106,0,0.0398867593351,0.705365769856,1.4177041795,0,0,0.381458375027,0.296647865455,0.323703460166,0.21559052518,0.362809788319,0.733968836658,0.653773524955,0.224478630424,0.642742631272,0.363849485863,-0.401303617177,0.620186256159,0.00351842217646,0,1,4.11024489795,1,0,-1.08988471137e-16,-2.72471177842e-17,1.33226762955e-15,0,B7: equal citizen-equity comparator,ok,slow,B7
23,2050,0.101063340149,1.4978302113,1.4978302113,1.4978302113,2.12023598848,1.41553827162,0.0202394318122,0.531489596729,0.941451650513,0.222526583504,4.33290011572,0,0,0,0,0.295928330511,0,0,0.107512181997,0.161034994278,0.0272195083133,0.0272195083133,0,0.0401596974656,0.705001215624,1.41843727052,0,0,0.380628230152,0.295928330511,0.323147838825,0.215635656827,0.364935153147,0.734240643474,0.654095226905,0.224620829859,0.653466589131,0.371198296039,-0.383578339289,0.631404942764,0.00362694717815,0,1,4.29693141747,1,0,-5.23631817712e-17,-2.61815908856e-17,1.33226762955e-15,0,B7: equal citizen-equity comparator,ok,slow,B7
24,2051,0.10921205152,1.52819678523,1.52819678523,1.52819678523,2.20670343814,1.44399167664,0.0201007670329,0.52757821527,0.936730912008,0.222730301288,4.41330183918,0,0,0,0,0.294766629541,0,0,0.106711355028,0.163075949701,0.0276096941941,0.0276096941941,0,0.0407597489453,0.70498614789,1.41846758691,0,0,0.379233398689,0.294766629541,0.322376323735,0.215664968707,0.367336852117,0.734565371068,0.654449548873,0.224774414701,0.666390470616,0.378771244634,-0.366229731388,0.642001741308,0.00374917908793,0,1,4.48464237211,1,0,2.01245533122e-16,7.54670749206e-17,1.33226762955e-15,0,B7: equal citizen-equity comparator,ok,slow,B7
25,2052,0.117737327191,1.55952004581,1.55952004581,1.55952004581,2.29702203184,1.47290317813,0.0200219308458,0.523486082948,0.931792021024,0.22294343318,4.49618848195,0,0,0,0,0.293668524223,0,0,0.10585854002,0.165088515182,0.0278716529734,0.0278716529734,0,0.0411531735186,0.705137841469,1.41816243746,0,0,0.377924255147,0.293668524223,0.321540177196,0.215681637176,0.369856630785,0.734932095703,0.654836468817,0.224940482417,0.678422933138,0.386574620618,-0.349041264117,0.652284036415,0.00388268679656,0,1,4.67351065991,1,0,-1.4499943961e-16,-9.66662930732e-17,1.33226762955e-15,0,B7: equal citizen-equity comparator,ok,slow,B7
26,2053,0.126636719776,1.59183458175,1.59183458175,1.59183458175,2.39169604403,1.50247775206,0.0200791025279,0.519214374507,0.926636395389,0.223165917994,4.58166039877,0,0,0,0,0.293458991115,0,0,0.105839027018,0.168478223305,0.0280495849154,0.0280495849154,0,0.041418392696,0.705274921042,1.4178867987,0,0,0.377762765452,0.293458991115,0.321508576031,0.215669549013,0.37182490186,0.735292377121,0.655231365598,0.225111310783,0.690172804867,0.394575753917,-0.33145304799,0.663952952837,0.00395577529502,0,1,4.86366628444,1,0,9.28398094227e-17,9.28398094227e-17,1.33226762955e-15,0,B7: equal citizen-equity comparator,ok,slow,B7
27,2054,0.135905067694,1.62517471662,1.62517471662,1.62517471662,2.49132619212,1.53295898997,0.0202873139842,0.514765567507,0.921267025326,0.223397626692,4.6698209495,0,0,0,0,0.294842848457,0,0,0.107298273695,0.174378441546,0.0280809622653,0.0280809622653,0,0.0414742129906,0.705151369163,1.41813523129,0,0,0.379657413614,0.294842848457,0.322923810722,0.215625537027,0.372723286158,0.735596739516,0.65560907451,0.225279139418,0.704249552811,0.40275600896,-0.312888534504,0.677024814812,0.00391582821622,0,1,5.05523548395,1,0,1.33690605606e-16,0,1.33226762955e-15,0,B7: equal citizen-equity comparator,ok,slow,B7
28,2055,0.145534318475,1.65957423281,1.65957423281,1.65957423281,2.596003834,1.56425894224,0.0204179971403,0.510143527132,0.915688575819,0.223638357962,4.76077614887,0,0,0,0,0.296493338391,0,0,0.108877281184,0.180689930392,0.0279818650336,0.0279818650336,0,0.0413493835771,0.704699692796,1.41904418325,0,0,0.381901065607,0.296493338391,0.324475203424,0.21559792224,0.373583437746,0.735892859481,0.655999277585,0.225454721071,0.717572012293,0.411204231722,-0.293826628579,0.690265671704,0.00387413375331,0,1,5.24833980647,1,0,-1.71066469176e-16,0,1.33226762955e-15,0,B7: equal citizen-equity comparator,ok,slow,B7
29,2056,0.155513386181,1.69506607857,1.69506607857,1.69506607857,2.70585868892,1.59631457624,0.0204925368388,0.505353574633,0.90990746921,0.223887834655,4.85463425387,0,0,0,0,0.298039515896,0,0,0.110466262283,0.187247614023,0.0280089207374,0.0280089207374,0,0.0414278194707,0.704098589353,1.42025565045,0,0,0.384016034285,0.298039515896,0.326048436633,0.21558217435,0.374522732122,0.736191676401,0.656402622485,0.225637306379,0.729978647311,0.419929341015,-0.274479064451,0.702773526989,0.00383154791467,0,1,5.44309514064,1,0,-8.2060680343e-17,4.10303401715e-17,1.33226762955e-15,0,B7: equal citizen-equity comparator,ok,slow,B7
30,2057,0.165828050499,1.73168206306,1.73168206306,1.73168206306,2.82108494296,1.62910097825,0.0205388101429,0.50040253576,0.903931943659,0.224145701262,4.95150528902,0,0,0,0,0.299543028865,0,0,0.112078348762,0.194084066208,0.0281077193128,0.0281077193128,0,0.0416201062448,0.7034476415,1.42156990941,0,0,0.38608154824,0.299543028865,0.327650748178,0.215572399416,0.375522754382,0.736496399456,0.65681808468,0.225825967575,0.74272513279,0.428934259978,-0.254930714758,0.714914943379,0.00378796976225,0,1,5.63961071439,1,0,-2.36126819378e-16,-3.93544698963e-17,1.33226762955e-15,0,B7: equal citizen-equity comparator,ok,slow,B7
31,2058,0.176460904651,1.76945254508,1.76945254508,1.76945254508,2.94191576133,1.66261354085,0.0205712003391,0.495298765768,0.897772083318,0.224411522616,5.05150051152,0,0,0,0,0.301059639168,0,0,0.113725476815,0.20123183439,0.0282313953727,0.0282313953727,0,0.0418518477136,0.70278692673,1.4229063774,0,0,0.388169303628,0.301059639168,0.329291034541,0.215565557726,0.376562061675,0.736808711522,0.657245335964,0.226020315374,0.755810610988,0.438223555889,-0.235216930046,0.727356645994,0.00374322398646,0,1,5.83798807635,1,0,-1.13214291097e-16,3.77380970325e-17,1.33226762955e-15,0,B7: equal citizen-equity comparator,ok,slow,B7
32,2059,0.187391358359,1.80840612218,1.80840612218,1.80840612218,3.06860662016,1.69685701819,0.0205961737355,0.490052147988,0.891439816615,0.224684783959,5.1547318197,0,0,0,0,0.302612815451,0,0,0.115410656288,0.208709337396,0.0283581237987,0.0283581237987,0,0.0420886314617,0.702129705669,1.42423827382,0,0,0.390309398281,0.302612815451,0.33097093925,0.215560282962,0.377630750721,0.737129486114,0.65768430282,0.226220173968,0.770025366685,0.447802916772,-0.215354905588,0.739126884627,0.00369729231131,0,1,6.03832007638,1,-1.11022302463e-16,-2.53260262209e-16,7.23600749168e-17,1.33226762955e-15,0,B7: equal citizen-equity comparator,ok,slow,B7
33,2060,0.198595700915,1.84856932768,1.84856932768,1.84856932768,3.20142715571,1.7318404605,0.0206166117323,0.484674063561,0.884948879716,0.224964892523,5.26131111064,0,0,0,0,0.304208868196,0,0,0.117132033703,0.216526684792,0.0284791318427,0.0284791318427,0,0.0423167012515,0.70147894044,1.4255595462,0,0,0.392509791184,0.304208868196,0.332688000039,0.215555966335,0.378725145149,0.737459306529,0.658134826185,0.22642537859,0.785088698198,0.457678285329,-0.195355364682,0.75325820559,0.00365024786699,0,1,6.24068986432,1,0,-1.38716012656e-16,-3.46790031641e-17,1.33226762955e-15,0,B7: equal citizen-equity comparator,ok,slow,B7
34,2061,0.210047227727,1.88996634337,1.88996634337,1.88996634337,3.34065718959,1.76757496307,0.0206338305301,0.479177330691,0.878314743213,0.225251180693,5.37134959432,0,0,0,0,0.305846803384,0,0,0.118885566313,0.224689719044,0.0285910926861,0.0285910926861,0,0.0425308833826,0.700834187872,1.4268710307,0,0,0.394768982879,0.305846803384,0.33443789607,0.215552329757,0.379839929888,0.737798030737,0.6585965371,0.226635697871,0.799806055156,0.467855376259,-0.17522685683,0.767520580513,0.00360220588879,0,1,6.44516992682,1,0,-6.64673422994e-17,0,1.33226762955e-15,0,B7: equal citizen-equity comparator,ok,slow,B7
35,2062,0.221716431811,1.93261873644,1.93261873644,1.93261873644,3.48658456467,1.80407262899,0.0206484401981,0.47357611273,0.871554501191,0.225542910795,5.48495707393,0,0,0,0,0.307522683121,0,0,0.12066621706,0.233201791944,0.0286927782576,0.0286927782576,0,0.0427292838755,0.700194279223,1.42817505037,0,0,0.397081629709,0.307522683121,0.336215461378,0.215549244319,0.380971560746,0.738145361273,0.659068834327,0.226850812871,0.812531757183,0.478339430854,-0.154977371749,0.778758553491,0.00355330149159,0,1,6.65182118358,1,0,-1.27370841467e-16,3.18427103669e-17,1.33226762955e-15,0,B7: equal citizen-equity comparator,ok,slow,B7
36,2063,0.233571259439,1.97654522846,1.97654522846,1.97654522846,3.63928745969,1.84123662201,0.0206000536912,0.467885795469,0.864686723122,0.225793978665,5.60215166064,7.54884164505e-05,7.54884164505e-05,2.39721234819e-05,0,0.309230501936,2.39721234819e-05,4.7381986284e-05,0.122456472822,0.242040757049,0.028785434364,0.028785434364,0,0.0429111730481,0.699599870776,1.42938848587,0,0,0.399416296715,0.309230501936,0.3380159363,0.215559463479,0.382127075138,0.738448245891,0.659508942309,0.227054722782,0.827299355011,0.489150254523,-0.134563266525,0.793036633181,0.00350297124381,0,0.999924511584,6.86070671158,1,0,0,-6.10132085977e-17,1.33226762955e-15,0,B7: equal citizen-equity comparator,ok,slow,B7
37,2064,0.245577426807,2.02174847398,2.02174847398,2.02174847398,3.79905001155,1.87909132142,0.0205593887084,0.462122835133,0.857731270412,0.226019840543,5.72297782871,0.000274657211007,0.000274657211007,8.89364231293e-05,0,0.310827484562,8.89364231293e-05,0.000179807077742,0.12418475393,0.25107033675,0.0289253219819,0.0289253219819,0,0.043160565989,0.699104716508,1.43040087756,0,0,0.401596191793,0.310827484562,0.339752806544,0.215568052613,0.383347323166,0.738673422626,0.65988867264,0.227236759986,0.845246038889,0.500275265848,-0.114027778119,0.810081309964,0.00345455917032,0,0.999725342789,7.07185223937,1,0,2.92237012214e-16,1.16894804885e-16,1.33226762955e-15,0,B7: equal citizen-equity comparator,ok,slow,B7
38,2065,0.257698792185,2.06823212369,2.06823212369,2.06823212369,3.9660978372,1.91762703604,0.0205076326945,0.456304579751,0.85070908081,0.226212729309,5.84745959253,0.00065699368713,0.00065699368713,0.000216099609696,0,0.31240976866,0.000216099609696,0.000446944154691,0.125861220024,0.260310218381,0.0290304367162,0.0290304367162,0,0.0433510628475,0.698689605588,1.43125071849,0,0,0.403741157929,0.31240976866,0.341440205376,0.215578985352,0.384589093679,0.738782134453,0.660177506056,0.227385097758,0.861673718253,0.511719684578,-0.0933739583022,0.82880327746,0.00340742200436,0,0.999343006313,7.28525944694,1,0,-3.35913959826e-16,-2.79928299855e-17,1.33226762955e-15,0,B7: equal citizen-equity comparator,ok,slow,B7
39,2066,0.269897775684,2.11599415012,2.11599415012,2.11599415012,4.14069616616,1.95685615006,0.0204571135455,0.450449067672,0.843641925219,0.226374281593,5.97561867257,0.00127747180539,0.00127747180539,0.000426591916738,0,0.31393822766,0.000426591916738,0.000902666000308,0.127473673563,0.269733547553,0.0291251037924,0.0291251037924,0,0.0435204262517,0.698353470811,1.43193961482,0,0,0.40580117774,0.31393822766,0.343063331452,0.215589657889,0.385842770335,0.738736748274,0.660345301375,0.227487991868,0.88002081529,0.523480567722,-0.0726066614222,0.846055250551,0.00336051426326,0,0.998722528195,7.50089930104,1,0,5.36249451819e-17,-1.60874835546e-16,1.33226762955e-15,0,B7: equal citizen-equity comparator,ok,slow,B7
40,2067,0.282135816755,2.1650294817,2.1650294817,2.1650294817,4.32328716744,1.99687219227,0.0204491486061,0.444574807958,0.836552142667,0.22653635112,6.10753943106,0.00213612300089,0.00213612300089,0.000724773392287,0,0.315408965275,0.000724773392287,0.00156915576185,0.129013820733,0.279318725433,0.0291961960952,0.0291961960952,0,0.04365074854,0.698055197872,1.43255147021,0,0,0.407787703703,0.315408965275,0.34460516137,0.215591340637,0.387089909261,0.738538204236,0.660392611675,0.227545646836,0.897960868532,0.535545540299,-0.0517697010937,0.862973737749,0.00331447364184,0,0.997863876999,7.71870330158,1,0,-2.05440532933e-16,-1.02720266466e-16,1.33226762955e-15,0,B7: equal citizen-equity comparator,ok,slow,B7
41,2068,0.294373857826,2.2153395584,2.2153395584,2.2153395584,4.51391065634,2.03757055627,0.0203810560129,0.438700548244,0.829462360115,0.22664936472,6.24319236875,0.00331370801801,0.00331370801801,0.00114066756161,0,0.316878688055,0.00114066756161,0.00252696597223,0.130482761807,0.289063623921,0.0292098013417,0.0292098013417,0,0.0436895642386,0.697785967085,1.43310419981,0,0,0.409747756838,0.316878688055,0.346088489397,0.215605727589,0.388311520275,0.738131770418,0.660276042494,0.227539349457,0.91384335689,0.54794346769,-0.0308115870274,0.878719376858,0.00326777266061,0,0.996686291982,7.93860176472,1,0,-1.96764731808e-16,0,1.11022302463e-15,0,B7: equal citizen-equity comparator,ok,slow,B7
42,2069,0.306572841325,2.26690712511,2.26690712511,2.26690712511,4.71304486341,2.07906394188,0.0203641466447,0.432845036164,0.822395204525,0.226759155572,6.38264277208,0.00481266326606,0.00481266326606,0.00168048429511,0,0.318152128369,0.00168048429511,0.00380950182223,0.131816341534,0.298815403831,0.0292735137506,0.0292735137506,0,0.04380273602,0.697576830174,1.43353385139,0,0,0.41145282309,0.318152128369,0.347425642119,0.215609300585,0.389552013279,0.737514290892,0.659991675435,0.227467199679,0.930030015305,0.560641660575,-0.0098033059629,0.895409827834,0.0032230849034,0,0.995187336734,8.16047511185,1,0,-1.88451085326e-16,-9.4225542663e-17,1.11022302463e-15,0,B7: equal citizen-equity comparator,ok,slow,B7
43,2070,0.318694206703,2.31972639785,2.31972639785,2.31972639785,4.92104392333,2.12138980179,0.0203581328379,0.427026780783,0.815373014922,0.22686824786,6.52595646915,0.0066293151775,0.0066293151775,0.00234830460819,0,0.319403337632,0.00234830460819,0.00544742418982,0.133058384319,0.30865904656,0.0292656180341,0.0292656180341,0,0.0438047615293,0.697357784556,1.43398413576,0,0,0.413129245757,0.319403337632,0.348668955666,0.215610571347,0.390738311255,0.736689376032,0.659542974241,0.227330557471,0.946549621872,0.573647877591,0.011249415431,0.912505413764,0.00317892255184,0,0.993370684822,8.3841860566,1,0,-2.25607217071e-16,-4.51214434141e-17,6.66133814775e-16,0,B7: equal citizen-equity comparator,ok,slow,B7
44,2071,0.330700374071,2.37378984216,2.37378984216,2.37378984216,5.13822490707,2.16456605207,0.0203528131633,0.421263820446,0.808417562213,0.226976303367,6.67319312434,0.00875871028612,0.00875871028612,0.00314748043363,0,0.320558219867,0.00314748043363,0.00747145708173,0.134186954355,0.318531629197,0.0292404299347,0.0292404299347,0,0.0437808278429,0.697122500132,1.43446811688,0,0,0.414680974546,0.320558219867,0.349798649801,0.215611695447,0.391890803623,0.735659260138,0.658931149797,0.227129776262,0.963472212784,0.586964445803,0.0323362200457,0.9298898775,0.00313615817936,0,0.991241289714,8.60958257609,1,0,8.64285269488e-17,8.64285269488e-17,1.11022302463e-15,0,B7: equal citizen-equity comparator,ok,slow,B7
45,2072,0.342555201698,2.42908752574,2.42908752574,2.42908752574,5.36461607633,2.20849023326,0.0202923727595,0.415573503185,0.801549784144,0.227082996815,6.82440601175,0.0111946767023,0.0111946767023,0.00408057298882,0,0.32116456238,0.00408057298882,0.00991206894502,0.13475095795,0.327321871038,0.0292108634913,0.0292108634913,0,0.0437482647617,0.696914226135,1.43489681011,0,0,0.415522703028,0.32116456238,0.350375425871,0.215624467921,0.393392204152,0.734454167108,0.658175975488,0.226871990888,0.980372605507,0.600629744016,0.0531803146378,0.944677285216,0.00313436881888,0,0.988805323298,8.83649909632,1,0,-2.89734104428e-16,1.2417175904e-16,6.66133814775e-16,0,B7: equal citizen-equity comparator,ok,slow,B7
46,2073,0.354224405783,2.48560742787,2.48560742787,2.48560742787,5.60057082881,2.25320006933,0.0202445251496,0.409972285224,0.794789542122,0.227188019652,6.97964188022,0.0139299007179,0.0139299007179,0.00514930729904,0,0.321505718431,0.00514930729904,0.0127991564709,0.135102444742,0.335811640174,0.0292313066264,0.0292313066264,0,0.0437887497998,0.696784200006,1.43516457462,0,0,0.416020618995,0.321505718431,0.350737025057,0.215634580316,0.394945239844,0.733065097123,0.657270828954,0.22655459675,0.99657590944,0.614603509773,0.0738783097831,0.959697721989,0.00314005549745,0,0.986070099282,9.06475786553,1,0,1.98233904822e-16,-1.18940342893e-16,4.4408920985e-16,0,B7: equal citizen-equity comparator,ok,slow,B7
47,2074,0.365675932595,2.54333578057,2.54333578057,2.54333578057,5.84688345676,2.29890347213,0.0202837748079,0.404475552354,0.788155405619,0.227291083393,7.13894091241,0.0169560165189,0.0169560165189,0.00635454409899,0,0.322290808257,0.00635454409899,0.0161617393762,0.135883512468,0.345597399249,0.029218989203,0.029218989203,0,0.0437783145181,0.696649645789,1.43544176911,0,0,0.417092130466,0.322290808257,0.35150979746,0.215626284993,0.395967514898,0.731453620645,0.656190500313,0.22616843268,1.01315022865,0.628823925323,0.0948491768005,0.975275570132,0.0030983860301,0,0.983043983481,9.29417048601,1,0,-1.13929723365e-16,-3.79765744549e-17,4.4408920985e-16,0,B7: equal citizen-equity comparator,ok,slow,B7
48,2075,0.376880275151,2.6022574323,2.6022574323,2.6022574323,6.10380532662,2.34558089867,0.0203042133372,0.399097467928,0.78166446872,0.227391922476,7.30233677797,0.0202637067067,0.0202637067067,0.00769626963449,0,0.323064877911,0.00769626963449,0.0200276748573,0.136548501312,0.355334352408,0.0291055890111,0.0291055890111,0,0.0436152341619,0.696431801293,1.43589077659,0,0,0.418148460144,0.323064877911,0.352170466922,0.21562196561,0.396910396623,0.729643524475,0.654952114152,0.225720023182,1.03361402277,0.643349573577,0.11592841143,0.995411089701,0.00305850417435,0,0.979736293293,9.52453957115,1,0,-1.0913418419e-16,-3.63780613966e-17,4.4408920985e-16,0,B7: equal citizen-equity comparator,ok,slow,B7
49,2076,0.387810728859,2.66235622443,2.66235622443,2.66235622443,6.37164783827,2.39323640458,0.020317144437,0.393850850148,0.775332202016,0.22749029656,7.46985677833,0.0238428111428,0.0238428111428,0.0091736031848,0,0.323735562008,0.0091736031848,0.0244233995395,0.137133717149,0.365098805432,0.0290173880436,0.0290173880436,0,0.043494146578,0.696173553335,1.43642342518,0,0,0.419069897201,0.323735562008,0.352752950051,0.215619232902,0.397764397058,0.727641050098,0.65355901605,0.225210474225,1.0538175198,0.658171290944,0.137081061396,1.01530346416,0.00301451292376,0,0.976157188857,9.75566049204,1,0,-6.96977016185e-17,1.04546552428e-16,6.66133814775e-16,0,B7: equal citizen-equity comparator,ok,slow,B7
50,2077,0.39844358301,2.72361537107,2.72361537107,2.72361537107,6.65067115189,2.44185402335,0.0203145910171,0.388747080155,0.769172341675,0.227585992247,7.64152207836,0.0276824415558,0.0276824415558,0.0107848214666,0,0.324228053241,0.0107848214666,0.0293737055207,0.137543598223,0.374615858311,0.0289353174883,0.0289353174883,0,0.0433834854948,0.695901495015,1.4369849859,0,0,0.419759416565,0.324228053241,0.353163370729,0.215619772506,0.398606656719,0.725458799266,0.652019662168,0.224642879715,1.07343573077,0.673293674817,0.158228975921,1.03202919569,0.00297511826739,0,0.972317558444,9.9873231763,1,0,0,3.33867965885e-17,1.11022302463e-15,0,B7: equal citizen-equity comparator,ok,slow,B7
1,2028,0.00191263144382,0.980173078824,1.01067634336,1.01067634336,0.960569617247,0.98,-0.02,0.579081936907,0.968744368192,0.220047815786,3.03568494509,0,0,0,0,0.300055658579,0,0,0.0878743968111,0.0861321180721,0.019294720344,0.019294720344,0,0.0308898702262,0.643924095693,1.552978071,0,0,0.477288319473,0.300055658579,0.319350378923,0.231475982112,0.316179889802,0.736886301301,0.66503409527,0.230602985893,0.453235848594,0.249313477946,-0.766812380612,0.412477253496,0.00448411925104,0,1,0.191153018201,1,-0.0301810413747,-4.04528783382e-16,-1.15579652395e-16,1.33226762955e-15,0,B10: capital-tilted tax and universal transfer,ok,slow,B10
2,2029,0.00397057522745,1.02620334401,1.0263617708,1.0263617708,0.985565691585,0.9604,-0.02,0.578094123891,0.997545750595,0.220099264381,3.0794104495,0,0,0,0,0.203283310416,0,0,0.0607117654424,0.0623026167176,0.0819529080125,0.0819529080125,0,0.130582934213,0.709545698038,1.40935249522,0,0,0.322986843334,0.203283310416,0.285236218428,0.224524452986,0.356492559512,0.728750596551,0.652197742972,0.224686084357,0.503998599998,0.257806312884,-0.722131368343,0.453876313882,0.00451466730225,0,1,0.386359559627,1,-0.000154357652348,2.81620757019e-17,5.63241514038e-17,1.33226762955e-15,0,B10: capital-tilted tax and universal transfer,ok,slow,B10
3,2030,0.00618367993805,1.04338021604,1.04338021604,1.04338021604,1.00546805897,0.963664102035,0.00339869016505,0.57703183363,0.996417650024,0.220154591998,3.12435076829,0,0,0,0,0.226743166998,0,0,0.0648746170037,0.0676888919047,0.0573862708022,0.0573862708022,0,0.0825107118602,0.752887127702,1.32822034433,0,0,0.359819488874,0.226743166998,0.284129437801,0.219254820797,0.349270358201,0.724418520303,0.645091373418,0.221242739791,0.500461956636,0.260615000438,-0.708018780247,0.46949644739,0.00456464869723,0,1,0.580014215404,1,0,1.38023159304e-16,1.10418527443e-16,1.33226762955e-15,0,B10: capital-tilted tax and universal transfer,ok,slow,B10
4,2031,0.00856226692381,1.06082174694,1.06082174694,1.06082174694,1.03537016157,0.976007670052,0.0128089943284,0.575890111877,0.995039679121,0.220214056673,3.1704975825,0,0,0,0,0.264304141772,0,0,0.0737618523563,0.0782481770742,0.0266753708069,0.0266753708069,0,0.0364844630694,0.75781867299,1.31957687985,0,0,0.418873330311,0.264304141772,0.290979512579,0.217217660222,0.335257936417,0.722801608685,0.641893363948,0.219618479178,0.494402748456,0.264203156279,-0.6896060202,0.478563151836,0.00442672134713,0,1,0.772191415788,1,0,1.07229575067e-16,0,1.33226762955e-15,0,B10: capital-tilted tax and universal transfer,ok,slow,B10
5,2032,0.0111171200807,1.07869632906,1.07869632906,1.07869632906,1.07006465851,0.991998053277,0.0163834606175,0.574663782361,0.993559593114,0.220277928002,3.21788071986,0,0,0,0,0.275559076902,0,0,0.0767552838502,0.0827956429254,0.0176499456452,0.0176499456452,0,0.0240709064929,0.75089801216,1.33173877651,0,0,0.43609408662,0.275559076902,0.293209022547,0.216453738697,0.330912760249,0.722484978604,0.640660472434,0.218922350603,0.498777726858,0.268317603111,-0.671317531508,0.486040629192,0.00436512371688,0,1,0.962996704355,1,0,1.03752891547e-16,2.59382228868e-17,1.33226762955e-15,0,B10: capital-tilted tax and universal transfer,ok,slow,B10
6,2033,0.0138594687037,1.09701973696,1.09701973696,1.09701973696,1.10774776037,1.00977924375,0.017924622347,0.573347455022,0.991970886613,0.220346486718,3.26653232157,0,0,0,0,0.276053336124,0,0,0.0768801163932,0.0843390050633,0.016952802934,0.016952802934,0,0.0233717600552,0.742306943742,1.34715161758,0,0,0.43621557516,0.276053336124,0.293006139058,0.216126022664,0.33114840468,0.722764298051,0.640411954386,0.218695496849,0.506383073255,0.272743189426,-0.654216883466,0.49505142059,0.00438007494888,0,1,1.15253766368,1,0,3.0067035051e-16,-1.50335175255e-16,1.33226762955e-15,0,B10: capital-tilted tax and universal transfer,ok,slow,B10
7,2034,0.016800962325,1.11580873879,1.11580873879,1.11580873879,1.14783025066,1.0286980293,0.0187355658811,0.571935538084,0.99026681077,0.220420024058,3.31648697132,0,0,0,0,0.273914310878,0,0,0.0763470852672,0.085188744922,0.0183867543702,0.0183867543702,0,0.0256660086826,0.734772172826,1.3609660749,0,0,0.432134513795,0.273914310878,0.292301065248,0.215953979981,0.332528172262,0.72326445425,0.640665226737,0.218697721365,0.514988130552,0.277356125354,-0.637858037852,0.503237148329,0.00441095650766,0,1,1.34092403795,1,2.22044604925e-16,-4.8361812384e-17,4.8361812384e-17,1.33226762955e-15,0,B10: capital-tilted tax and universal transfer,ok,slow,B10
8,2035,0.0199536363932,1.13508114228,1.13508114228,1.13508114228,1.1901390606,1.04850571142,0.0192550987342,0.570422254531,0.98844039317,0.22049884091,3.36778182925,0,0,0,0,0.271868107212,0,0,0.0760721517346,0.0863480648866,0.0200479488341,0.0200479488341,0,0.0282902827228,0.728699362129,1.37230804907,0,0,0.428163147306,0.271868107212,0.291916056046,0.215843904311,0.333772620535,0.723787038387,0.641055265242,0.218799353585,0.524299244261,0.282107645055,-0.621629274707,0.510959290606,0.00441775881316,0,1,1.52826783877,1,0,0,0,1.33226762955e-15,0,B10: capital-tilted tax and universal transfer,ok,slow,B10
9,2036,0.023329867599,1.1548558385,1.1548558385,1.1548558385,1.23450756844,1.06897114539,0.0195186671377,0.568801663552,0.986484463707,0.22058324669,3.42045676981,0,0,0,0,0.269707130506,0,0,0.075382560893,0.0870559905682,0.0214635342158,0.0214635342158,0,0.0305526505971,0.723973260748,1.38126648347,0,0,0.423973072084,0.269707130506,0.291170664722,0.215788103829,0.335327171557,0.724296812974,0.641491204654,0.218945764475,0.533400839138,0.287014742722,-0.605643132753,0.51855517135,0.00446977694697,0,1,1.71468343123,1,0,-4.04696069796e-16,-4.49662299773e-17,1.33226762955e-15,0,B10: capital-tilted tax and universal transfer,ok,slow,B10
10,2037,0.0269423176208,1.17515284218,1.17515284218,1.17515284218,1.28098728509,1.09006015142,0.0197283211207,0.567067687542,0.984391687176,0.220673557941,3.47455452243,0,0,0,0,0.268150548589,0,0,0.0751044509287,0.0882592089693,0.0226976405914,0.0226976405914,0,0.0325318866769,0.720402044177,1.38811377353,0,0,0.420692409297,0.268150548589,0.290848189181,0.215743738252,0.336524368519,0.724732112189,0.64189537204,0.219095884736,0.542756017532,0.292047004529,-0.589472376999,0.526295664697,0.00449211165942,0,1,1.90028759714,1,0,2.16673310803e-16,-4.33346621606e-17,1.33226762955e-15,0,B10: capital-tilted tax and universal transfer,ok,slow,B10
11,2038,0.030803864069,1.19599332756,1.19599332756,1.19599332756,1.32961613308,1.11172537709,0.0198752570196,0.565214145247,0.982154603277,0.220770096602,3.53012081354,0,0,0,0,0.267099059335,0,0,0.0750066793118,0.089707487979,0.0236202755062,0.0236202755062,0,0.0340323139879,0.717674623813,1.39338910255,0,0,0.418158637886,0.267099059335,0.290719334841,0.215712655529,0.337526787147,0.725094549835,0.642252908384,0.219237277729,0.552167153096,0.297215372509,-0.573069395859,0.534257165494,0.00450766301785,0,1,2.08519957203,1,0,2.50498545484e-16,0,1.33226762955e-15,0,B10: capital-tilted tax and universal transfer,ok,slow,B10
12,2039,0.0349275174422,1.21739965819,1.21739965819,1.21739965819,1.38052023748,1.13399098496,0.0200279748229,0.563234791628,0.979765674725,0.220873187936,3.58720450823,0,0,0,0,0.266795695036,0,0,0.075456766115,0.0918610412768,0.0243414302754,0.0243414302754,0,0.0352155928771,0.715553143234,1.39752023935,0,0,0.41674474541,0.266795695036,0.291137125311,0.215680359196,0.338057845037,0.725368786191,0.642546294532,0.219359690809,0.561910848582,0.302510123926,-0.556197400877,0.542568938739,0.00448128967059,0,1,2.26954105195,1,0,-2.41261879649e-16,-8.04206265496e-17,1.33226762955e-15,0,B10: capital-tilted tax and universal transfer,ok,slow,B10
13,2040,0.0393263230004,1.23939540939,1.23939540939,1.23939540939,1.43375884505,1.15682116796,0.020132596557,0.56112336496,0.977217344096,0.220983158075,3.64585774941,0,0,0,0,0.266846827221,0,0,0.0760475246785,0.0942529529821,0.0248589371236,0.0248589371236,0,0.0360806202487,0.713842024228,1.40087017303,0,0,0.41582745619,0.266846827221,0.291705764345,0.215658239667,0.338461025968,0.725582033385,0.642792126857,0.219467148013,0.571778565531,0.307951295671,-0.538987231634,0.55125373932,0.00444971806865,0,1,2.45343616624,1,0,0,0,1.33226762955e-15,0,B10: capital-tilted tax and universal transfer,ok,slow,B10
14,2041,0.0440132465984,1.26200538137,1.26200538137,1.26200538137,1.48940716004,1.18019081536,0.0202016076956,0.558873641633,0.974502099969,0.221100331165,3.7061360922,0,0,0,0,0.267070464643,0,0,0.0767176881933,0.0968181353466,0.0252908750997,0.0252908750997,0,0.0368043432528,0.712461813757,1.40358399663,0,0,0.415117828274,0.267070464643,0.292361339743,0.215643651549,0.338823866337,0.725752568021,0.643002566377,0.219562881601,0.581826718946,0.313545463355,-0.521520093762,0.560457219188,0.00441620436922,0,1,2.63701141194,1,0,1.11811906215e-16,-3.72706354049e-17,1.33226762955e-15,0,B10: capital-tilted tax and universal transfer,ok,slow,B10
15,2042,0.0490010437402,1.28525560149,1.28525560149,1.28525560149,1.54756338822,1.20408997745,0.0202502525667,0.556479499005,0.971612552782,0.221225026094,3.76809863064,0,0,0,0,0.267439398596,0,0,0.0774615727534,0.0995579202813,0.0256555439568,0.0256555439568,0,0.0374157663125,0.711343597024,1.40579040028,0,0,0.41456957528,0.267439398596,0.293094942553,0.2156333698,0.339159633895,0.725893216916,0.643187635665,0.219650020195,0.592072234985,0.319297827341,-0.503833712259,0.569834451916,0.00438084842605,0,1,2.82039554517,1,0,0,7.17400678434e-17,1.33226762955e-15,0,B10: capital-tilted tax and universal transfer,ok,slow,B10
16,2043,0.0543021113941,1.30917331343,1.30917331343,1.30917331343,1.60834297813,1.22851799806,0.0202875375274,0.553934986531,0.968541520683,0.221357552785,3.83180811363,0,0,0,0,0.267940819221,0,0,0.0782770436664,0.102478216623,0.0259617142297,0.0259617142297,0,0.0379301149655,0.710423500158,1.40761109363,0,0,0.414159091314,0.267940819221,0.293902533451,0.215625489784,0.339475550973,0.726013853689,0.643355906396,0.219731559106,0.602526876851,0.325214297693,-0.485946524095,0.579457087083,0.00434319864017,0,1,3.00371942528,1,0,3.45144984534e-17,-6.90289969069e-17,1.33226762955e-15,0,B10: capital-tilted tax and universal transfer,ok,slow,B10
17,2044,0.0599283224886,1.33378695152,1.33378695152,1.33378695152,1.67186360128,1.25347125294,0.0203116722144,0.551234405205,0.965282125407,0.221498208062,3.89733104651,0,0,0,0,0.268506899395,0,0,0.0791071715689,0.10551211321,0.026220661503,0.026220661503,0,0.0383661747272,0.709652400253,1.4091405872,0,0,0.413778238735,0.268506899395,0.294727560898,0.215620389329,0.339825388891,0.726125429055,0.643516864791,0.219811011395,0.613171340939,0.331303610422,-0.467899742781,0.5895179305,0.00430766682948,0,1,3.18711580679,1,0,-1.32812631817e-16,-6.64063159084e-17,1.33226762955e-15,0,B10: capital-tilted tax and universal transfer,ok,slow,B10
18,2045,0.0658908434629,1.35912609783,1.35912609783,1.35912609783,1.73823077726,1.27893267595,0.0203127299068,0.548372395138,0.961827897976,0.221647271087,3.96473777437,0,0,0,0,0.268992562724,0,0,0.0798231914922,0.10848978277,0.0264507945774,0.0264507945774,0,0.0387524923574,0.709008043632,1.41042123426,0,0,0.413201620654,0.268992562724,0.295443357302,0.215620165809,0.340329454579,0.726243121669,0.643682645103,0.219892899385,0.623945105499,0.337577800804,-0.449784677143,0.599877487822,0.00428501534119,0,1,3.3707190748,1,0,6.38708645107e-17,0,1.33226762955e-15,0,B10: capital-tilted tax and universal transfer,ok,slow,B10
19,2046,0.0721999358085,1.38522142031,1.38522142031,1.38522142031,1.80760302196,1.30491991782,0.0203194760445,0.545344030812,0.958172893668,0.221804998395,4.03410254282,0,0,0,0,0.269519039435,0,0,0.0805730831307,0.111611560653,0.0266727838699,0.0266727838699,0,0.0391212575808,0.708470494867,1.41149138496,0,0,0.41261475265,0.269519039435,0.296191823305,0.215618740174,0.340871180792,0.726365722202,0.643853910756,0.219977618104,0.634957787344,0.344037466645,-0.431554182789,0.610789347768,0.00426218185439,0,1,3.55466491971,1,0,-6.14196264964e-17,0,1.33226762955e-15,0,B10: capital-tilted tax and universal transfer,ok,slow,B10
20,2047,0.0788647431796,1.41210458976,1.41210458976,1.41210458976,1.88014470094,1.33144861547,0.0203297514966,0.542144923274,0.954311815352,0.221971618579,4.10550353164,0,0,0,0,0.270111023599,0,0,0.0813568551151,0.114884388516,0.0268624002556,0.0268624002556,0,0.0394376713895,0.707997956924,1.41243345439,0,0,0.412053727884,0.270111023599,0.296973423854,0.215616568739,0.341445265203,0.726495495624,0.644033760192,0.220066549396,0.64631993188,0.35069057637,-0.413191922233,0.622167988736,0.00423997505948,0,1,3.73908994708,1,0,1.18099742437e-16,5.90498712185e-17,1.33226762955e-15,0,B10: capital-tilted tax and universal transfer,ok,slow,B10
21,2048,0.0858930663843,1.43980817402,1.43980817402,1.43980817402,1.95603109393,1.35853590029,0.0203442209516,0.538771328136,0.950240143837,0.22214732666,4.1790228565,0,0,0,0,0.270774840152,0,0,0.0821928832286,0.118341985118,0.0270315541666,0.0270315541666,0,0.0397213033937,0.707561946098,1.41330381815,0,0,0.411526499819,0.270774840152,0.297806394319,0.21561351109,0.342040881491,0.726633417626,0.644224008686,0.220160570551,0.658648403924,0.357544468011,-0.394680412121,0.633460031872,0.00421679326692,0,1,3.92413121975,1,0,-1.70276898164e-16,-8.5138449082e-17,1.33226762955e-15,0,B10: capital-tilted tax and universal transfer,ok,slow,B10
22,2049,0.0932911293683,1.46836550785,1.46836550785,1.46836550785,2.03544395062,1.38619706043,0.0203610078554,0.535220257903,0.945954273446,0.222332278234,4.25474653375,0,0,0,0,0.2715050465,0,0,0.083080801153,0.121992982778,0.0271857184858,0.0271857184858,0,0.0399815605346,0.70714213145,1.41414286538,0,0,0.411023404728,0.2715050465,0.298690764986,0.215609963833,0.342660744201,0.726780964247,0.644426474828,0.220260526604,0.671633493998,0.364607476882,-0.376012685458,0.646246116319,0.00419223841108,0,1,4.10992572946,1,0,0,8.1816772033e-17,1.33226762955e-15,0,B10: capital-tilted tax and universal transfer,ok,slow,B10
23,2050,0.101063340149,1.49781053745,1.49781053745,1.49781053745,2.11857266026,1.41444635839,0.0203789913912,0.531489596729,0.941451650513,0.222526583504,4.33276440336,0,0,0,0,0.272294869852,0,0,0.0840197698335,0.125845696611,0.0273310638243,0.0273310638243,0,0.0402285184728,0.706726300385,1.41497493366,0,0,0.410533290999,0.272294869852,0.299625933677,0.215606163843,0.343310040851,0.726939343767,0.64464264427,0.220367101017,0.683822453101,0.371888025995,-0.357186277451,0.659399207976,0.0041668678782,0,1,4.29660979687,1,0,0,2.62021465077e-17,1.33226762955e-15,0,B10: capital-tilted tax and universal transfer,ok,slow,B10
24,2051,0.10921205152,1.52817763898,1.52817763898,1.52817763898,2.20561522933,1.44329767239,0.0203976020893,0.52757821527,0.936730912008,0.222730301288,4.41317000511,0,0,0,0,0.273140503773,0,0,0.0850093640223,0.129909409203,0.0274710917223,0.0274710917223,0,0.0404679359234,0.706307091026,1.41581475353,0,0,0.410050068413,0.273140503773,0.300611595495,0.215602231473,0.343990590491,0.727109592191,0.644873670956,0.220480823688,0.69672688269,0.379394569308,-0.338200599174,0.671737290147,0.00414063910094,0,1,4.48431839974,1,0,0,5.03362059647e-17,1.33226762955e-15,0,B10: capital-tilted tax and universal transfer,ok,slow,B10
25,2052,0.117737327191,1.55950141128,1.55950141128,1.55950141128,2.2967787719,1.47276479219,0.020416522777,0.523486082948,0.931792021024,0.22294343318,4.49606040349,0,0,0,0,0.274039989245,0,0,0.086049316006,0.134194029751,0.0276075605114,0.0276075605114,0,0.0407027619564,0.705879972122,1.41667144486,0,0,0.409570992299,0.274039989245,0.301647549756,0.21559823375,0.344704396641,0.727292554145,0.645120429473,0.220602096124,0.710056884708,0.387135577355,-0.319056011967,0.684405267771,0.00411305876664,0,1,4.67318443078,1,0,4.83382656706e-17,2.41691328353e-17,1.33226762955e-15,0,B10: capital-tilted tax and universal transfer,ok,slow,B10
26,2053,0.126636719776,1.5918164436,1.5918164436,1.5918164436,2.3922797047,1.50286153552,0.0204355396676,0.519214374507,0.926636395389,0.223165917994,4.58153595719,0,0,0,0,0.27499226069,0,0,0.0871392921422,0.138709758116,0.0277412473023,0.0277412473023,0,0.0409343514935,0.705442158401,1.41755066392,0,0,0.409095223196,0.27499226069,0.302733507992,0.21559421585,0.345452473494,0.727488766126,0.645390141178,0.220731213529,0.723951377654,0.395119502137,-0.299753564473,0.697974206791,0.00408412468045,0,1,4.86333788858,1,0,1.39225737999e-16,0,1.33226762955e-15,0,B10: capital-tilted tax and universal transfer,ok,slow,B10
27,2054,0.135905067694,1.62515706008,1.62515706008,1.62515706008,2.49240474437,1.53363930514,0.0204794446435,0.514765567507,0.921267025326,0.223397626692,4.66970002998,0,0,0,0,0.276190175156,0,0,0.0884769091359,0.143788873536,0.0278716741319,0.0278716741319,0,0.0411631175079,0.704974765913,1.41849048839,0,0,0.408909613086,0.276190175156,0.304061849288,0.215584940152,0.346056874563,0.727685313007,0.645680017175,0.22086489458,0.737356199506,0.403344548744,-0.280175745471,0.711482789266,0.00403620127861,0,1,5.05490500681,1,0,2.67265505846e-16,0,1.33226762955e-15,0,B10: capital-tilted tax and universal transfer,ok,slow,B10
28,2055,0.145534318475,1.65955704361,1.65955704361,1.65955704361,2.59732497397,1.56507122426,0.0204949879717,0.510143527132,0.915688575819,0.223638357962,4.76065864036,0,0,0,0,0.27733464151,0,0,0.0897271031375,0.148907246015,0.0279741181695,0.0279741181695,0,0.0413514321403,0.704471079016,1.4195046891,0,0,0.408571189897,0.27733464151,0.30530875968,0.215581656542,0.346809281651,0.72790019285,0.645991018712,0.221007888888,0.753128482277,0.411837408688,-0.26047681319,0.72609993744,0.00399954315566,0,1,5.24800732923,1,0,-1.28234591638e-16,4.27448638792e-17,1.33226762955e-15,0,B10: capital-tilted tax and universal transfer,ok,slow,B10
29,2056,0.155513386181,1.695049343,1.695049343,1.695049343,2.70729197093,1.59717590648,0.0205132403753,0.505353574633,0.90990746921,0.223887834655,4.85452004898,0,0,0,0,0.278511806733,0,0,0.0910413069722,0.154319507569,0.0281073009922,0.0281073009922,0,0.0415876882524,0.703963598212,1.42052799682,0,0,0.408210977719,0.278511806733,0.306619107726,0.215577800754,0.347592019884,0.72812864492,0.64631961735,0.221158815818,0.770686965561,0.420596742595,-0.240627983143,0.740589942968,0.00395943389637,0,1,5.44276074055,1,0,-2.05043090392e-16,0,1.33226762955e-15,0,B10: capital-tilted tax and universal transfer,ok,slow,B10
30,2057,0.165828050499,1.7316657679,1.7316657679,1.7316657679,2.82243086207,1.62989354781,0.0204846824915,0.50040253576,0.903931943659,0.224145701262,4.95139428394,0,0,0,0,0.279386689821,0,0,0.092035455297,0.159374647371,0.0282325990939,0.0282325990939,0,0.0418108383533,0.703478545021,1.42150746043,0,0,0.407344051601,0.279386689821,0.307619288915,0.215583833618,0.348744117686,0.728396557198,0.64668400344,0.221324484551,0.786038339358,0.429651702927,-0.220856278984,0.75461086879,0.00395088310073,0,1,5.6392744651,1,0,-1.18007109355e-16,0,1.33226762955e-15,0,B10: capital-tilted tax and universal transfer,ok,slow,B10
31,2058,0.176460904651,1.76943667764,1.76943667764,1.76943667764,2.9431265694,1.66331274048,0.0205039112616,0.495298765768,0.897772083318,0.224411522616,5.0513926059,0,0,0,0,0.280475997933,0,0,0.0932955927962,0.165080643756,0.0283993663589,0.0283993663589,0,0.0420962510398,0.703028713568,1.42241700901,0,0,0.406731667038,0.280475997933,0.308875364292,0.215579771495,0.349746034246,0.728672689911,0.647062029365,0.221496534074,0.800724379198,0.438974370541,-0.200899548312,0.769487133469,0.00392041139967,0,1,5.83765004812,1,0,-3.7722571505e-16,7.544514301e-17,1.33226762955e-15,0,B10: capital-tilted tax and universal transfer,ok,slow,B10
32,2059,0.187391358359,1.8083906703,1.8083906703,1.8083906703,3.06965593267,1.69745176365,0.0205247169349,0.490052147988,0.891439816615,0.224684783959,5.15462691662,0,0,0,0,0.281692147089,0,0,0.0946180960438,0.171106482127,0.0285013253757,0.0285013253757,0,0.042283677644,0.702551620046,1.4233829536,0,0,0.406247932017,0.281692147089,0.310193472465,0.215575376421,0.35074214884,0.728960813818,0.647456718059,0.221676169168,0.819002406464,0.448585755463,-0.180779800846,0.785686497387,0.00389159216079,0,1,6.03798033642,1,0,-3.61676698945e-17,7.2335339789e-17,1.33226762955e-15,0,B10: capital-tilted tax and universal transfer,ok,slow,B10
33,2060,0.198595700915,1.84855427965,1.84855427965,1.84855427965,3.20228931157,1.7323209531,0.0205420797154,0.484674063561,0.884948879716,0.224964892523,5.26120911647,0,0,0,0,0.28295235186,0,0,0.0959786105383,0.177421671266,0.0285979674527,0.0285979674527,0,0.0424646739797,0.702051093841,1.4243977522,0,0,0.405777046926,0.28295235186,0.311550319312,0.215571708774,0.351768969918,0.72926224831,0.647868717565,0.221863585296,0.837785379333,0.458493959799,-0.160520536705,0.80364237623,0.00386184572826,0,1,6.240348477,1,0,-2.42687665486e-16,0,1.33226762955e-15,0,B10: capital-tilted tax and universal transfer,ok,slow,B10
34,2061,0.210047227727,1.889951688,1.889951688,1.889951688,3.34130594078,1.76793193286,0.0205568025367,0.479177330691,0.878314743213,0.225251180693,5.37125041865,0,0,0,0,0.284248418544,0,0,0.0973728711323,0.184030022162,0.0286930514679,0.0286930514679,0,0.0426445655271,0.701534974307,1.42544568215,0,0,0.405312692306,0.284248418544,0.312941470012,0.21556859888,0.352826900001,0.729577298168,0.648297717964,0.222058601131,0.853143981394,0.468704853175,-0.140136389466,0.81994391329,0.00383125819229,0,1,6.44482695389,1,0,-6.64544369359e-17,3.32272184679e-17,1.33226762955e-15,0,B10: capital-tilted tax and universal transfer,ok,slow,B10
35,2062,0.221716431811,1.93260446299,1.93260446299,1.93260446299,3.4869933321,1.80429746432,0.020569531432,0.47357611273,0.871554501191,0.225542910795,5.48486062953,0,0,0,0,0.285580275952,0,0,0.098797893065,0.190937249071,0.0287835273467,0.0287835273467,0,0.0428183138721,0.701008207485,1.42651682152,0,0,0.404860737139,0.285580275952,0.314363803299,0.215565910234,0.353913416495,0.729905722725,0.648743041083,0.222260889612,0.869225955309,0.479223626001,-0.119638144758,0.835182982247,0.00379989525063,0,1,6.65147668442,1,0,-3.18389775628e-17,6.36779551256e-17,1.33226762955e-15,0,B10: capital-tilted tax and universal transfer,ok,slow,B10
36,2063,0.233571259439,1.97653132665,1.97653132665,1.97653132665,3.63964569084,1.84143081457,0.0205805034811,0.467885795469,0.864686723122,0.225839281486,5.60214740641,0,0,0,0,0.286946650781,0,0,0.10025019888,0.19814765859,0.0288671408293,0.0288671408293,0,0.04298220188,0.700473981956,1.427604773,0,0,0.404425694879,0.286946650781,0.31581379161,0.215563592729,0.355025735898,0.730246881422,0.649203801085,0.222470036878,0.884578872623,0.490054853084,-0.0990354668584,0.850719933057,0.00376783013478,0,1,6.86034619641,1,0,-6.1007203389e-17,-6.1007203389e-17,1.33226762955e-15,0,B10: capital-tilted tax and universal transfer,ok,slow,B10
37,2064,0.245577426807,2.02174796448,2.02174796448,2.02174796448,3.79956278933,1.87934542588,0.0205897560814,0.462122835133,0.857731270412,0.22613943567,5.72321550578,0,0,0,0,0.288344966127,0,0,0.101725822726,0.205663975031,0.0289424950426,0.0289424950426,0,0.0431338750852,0.699934725289,1.42870465469,0,0,0.404010552316,0.288344966127,0.31728746117,0.215561638444,0.356159302117,0.730599996369,0.64967895787,0.22268556174,0.900253171904,0.50120242004,-0.078337959248,0.865737882933,0.00373514499757,0,1,7.07147090735,1,0,2.33758058215e-16,2.92197572769e-17,1.33226762955e-15,0,B10: capital-tilted tax and universal transfer,ok,slow,B10
38,2065,0.257698792185,2.06826688144,2.06826688144,2.06826688144,3.96704917101,1.91805477649,0.0205972516193,0.456304579751,0.85070908081,0.226442469805,5.84816603628,0,0,0,0,0.289771838991,0,0,0.103220437806,0.213487413002,0.0290086541175,0.0290086541175,0,0.0432717039517,0.699392564809,1.4298121689,0,0,0.403617431671,0.289771838991,0.318780493108,0.215560055302,0.357310248071,0.730964415878,0.650167339779,0.222906924498,0.918899810856,0.512669466397,-0.0575555036002,0.883993597522,0.00370192963286,0,1,7.28487252574,1,0,-2.79861170549e-16,-2.79861170549e-17,1.33226762955e-15,0,B10: capital-tilted tax and universal transfer,ok,slow,B10
39,2066,0.269897775684,2.11609731061,2.11609731061,2.11609731061,4.14238983496,1.95756112642,0.0205970915976,0.450449067672,0.843641925219,0.226747444392,5.97709573137,0,0,0,0,0.291179464828,0,0,0.10468447825,0.221522542887,0.0290651025217,0.0290651025217,0,0.0433944543653,0.6988535109,1.43091504071,0,0,0.403187141282,0.291179464828,0.32024456735,0.2155600891,0.358521232224,0.731342758359,0.650670152953,0.223134480335,0.938960395543,0.524461607545,-0.0367277187769,0.900998478806,0.0036723076983,0,1,7.50055859234,1,0,5.36030199406e-17,-2.68015099703e-17,1.33226762955e-15,0,B10: capital-tilted tax and universal transfer,ok,slow,B10
40,2067,0.282135816755,2.16524517895,2.16524517895,2.16524517895,4.32557549678,1.99773011335,0.0205199144947,0.444574807958,0.836552142667,0.227053395419,6.11009625728,0,0,0,0,0.292018642585,0,0,0.105561598134,0.228566741443,0.0291193464413,0.0291193464413,0,0.0435099316549,0.698376808676,1.43189176327,0,0,0.401971852432,0.292018642585,0.321137989026,0.215576390892,0.360335626847,0.731777888282,0.651218061068,0.223379777884,0.957687888699,0.536621124748,-0.0162417431317,0.919204347263,0.00369579395306,0,1,7.71852217673,1,0,-1.5399888761e-16,2.56664812683e-17,1.33226762955e-15,0,B10: capital-tilted tax and universal transfer,ok,slow,B10
41,2068,0.294373857826,2.21571313263,2.21571313263,2.21571313263,4.51694099881,2.03859467739,0.0204554978511,0.438700548244,0.829462360115,0.227359346446,6.24725357159,0,0,0,0,0.292638223249,0,0,0.106287242371,0.235502038753,0.0292390183557,0.0292390183557,0,0.0437193302409,0.698028274608,1.43260672437,0,0,0.400470255295,0.292638223249,0.321877241605,0.215589999234,0.362353365341,0.732253530346,0.65179867164,0.223637993517,0.97471366172,0.549110971711,0.00401452116838,0.936559618506,0.00373216800086,0,1,7.93874174083,1,0,-9.83163627702e-17,2.45790906925e-17,1.33226762955e-15,0,B10: capital-tilted tax and universal transfer,ok,slow,B10
42,2069,0.306572841325,2.26750062252,2.26750062252,2.26750062252,4.71691061962,2.08022461946,0.0204209019759,0.432845036164,0.822395204525,0.227664321033,6.38864734696,0,0,0,0,0.293303874983,0,0,0.107023884601,0.242676724958,0.029317318115,0.029317318115,0,0.0438595785241,0.697753247087,1.43317140289,0,0,0.399056191289,0.293303874983,0.322621193098,0.215597308497,0.364365659779,0.732751863523,0.652399139693,0.223904216457,0.992041103612,0.561919478018,0.0241878499301,0.95331366076,0.00376951928466,0,1,8.16118117716,1,0,-4.70741599388e-17,9.41483198776e-17,1.33226762955e-15,0,B10: capital-tilted tax and universal transfer,ok,slow,B10
43,2070,0.318694206703,2.32060404857,2.32060404857,2.32060404857,4.92619811177,2.12280854841,0.0204708321131,0.427026780783,0.815373014922,0.227967355168,6.53435047349,0,0,0,0,0.29453769491,0,0,0.10829369404,0.251306784825,0.0293427587683,0.0293427587683,0,0.0439190870213,0.69745224734,1.43378991725,0,0,0.398441587513,0.29453769491,0.323880453678,0.215586759638,0.365831599402,0.73322370182,0.65298287707,0.224164433499,1.0105258369,0.575006553141,0.0446917306364,0.970711630567,0.00375799699569,0,1,8.385790025,1,-2.22044604925e-16,-1.35222701089e-16,-4.50742336965e-17,1.33226762955e-15,0,B10: capital-tilted tax and universal transfer,ok,slow,B10
44,2071,0.330700374071,2.37501695964,2.37501695964,2.37501695964,5.14433582885,2.16602067112,0.0203561092428,0.421263820446,0.808417562213,0.228267509352,6.68442865113,0,0,0,0,0.294820348779,0,0,0.108483787601,0.257650835399,0.0292744377735,0.0292744377735,0,0.0438320238521,0.697152285994,1.43440682917,0,0,0.396576037084,0.294820348779,0.324094786553,0.215610998951,0.368342903501,0.733775089373,0.65362702613,0.224448014109,1.02806614127,0.588509471359,0.0646056359942,0.987536019634,0.00384704706146,0,1,8.6125038629,1,0,-1.72651718171e-16,-1.72651718171e-16,1.33226762955e-15,0,B10: capital-tilted tax and universal transfer,ok,slow,B10
45,2072,0.342555201698,2.43073030365,2.43073030365,2.43073030365,5.37250892133,2.21024476194,0.0204172062652,0.415573503185,0.801549784144,0.228563880042,6.8389400816,0,0,0,0,0.295882751619,0,0,0.109659980217,0.26655383701,0.0293753179372,0.0293753179372,0,0.0440050737525,0.696919203954,1.43488656121,0,0,0.3958023582,0.295882751619,0.325258069556,0.21559808934,0.369918414567,0.7342811913,0.654238450309,0.224719167091,1.04813411728,0.602240291242,0.084944360407,1.00485824328,0.00384250946587,0,1,8.84124487139,1,0,-2.89308451086e-16,0,1.33226762955e-15,0,B10: capital-tilted tax and universal transfer,ok,slow,B10
46,2073,0.354224405783,2.48773272115,2.48773272115,2.48773272115,5.61089372805,2.25542466052,0.0204411291265,0.409972285224,0.794789542122,0.228855610145,6.99793526648,0,0,0,0,0.29707567239,0,0,0.1107479808,0.275511375637,0.0292653433439,0.0292653433439,0,0.0438557042617,0.696575191322,1.43559519842,0,0,0.395244892198,0.29707567239,0.326341015734,0.215593034934,0.371475097902,0.734779716087,0.654844324248,0.224988259898,1.06822361325,0.616301416682,0.105406221407,1.02409703206,0.00385049868694,0,1,9.07192255512,1,0,2.77016872857e-16,1.18721516939e-16,1.33226762955e-15,0,B10: capital-tilted tax and universal transfer,ok,slow,B10
47,2074,0.365675932595,2.54601087436,2.54601087436,2.54601087436,5.85954101426,2.30145953942,0.0204107367056,0.404475552354,0.788155405619,0.229141898315,7.16145691537,0,0,0,0,0.297929955289,0,0,0.111534248649,0.283967409925,0.0292037496249,0.0292037496249,0,0.0437826625632,0.696220050491,1.43632749343,0,0,0.394284958372,0.297929955289,0.327133704914,0.215599456264,0.373329355736,0.735298051567,0.655463429134,0.225262286781,1.08702042686,0.630706734552,0.125710929999,1.04400604617,0.00388447060834,0,1,9.30443460944,1,0,0,-3.78945389041e-17,1.33226762955e-15,0,B10: capital-tilted tax and universal transfer,ok,slow,B10
48,2075,0.376880275151,2.60554980263,2.60554980263,2.60554980263,6.11881157838,2.34837636656,0.0203856840982,0.399097467928,0.78166446872,0.229422006879,7.32953996519,0,0,0,0,0.298694735533,0,0,0.112283637678,0.292560609991,0.0291936518281,0.0291936518281,0,0.043787018949,0.695912979355,1.43696127198,0,0,0.393261961102,0.298694735533,0.327888387361,0.215604749683,0.37520410831,0.73582441711,0.656086766585,0.225537659372,1.10622498997,0.645423402483,0.145919321676,1.06359111563,0.00392182392577,0,1,9.53866791307,1,2.22044604925e-16,7.25776899911e-17,1.81444224978e-16,1.33226762955e-15,0,B10: capital-tilted tax and universal transfer,ok,slow,B10
49,2076,0.387810728859,2.66633329489,2.66633329489,2.66633329489,6.38908976635,2.39620822295,0.020368053894,0.393850850148,0.775332202016,0.229695268221,7.50221170862,0,0,0,0,0.299465404235,0,0,0.113019000282,0.301346323407,0.0291620710087,0.0291620710087,0,0.0437557705997,0.695635786568,1.43753386371,0,0,0.392306275344,0.299465404235,0.328627475244,0.215608474962,0.37704102673,0.736352773078,0.656709156209,0.225812300366,1.12677214056,0.660445485567,0.166071139205,1.08348452925,0.00396277566393,0,1,9.77449962564,1,0,-2.78029720095e-16,3.47537150119e-17,1.33226762955e-15,0,B10: capital-tilted tax and universal transfer,ok,slow,B10
50,2077,0.39844358301,2.72834426955,2.72834426955,2.72834426955,6.67185930913,2.4453876234,0.0205238426189,0.388747080155,0.769172341675,0.229961089575,7.67949202706,0,0,0,0,0.301484723475,0,0,0.115014878473,0.313800184595,0.0291057161093,0.0291057161093,0,0.0436922351931,0.695258774671,1.43831338263,0,0,0.393040931727,0.301484723475,0.330590439584,0.215575561111,0.377491463384,0.73677450682,0.657248092389,0.226054400232,1.15216616995,0.675645681784,0.187102333257,1.10648542297,0.00387647916366,0,1,10.0117983669,1,0,-6.6561536938e-17,0,1.33226762955e-15,0,B10: capital-tilted tax and universal transfer,ok,slow,B10
1,2028,0.00191263144382,0.981200900233,1.01067634336,1.01067634336,0.961576882228,0.98,-0.02,0.579081936907,0.969760205316,0.220047815786,3.03591111494,0,0,0,0,0.328345862075,0,0,0.116386863091,0.11419889484,0.0192745088596,0.0192745088596,0,0.0308898702262,0.643249576365,1.55460654269,0,0,0.420982040592,0.328345862075,0.347620370934,0.231233507844,0.33458330717,0.740589925954,0.669332596964,0.232423727652,0.431335629166,0.250848098257,-0.786086794776,0.392125238058,0.0034802530376,0,1,0.19135346358,1,-0.029164077422,-1.73187871684e-16,0,1.33226762955e-15,0,B11: matched dividend levy,ok,slow,B11
2,2029,0.00397057522745,1.02639235723,1.02639235723,1.02639235723,0.986040744125,0.960685976644,-0.0197081870981,0.578094123891,0.997699753187,0.220099264381,3.07966465084,0,0,0,0,0.223214863445,0,0,0.0799899146493,0.0821010370515,0.0811980210833,0.0811980210833,0,0.129442467527,0.708488450836,1.41145561204,0,0,0.286209325432,0.223214863445,0.304412884529,0.22442296988,0.368393810648,0.733164490044,0.657546038018,0.227064250343,0.490509932913,0.258216151907,-0.739876493245,0.434727019773,0.00391007905187,0,1,0.386595959496,1,0,-1.68891047034e-16,-2.8148507839e-17,1.33226762955e-15,0,B11: matched dividend levy,ok,slow,B11
3,2030,0.00618367993805,1.04341466706,1.04341466706,1.04341466706,1.00599580151,0.964138068279,0.00359336111841,0.57703183363,0.996417650024,0.220154591998,3.1245973021,0,0,0,0,0.248270070797,0,0,0.085932137643,0.0896628527884,0.0568743579227,0.0568743579227,0,0.0819002144751,0.751309144048,1.33101002154,0,0,0.318358059494,0.248270070797,0.30514442872,0.219212291077,0.363175436081,0.729517311433,0.65153220809,0.22411345527,0.485569993155,0.260531475756,-0.725786311483,0.454283514817,0.00391802011768,0,1,0.580257009491,1,0,-5.51803010985e-17,-8.27704516478e-17,1.33226762955e-15,0,B11: matched dividend levy,ok,slow,B11
4,2031,0.00856226692381,1.06085522874,1.06085522874,1.06085522874,1.03604417972,0.9766122197,0.0129381380437,0.575890111877,0.995039679121,0.220214056673,3.17073669744,0,0,0,0,0.288048533202,0,0,0.0973412651543,0.103264990111,0.0264826981878,0.0264826981878,0,0.036301591349,0.756001631206,1.32274846868,0,0,0.369394364783,0.288048533202,0.314531231389,0.217189966235,0.352671233566,0.728750120988,0.649526788061,0.223023028314,0.475069721334,0.263877750488,-0.709131982505,0.461721205333,0.00373411447457,0,1,0.772440275398,1,0,1.07159814838e-16,8.03698611282e-17,1.33226762955e-15,0,B11: matched dividend levy,ok,slow,B11
5,2032,0.0111171200807,1.0787288699,1.0787288699,1.0787288699,1.07079954356,0.992649379696,0.0164212157828,0.574663782361,0.993559593114,0.220277928002,3.21811265593,0,0,0,0,0.299439151588,0,0,0.100567300219,0.108484850114,0.0175738471111,0.0175738471111,0,0.0240255873353,0.74903763469,1.33504640313,0,0,0.384033186108,0.299439151588,0.317012998699,0.21644569848,0.349868623817,0.729048962254,0.649138964769,0.2227066041,0.477156495222,0.267900764341,-0.692490117822,0.467894755654,0.00370059574882,0,1,0.963251319952,1,0,2.59204215976e-16,2.59204215976e-17,1.33226762955e-15,0,B11: matched dividend levy,ok,slow,B11
6,2033,0.0138594687037,1.09705136436,1.09705136436,1.09705136436,1.10853198427,1.01046497939,0.017947525133,0.573347455022,0.991970886613,0.220346486718,3.26675731046,0,0,0,0,0.299779663939,0,0,0.100636384473,0.11040328289,0.016977880582,0.016977880582,0,0.0234649636856,0.740519617508,1.35040311743,0,0,0.384503704315,0.299779663939,0.316757544521,0.216121160048,0.350348003951,0.729646529625,0.649331275094,0.222689796433,0.48437306733,0.272281375395,-0.676319017291,0.472968673698,0.0037237350185,0,1,1.1527977438,1,0,3.50533917048e-16,-1.75266958524e-16,1.33226762955e-15,0,B11: matched dividend levy,ok,slow,B11
7,2034,0.016800962325,1.11583947957,1.11583947957,1.11583947957,1.14868231399,1.02943329666,0.0187718700401,0.571935538084,0.99026681077,0.220420024058,3.31670523676,0,0,0,0,0.297652675635,0,0,0.100108437977,0.111704947333,0.0184020467552,0.0184020467552,0,0.0257502392083,0.733038000479,1.36418575756,0,0,0.38181159704,0.297652675635,0.31605472239,0.215946284413,0.35154140972,0.730267736079,0.649711796951,0.222787961899,0.493000549711,0.276862959138,-0.6603436731,0.48049535816,0.00374973508851,0,1,1.34118930816,1,0,-4.83259388214e-17,0,1.33226762955e-15,0,B11: matched dividend levy,ok,slow,B11
8,2035,0.0199536363932,1.13511102258,1.13511102258,1.13511102258,1.19102608771,1.04925955613,0.0192593920684,0.570422254531,0.98844039317,0.22049884091,3.36799358734,0,0,0,0,0.295344785551,0,0,0.0995286591479,0.112976078062,0.0200268687288,0.0200268687288,0,0.028327477418,0.727003647259,1.37550891769,0,0,0.378889475797,0.295344785551,0.315371654279,0.215842995132,0.352832630036,0.7308286981,0.650132499239,0.222926253803,0.501876868703,0.281601905064,-0.644395277001,0.488072612385,0.00377857313402,0,1,1.52853804069,1,0,-1.86431352945e-16,-1.39823514709e-16,1.33226762955e-15,0,B11: matched dividend levy,ok,slow,B11
9,2036,0.023329867599,1.15488488378,1.15488488378,1.15488488378,1.23548387163,1.06978962923,0.019566248393,0.568801663552,0.986484463707,0.22058324669,3.42066222932,0,0,0,0,0.293407012849,0,0,0.0990911056944,0.114438820084,0.0214621262463,0.0214621262463,0,0.0306232980813,0.722305196425,1.38445632809,0,0,0.376444324045,0.293407012849,0.314869139095,0.215778033401,0.354038566987,0.731306158718,0.650532988223,0.223071177553,0.510781785292,0.286482082566,-0.628348251128,0.49632973812,0.00380367347801,0,1,1.7149583216,1,0,-2.69584180771e-16,4.49306967951e-17,1.33226762955e-15,0,B11: matched dividend levy,ok,slow,B11
10,2037,0.0269423176208,1.17518107724,1.17518107724,1.17518107724,1.28204452157,1.09093359858,0.019764604902,0.567067687542,0.984391687176,0.220673557941,3.4747538851,0,0,0,0,0.291913370837,0,0,0.0988110600993,0.11612088805,0.022633751234,0.022633751234,0,0.0325163527141,0.718706629794,1.39138830581,0,0,0.374571367123,0.291913370837,0.314547122071,0.215736061972,0.355144714963,0.731703655372,0.650893824328,0.22320924691,0.519668204992,0.291500185836,-0.612148928863,0.505189219118,0.00382553677851,0,1,1.90056694697,1,0,2.59793557698e-16,8.65978525661e-17,1.33226762955e-15,0,B11: matched dividend levy,ok,slow,B11
11,2038,0.030803864069,1.19602077652,1.19602077652,1.19602077652,1.33073794773,1.11263781855,0.0198950880238,0.565214145247,0.982154603277,0.220770096602,3.53031427436,0,0,0,0,0.290811882034,0,0,0.0986691265989,0.118010325413,0.0235657057422,0.0235657057422,0,0.0340344105797,0.715973928501,1.39669890228,0,0,0.373204211961,0.290811882034,0.314377587776,0.215708461177,0.356172846673,0.732034295684,0.651213628693,0.223336432188,0.52917802355,0.296657368318,-0.595781784236,0.514370893959,0.0038455141982,0,1,2.08548316573,1,0,2.50287374727e-16,0,1.33226762955e-15,0,B11: matched dividend levy,ok,slow,B11
12,2039,0.0349275174422,1.21742634456,1.21742634456,1.21742634456,1.38162206502,1.13487117409,0.0199825632085,0.563234791628,0.979765674725,0.220873187936,3.5873922557,0,0,0,0,0.290030909021,0,0,0.0986416762103,0.12008897529,0.0243007288961,0.0243007288961,0,0.0352386134043,0.713905867931,1.40074489498,0,0,0.37225122346,0.290030909021,0.314331637917,0.215689961707,0.357148970206,0.732313324261,0.651498625514,0.223453136323,0.539475286749,0.301956900601,-0.579248547949,0.523519463511,0.0038636753785,0,1,2.26982868656,1,0,-2.41069476103e-16,-8.03564920345e-17,1.33226762955e-15,0,B11: matched dividend levy,ok,slow,B11
13,2040,0.0393263230004,1.23942135602,1.23942135602,1.23942135602,1.4347752589,1.15761702179,0.0200426693493,0.56112336496,0.977217344096,0.220983158075,3.6460399658,0,0,0,0,0.289504150786,0,0,0.098707677772,0.122340403834,0.0248807791347,0.0248807791347,0,0.0361924216646,0.712339036701,1.40382591502,0,0,0.37162758904,0.289504150786,0.314384929921,0.215677252149,0.358097517563,0.732555046865,0.651757565459,0.223561630722,0.549970767895,0.307403310744,-0.562557406754,0.531887694421,0.00388065941393,0,1,2.45372765068,1,0,-7.73795768876e-17,-7.73795768876e-17,1.33226762955e-15,0,B11: matched dividend levy,ok,slow,B11
14,2041,0.0440132465984,1.26203061051,1.26203061051,1.26203061051,1.49030624816,1.18087963616,0.0200952594256,0.558873641633,0.974502099969,0.221100331165,3.70631295377,0,0,0,0,0.289260385133,0,0,0.0989360127358,0.124860276554,0.0253417607091,0.0253417607091,0,0.0369523177915,0.711138003643,1.40619682098,0,0,0.371370532954,0.289260385133,0.314602145842,0.215666133106,0.358975507505,0.732767776701,0.651997197206,0.223664063671,0.560089014353,0.312998552978,-0.545674944255,0.54045644037,0.00388984892516,0,1,2.63730656629,1,0,1.11744451115e-16,1.48992601487e-16,1.33226762955e-15,0,B11: matched dividend levy,ok,slow,B11
15,2042,0.0490010437402,1.28528013475,1.28528013475,1.28528013475,1.54841901202,1.20473270391,0.0201994064622,0.556479499005,0.971612552782,0.221225026094,3.76827030789,0,0,0,0,0.289750601126,0,0,0.099807837471,0.128281030794,0.025701353178,0.025701353178,0,0.0375504437999,0.710150072744,1.40815306283,0,0,0.372059466257,0.289750601126,0.315451954304,0.215644116833,0.359434581585,0.73293752392,0.652212894957,0.223759181098,0.569689342362,0.318728833006,-0.528345642176,0.549311280472,0.00385090391199,0,1,2.8206942,1,0,2.50951490263e-16,1.07550638684e-16,1.33226762955e-15,0,B11: matched dividend levy,ok,slow,B11
16,2043,0.0543021113941,1.30919717185,1.30919717185,1.30919717185,1.60920641905,1.2291551293,0.0202720697386,0.553934986531,0.968541520683,0.221357552785,3.8319747715,0,0,0,0,0.290500665771,0,0,0.100803484195,0.13197163642,0.0259315771887,0.0259315771887,0,0.0379491503793,0.709255892212,1.40992836433,0,0,0.373086089526,0.290500665771,0.316432242959,0.215628758765,0.359851422692,0.733088784523,0.65242222216,0.223853461542,0.579396408548,0.324623954746,-0.510731631519,0.558417517977,0.0038077276098,0,1,3.00402142101,1,0,-6.89919584886e-17,-3.44959792443e-17,1.33226762955e-15,0,B11: matched dividend levy,ok,slow,B11
17,2044,0.0599283224886,1.33381015552,1.33381015552,1.33381015552,1.67277603276,1.25413352556,0.0203215978692,0.551234405205,0.965282125407,0.221498208062,3.89749284455,0,0,0,0,0.291336929491,0,0,0.101871394989,0.135877101192,0.0261527572785,0.0261527572785,0,0.0383301546787,0.708455176814,1.41152190389,0,0,0.374227692869,0.291336929491,0.31748968677,0.215618291781,0.360280726571,0.733230913504,0.652630406973,0.223948537957,0.589304506379,0.330691299069,-0.492905372449,0.567759256108,0.00376159015928,0,1,3.18742099308,1,0,6.63700939565e-17,0,1.33226762955e-15,0,B11: matched dividend levy,ok,slow,B11
18,2045,0.0658908434629,1.35914866724,1.35914866724,1.35914866724,1.73925689525,1.2796664097,0.0203589838079,0.548372395138,0.961827897976,0.221647271087,3.96489486697,0,0,0,0,0.292259134838,0,0,0.103011296492,0.140007666338,0.0263625531836,0.0263625531836,0,0.0386902046763,0.707737940163,1.41295237015,0,0,0.375484178293,0.292259134838,0.318621688022,0.21561039153,0.360724699904,0.733369669293,0.652841215218,0.224045691299,0.599285629548,0.336936752999,-0.474896406751,0.577328867915,0.00371528883991,0,1,3.37102730998,1,0,0,1.59582955752e-16,1.33226762955e-15,0,B11: matched dividend levy,ok,slow,B11
19,2046,0.0721999358085,1.38524337439,1.38524337439,1.38524337439,1.80879208035,1.30575761183,0.0203890654151,0.545344030812,0.958172893668,0.221804998395,4.03425507939,0,0,0,0,0.293262796445,0,0,0.104214627032,0.14436262161,0.0265558658088,0.0265558658088,0,0.0390223034416,0.707086318056,1.41425448982,0,0,0.376850012966,0.293262796445,0.319818662254,0.215604035222,0.361190959887,0.733509575263,0.653058196813,0.224146228783,0.609405458098,0.343367424662,-0.456721995056,0.587239320695,0.0036672297326,0,1,3.5549760702,1,0,1.22758501288e-16,6.13792506439e-17,1.33226762955e-15,0,B11: matched dividend levy,ok,slow,B11
20,2047,0.0788647431796,1.41212594718,1.41212594718,1.41212594718,1.88153665547,1.33241419381,0.0204146479653,0.542144923274,0.954311815352,0.221971618579,4.10565165676,0,0,0,0,0.294339467277,0,0,0.105475199607,0.148944266149,0.0267343621998,0.0267343621998,0,0.0393297720662,0.706483081688,1.4154620626,0,0,0.378314563203,0.294339467277,0.321073829476,0.215598629869,0.361686034889,0.733654100451,0.653284276481,0.224251265794,0.620256286546,0.349990842035,-0.438392143133,0.597978585236,0.00361769130911,0,1,3.73940388692,1,0,0,-2.95030931606e-17,1.33226762955e-15,0,B11: matched dividend levy,ok,slow,B11
21,2048,0.0858930663843,1.43982895289,1.43982895289,1.43982895289,1.95766061216,1.35964803891,0.0204394738723,0.538771328136,0.950240143837,0.22214732666,4.17916671008,0,0,0,0,0.29549877383,0,0,0.106806066508,0.153782466903,0.0269006773259,0.0269006773259,0,0.0396174180672,0.705912047533,1.41660707378,0,0,0.379890413644,0.29549877383,0.322399451155,0.215593384647,0.362201883612,0.733805133198,0.653521309061,0.224361552138,0.631362630691,0.356814005508,-0.419903786539,0.608833507838,0.00356557665269,0,1,3.92444783004,1,0,-1.7013516302e-16,5.67117210067e-17,1.33226762955e-15,0,B11: matched dividend levy,ok,slow,B11
22,2049,0.0932911293683,1.46838572572,1.46838572572,1.46838572572,2.0373219535,1.38745693166,0.0204530083907,0.535220257903,0.945954273446,0.222332278234,4.2548862512,0,0,0,0,0.296647865455,0,0,0.108112934986,0.1587514905,0.0270555947106,0.0270555947106,0,0.0398867593351,0.705365769856,1.4177041795,0,0,0.381458375027,0.296647865455,0.323703460166,0.21559052518,0.362809788319,0.733968836658,0.653773524955,0.224478630424,0.642742631272,0.363849485863,-0.401303617177,0.620186256159,0.00351842217646,0,1,4.11024489795,1,0,-1.08988471137e-16,-2.72471177842e-17,1.33226762955e-15,0,B11: matched dividend levy,ok,slow,B11
23,2050,0.101063340149,1.4978302113,1.4978302113,1.4978302113,2.12023598848,1.41553827162,0.0202394318122,0.531489596729,0.941451650513,0.222526583504,4.33290011572,0,0,0,0,0.295928330511,0,0,0.107512181997,0.161034994278,0.0272195083133,0.0272195083133,0,0.0401596974656,0.705001215624,1.41843727052,0,0,0.380628230152,0.295928330511,0.323147838825,0.215635656827,0.364935153147,0.734240643474,0.654095226905,0.224620829859,0.653466589131,0.371198296039,-0.383578339289,0.631404942764,0.00362694717815,0,1,4.29693141747,1,0,-5.23631817712e-17,-2.61815908856e-17,1.33226762955e-15,0,B11: matched dividend levy,ok,slow,B11
24,2051,0.10921205152,1.52819678523,1.52819678523,1.52819678523,2.20670343814,1.44399167664,0.0201007670329,0.52757821527,0.936730912008,0.222730301288,4.41330183918,0,0,0,0,0.294766629541,0,0,0.106711355028,0.163075949701,0.0276096941941,0.0276096941941,0,0.0407597489453,0.70498614789,1.41846758691,0,0,0.379233398689,0.294766629541,0.322376323735,0.215664968707,0.367336852117,0.734565371068,0.654449548873,0.224774414701,0.666390470616,0.378771244634,-0.366229731388,0.642001741308,0.00374917908793,0,1,4.48464237211,1,0,2.01245533122e-16,7.54670749206e-17,1.33226762955e-15,0,B11: matched dividend levy,ok,slow,B11
25,2052,0.117737327191,1.55952004581,1.55952004581,1.55952004581,2.29702203184,1.47290317813,0.0200219308458,0.523486082948,0.931792021024,0.22294343318,4.49618848195,0,0,0,0,0.293668524223,0,0,0.10585854002,0.165088515182,0.0278716529734,0.0278716529734,0,0.0411531735186,0.705137841469,1.41816243746,0,0,0.377924255147,0.293668524223,0.321540177196,0.215681637176,0.369856630785,0.734932095703,0.654836468817,0.224940482417,0.678422933138,0.386574620618,-0.349041264117,0.652284036415,0.00388268679656,0,1,4.67351065991,1,0,-1.4499943961e-16,-9.66662930732e-17,1.33226762955e-15,0,B11: matched dividend levy,ok,slow,B11
26,2053,0.126636719776,1.59183458175,1.59183458175,1.59183458175,2.39169604403,1.50247775206,0.0200791025279,0.519214374507,0.926636395389,0.223165917994,4.58166039877,0,0,0,0,0.293458991115,0,0,0.105839027018,0.168478223305,0.0280495849154,0.0280495849154,0,0.041418392696,0.705274921042,1.4178867987,0,0,0.377762765452,0.293458991115,0.321508576031,0.215669549013,0.37182490186,0.735292377121,0.655231365598,0.225111310783,0.690172804867,0.394575753917,-0.33145304799,0.663952952837,0.00395577529502,0,1,4.86366628444,1,0,9.28398094227e-17,9.28398094227e-17,1.33226762955e-15,0,B11: matched dividend levy,ok,slow,B11
27,2054,0.135905067694,1.62517471662,1.62517471662,1.62517471662,2.49132619212,1.53295898997,0.0202873139842,0.514765567507,0.921267025326,0.223397626692,4.6698209495,0,0,0,0,0.294842848457,0,0,0.107298273695,0.174378441546,0.0280809622653,0.0280809622653,0,0.0414742129906,0.705151369163,1.41813523129,0,0,0.379657413614,0.294842848457,0.322923810722,0.215625537027,0.372723286158,0.735596739516,0.65560907451,0.225279139418,0.704249552811,0.40275600896,-0.312888534504,0.677024814812,0.00391582821622,0,1,5.05523548395,1,0,1.33690605606e-16,0,1.33226762955e-15,0,B11: matched dividend levy,ok,slow,B11
28,2055,0.145534318475,1.65957423281,1.65957423281,1.65957423281,2.596003834,1.56425894224,0.0204179971403,0.510143527132,0.915688575819,0.223638357962,4.76077614887,0,0,0,0,0.296493338391,0,0,0.108877281184,0.180689930392,0.0279818650336,0.0279818650336,0,0.0413493835771,0.704699692796,1.41904418325,0,0,0.381901065607,0.296493338391,0.324475203424,0.21559792224,0.373583437746,0.735892859481,0.655999277585,0.225454721071,0.717572012293,0.411204231722,-0.293826628579,0.690265671704,0.00387413375331,0,1,5.24833980647,1,0,-1.71066469176e-16,0,1.33226762955e-15,0,B11: matched dividend levy,ok,slow,B11
29,2056,0.155513386181,1.69506607857,1.69506607857,1.69506607857,2.70585868892,1.59631457624,0.0204925368388,0.505353574633,0.90990746921,0.223887834655,4.85463425387,0,0,0,0,0.298039515896,0,0,0.110466262283,0.187247614023,0.0280089207374,0.0280089207374,0,0.0414278194707,0.704098589353,1.42025565045,0,0,0.384016034285,0.298039515896,0.326048436633,0.21558217435,0.374522732122,0.736191676401,0.656402622485,0.225637306379,0.729978647311,0.419929341015,-0.274479064451,0.702773526989,0.00383154791467,0,1,5.44309514064,1,0,-8.2060680343e-17,4.10303401715e-17,1.33226762955e-15,0,B11: matched dividend levy,ok,slow,B11
30,2057,0.165828050499,1.73168206306,1.73168206306,1.73168206306,2.82108494296,1.62910097825,0.0205388101429,0.50040253576,0.903931943659,0.224145701262,4.95150528902,0,0,0,0,0.299543028865,0,0,0.112078348762,0.194084066208,0.0281077193128,0.0281077193128,0,0.0416201062448,0.7034476415,1.42156990941,0,0,0.38608154824,0.299543028865,0.327650748178,0.215572399416,0.375522754382,0.736496399456,0.65681808468,0.225825967575,0.74272513279,0.428934259978,-0.254930714758,0.714914943379,0.00378796976225,0,1,5.63961071439,1,0,-2.36126819378e-16,-3.93544698963e-17,1.33226762955e-15,0,B11: matched dividend levy,ok,slow,B11
31,2058,0.176460904651,1.76945254508,1.76945254508,1.76945254508,2.94191576133,1.66261354085,0.0205712003391,0.495298765768,0.897772083318,0.224411522616,5.05150051152,0,0,0,0,0.301059639168,0,0,0.113725476815,0.20123183439,0.0282313953727,0.0282313953727,0,0.0418518477136,0.70278692673,1.4229063774,0,0,0.388169303628,0.301059639168,0.329291034541,0.215565557726,0.376562061675,0.736808711522,0.657245335964,0.226020315374,0.755810610988,0.438223555889,-0.235216930046,0.727356645994,0.00374322398646,0,1,5.83798807635,1,0,-1.13214291097e-16,3.77380970325e-17,1.33226762955e-15,0,B11: matched dividend levy,ok,slow,B11
32,2059,0.187391358359,1.80840612218,1.80840612218,1.80840612218,3.06860662016,1.69685701819,0.0205961737355,0.490052147988,0.891439816615,0.224684783959,5.1547318197,0,0,0,0,0.302612815451,0,0,0.115410656288,0.208709337396,0.0283581237987,0.0283581237987,0,0.0420886314617,0.702129705669,1.42423827382,0,0,0.390309398281,0.302612815451,0.33097093925,0.215560282962,0.377630750721,0.737129486114,0.65768430282,0.226220173968,0.770025366685,0.447802916772,-0.215354905588,0.739126884627,0.00369729231131,0,1,6.03832007638,1,-1.11022302463e-16,-2.53260262209e-16,7.23600749168e-17,1.33226762955e-15,0,B11: matched dividend levy,ok,slow,B11
33,2060,0.198595700915,1.84856932768,1.84856932768,1.84856932768,3.20142715571,1.7318404605,0.0206166117323,0.484674063561,0.884948879716,0.224964892523,5.26131111064,0,0,0,0,0.304208868196,0,0,0.117132033703,0.216526684792,0.0284791318427,0.0284791318427,0,0.0423167012515,0.70147894044,1.4255595462,0,0,0.392509791184,0.304208868196,0.332688000039,0.215555966335,0.378725145149,0.737459306529,0.658134826185,0.22642537859,0.785088698198,0.457678285329,-0.195355364682,0.75325820559,0.00365024786699,0,1,6.24068986432,1,0,-1.38716012656e-16,-3.46790031641e-17,1.33226762955e-15,0,B11: matched dividend levy,ok,slow,B11
34,2061,0.210047227727,1.88996634337,1.88996634337,1.88996634337,3.34065718959,1.76757496307,0.0206338305301,0.479177330691,0.878314743213,0.225251180693,5.37134959432,0,0,0,0,0.305846803384,0,0,0.118885566313,0.224689719044,0.0285910926861,0.0285910926861,0,0.0425308833826,0.700834187872,1.4268710307,0,0,0.394768982879,0.305846803384,0.33443789607,0.215552329757,0.379839929888,0.737798030737,0.6585965371,0.226635697871,0.799806055156,0.467855376259,-0.17522685683,0.767520580513,0.00360220588879,0,1,6.44516992682,1,0,-6.64673422994e-17,0,1.33226762955e-15,0,B11: matched dividend levy,ok,slow,B11
35,2062,0.221716431811,1.93261873644,1.93261873644,1.93261873644,3.48658456467,1.80407262899,0.0206484401981,0.47357611273,0.871554501191,0.225542910795,5.48495707393,0,0,0,0,0.307522683121,0,0,0.12066621706,0.233201791944,0.0286927782576,0.0286927782576,0,0.0427292838755,0.700194279223,1.42817505037,0,0,0.397081629709,0.307522683121,0.336215461378,0.215549244319,0.380971560746,0.738145361273,0.659068834327,0.226850812871,0.812531757183,0.478339430854,-0.154977371749,0.778758553491,0.00355330149159,0,1,6.65182118358,1,0,-1.27370841467e-16,3.18427103669e-17,1.33226762955e-15,0,B11: matched dividend levy,ok,slow,B11
36,2063,0.233571259439,1.97654522846,1.97654522846,1.97654522846,3.6392874472,1.84123661569,0.0206000501899,0.467885795469,0.864686723122,0.225793978665,5.60215166064,0,7.54884164505e-05,2.39721234819e-05,2.39721234819e-05,0.309258684457,0,4.31297033871e-05,0.122460682578,0.242049077824,0.0287854344628,0.0287854344628,0,0.0429111730481,0.699599873176,1.42938848096,0,0,0.399421735058,0.309234712334,0.338020146797,0.215559464218,0.382126393504,0.738497467313,0.659547335045,0.227068926511,0.827296870987,0.489150083962,-0.134562962698,0.793035473916,0.00350311792324,0,1,6.86070671158,1,0,-1.83039626421e-16,-6.1013208807e-17,1.33226762955e-15,0,B11: matched dividend levy,ok,slow,B11
37,2064,0.245577426807,2.02174847398,2.02174847398,2.02174847398,3.79905038631,1.87909150679,0.0205594928822,0.462122835133,0.857731270412,0.226019840543,5.72297782871,0,0.000274657211007,8.89364231293e-05,8.89364231293e-05,0.310932729039,0,0.00016360757215,0.12420108466,0.251103353377,0.0289253226529,0.0289253226529,0,0.0431605712478,0.69910465107,1.43040101145,0,0,0.401617262171,0.310843792616,0.339769115269,0.215568030609,0.383344078175,0.738852407617,0.660028241684,0.227288387435,0.845237318078,0.500274560888,-0.114025902431,0.810076599513,0.00345503165061,0,1,7.07185223937,1,0,4.67579173418e-16,1.46118491693e-16,1.33226762955e-15,0,B11: matched dividend levy,ok,slow,B11
38,2065,0.257698792185,2.06823212369,2.06823212369,2.06823212369,3.96610074471,1.91762844183,0.0205082801498,0.456304579751,0.85070908081,0.226212729309,5.84745959253,0,0.00065699368713,0.000216099609696,0.000216099609696,0.312668813198,0,0.00040719788001,0.125904174915,0.260399059066,0.0290303099058,0.0290303099058,0,0.0433509050435,0.698688991234,1.43125197698,0,0,0.403796657586,0.312452713588,0.341483023494,0.215578848579,0.384578057634,0.739209434722,0.66051063163,0.227508813523,0.861634844496,0.511717694069,-0.093366553979,0.828797785309,0.0034082442951,0,1,7.28525944694,1,0,-2.79928094642e-16,-8.39784283927e-17,1.33226762955e-15,0,B11: matched dividend levy,ok,slow,B11
39,2066,0.269897775684,2.11599415012,2.11599415012,2.11599415012,4.14070699808,1.95686126913,0.0204590349409,0.450449067672,0.843641925219,0.226374281593,5.97561867257,0,0.00127747180539,0.000426591916738,0.000426591916738,0.314456599008,0,0.000825403152535,0.127565153079,0.269927117676,0.0291243979499,0.0291243979499,0,0.0435194917489,0.698350916449,1.43194485243,0,0,0.405919813185,0.314030007091,0.343154405041,0.215589251961,0.385814432499,0.739565861128,0.660991561772,0.227728986471,0.880019955314,0.523476089199,-0.0725857270782,0.846051848791,0.00336147834402,0,1,7.50089930104,1,0,2.14499219605e-16,-5.36248049012e-17,1.33226762955e-15,0,B11: matched dividend levy,ok,slow,B11
40,2067,0.282135816755,2.1650294817,2.1650294817,2.1650294817,4.32331401149,1.9968845912,0.0204528152814,0.444574807958,0.836552142667,0.22653635112,6.10753943106,0,0.00213612300089,0.000724773392287,0.000724773392287,0.316297682917,0,0.001449631033,0.129176577628,0.279671098909,0.029194234081,0.029194234081,0,0.0436481316517,0.698048386051,1.43256544959,0,0,0.40799966486,0.315572909524,0.344767143606,0.215590565978,0.387033946817,0.739922345296,0.661471279182,0.227948992922,0.89785283405,0.535537309099,-0.051724866234,0.862964868285,0.00331536000775,0,1,7.71870330158,1,0,-2.05439257324e-16,2.56799071655e-17,1.33226762955e-15,0,B11: matched dividend levy,ok,slow,B11
41,2068,0.294373857826,2.2153395584,2.2153395584,2.2153395584,4.51396815394,2.03759651058,0.0203877177265,0.438700548244,0.829462360115,0.22664936472,6.24319236875,0,0.00331370801801,0.00114066756161,0.00114066756161,0.318291751918,0,0.00237310462085,0.130753015672,0.289662327998,0.0292062512989,0.0292062512989,0,0.0436849658728,0.697771528057,1.43313385512,0,0,0.410099985554,0.317151084356,0.346357335655,0.215604319984,0.388209661496,0.740275622652,0.661946425983,0.228167162534,0.913815342508,0.547929335821,-0.0307258896796,0.878731354234,0.00326790972967,0,1,7.93860176472,1,0,-1.47571669108e-16,-1.72166947292e-16,1.11022302463e-15,0,B11: matched dividend levy,ok,slow,B11
42,2069,0.306572841325,2.26690712511,2.26690712511,2.26690712511,4.71315352575,2.07911187606,0.0203746744101,0.432845036164,0.822395204525,0.226759155572,6.38264277208,0,0.00481266326606,0.00168048429511,0.00168048429511,0.320252658536,0,0.00359451099376,0.132232361506,0.299758482468,0.0292672632902,0.0292672632902,0,0.0437947413637,0.697549855649,1.4335892867,0,0,0.411996050825,0.318572174241,0.347839437531,0.215607076025,0.389384221733,0.740623588767,0.662413833006,0.228381975647,0.930029135154,0.560619299797,-0.0096556946519,0.895473119338,0.00322174843886,0,1,8.16047511185,1,0,-1.88446740563e-16,0,1.33226762955e-15,0,B11: matched dividend levy,ok,slow,B11
43,2070,0.318694206703,2.31972639785,2.31972639785,2.31972639785,4.92122927261,2.12146970314,0.0203730388777,0.427026780783,0.815373014922,0.22686824786,6.52595646915,0,0.0066293151775,0.00234830460819,0.00234830460819,0.322358560689,0,0.005138673663,0.133658939927,0.310052171257,0.0292561054631,0.0292561054631,0,0.0437928562592,0.697312678205,1.43407689442,0,0,0.413914258722,0.320010256081,0.349266361544,0.215607421617,0.390483644216,0.740967108696,0.662874806616,0.228593951183,0.946593615503,0.573614894523,0.011482514684,0.912650339119,0.00317537491429,0,1,8.3841860566,1,0,-1.35359231988e-16,0,7.77156117238e-16,0,B11: matched dividend levy,ok,slow,B11
44,2071,0.330700374071,2.37378984216,2.37378984216,2.37378984216,5.13851709851,2.16468914276,0.0203724048276,0.421263820446,0.808417562213,0.226976303367,6.67319312434,0,0.00875871028612,0.00314748043363,0.00314748043363,0.324538874473,0,0.00706636661725,0.135011329416,0.320488522343,0.0292274909698,0.0292274909698,0,0.0437651257798,0.697053538515,1.43461003315,0,0,0.415758786489,0.321391394039,0.350618885009,0.215607555594,0.391528258716,0.741305141819,0.66332781625,0.228802371536,0.963581654579,0.586918338619,0.0326801605609,0.930277003876,0.00312917696485,0,1,8.60958257609,1,0,-8.64236123645e-17,8.64236123645e-17,7.77156117238e-16,0,B11: matched dividend levy,ok,slow,B11
45,2072,0.342555201698,2.42908752574,2.42908752574,2.42908752574,5.36517153268,2.20871890199,0.0203399917127,0.415573503185,0.801549784144,0.227082996815,6.82440601175,0,0.0111946767023,0.00408057298882,0.00408057298882,0.326528598373,0,0.00936068377613,0.136027446856,0.330422574316,0.0291938262648,0.0291938262648,0,0.043729115049,0.696799979101,1.43513207519,0,0,0.417183247432,0.322448025384,0.351641851649,0.215614404793,0.39273641268,0.741651851896,0.663781439716,0.229010194143,0.980761885842,0.600551089012,0.0537754886534,0.946218925658,0.00310629539632,0,1,8.83649909632,1,0,-3.31090409427e-16,-4.13863011783e-17,1.55431223448e-15,0,B11: matched dividend levy,ok,slow,B11
46,2073,0.354224405783,2.48560742787,2.48560742787,2.48560742787,5.60137999715,2.25352561082,0.0202862884869,0.409972285224,0.794789542122,0.227188019652,6.97964188022,0,0.0139299007179,0.00514930729904,0.00514930729904,0.328266325042,0,0.0121375131886,0.136678547426,0.339729212713,0.0291872834376,0.0291872834376,0,0.0437317615258,0.696603422629,1.43553701793,0,0,0.41810560131,0.323117017743,0.35230430118,0.215625753754,0.394135685869,0.742013117442,0.664238488773,0.229218224164,0.998145798498,0.614510012152,0.0746821904188,0.961810348417,0.00310819677851,0,1,9.06475786553,1,0,1.982052682e-16,-7.92821072799e-17,1.11022302463e-15,0,B11: matched dividend levy,ok,slow,B11
47,2074,0.365675932595,2.54333578057,2.54333578057,2.54333578057,5.84781500798,2.29926974356,0.0202989185118,0.404475552354,0.788155405619,0.227291083393,7.13894091241,0,0.0169560165189,0.00635454409899,0.00635454409899,0.330383946134,0,0.0153569223076,0.13759416273,0.34994815727,0.0291878452719,0.0291878452719,0,0.0437436502729,0.696435436405,1.43588328182,0,0,0.419342128803,0.324029402035,0.353217247307,0.215623084577,0.395168617466,0.742351841129,0.664673518266,0.229417001442,1.01590407985,0.628730376016,0.0957403272778,0.977953321122,0.00307909475902,0,1,9.29417048601,1,0,0,-1.13911574471e-16,5.55111512313e-16,0,B11: matched dividend levy,ok,slow,B11
48,2075,0.376880275151,2.6022574323,2.6022574323,2.6022574323,6.10467489733,2.34591505881,0.0202870130334,0.399097467928,0.78166446872,0.227391922476,7.30233677797,0,0.0202637067067,0.00769626963449,0.00769626963449,0.332488652378,0,0.0189647090419,0.138272317416,0.359820165677,0.0291055353024,0.0291055353024,0,0.0436278333222,0.696237801245,1.43629087391,0,0,0.420384399532,0.324792382743,0.353897918046,0.21562560063,0.396247392855,0.742687294389,0.665099975708,0.229611578728,1.03467742164,0.643264681683,0.116774814502,0.997061954175,0.00306481464059,0,1,9.52453957115,1,0,-1.45491518326e-16,0,6.66133814775e-16,0,B11: matched dividend levy,ok,slow,B11
49,2076,0.387810728859,2.66235622443,2.66235622443,2.66235622443,6.37281295954,2.39367403244,0.0203583558807,0.393850850148,0.775332202016,0.22749029656,7.46985677833,0,0.0238428111428,0.0091736031848,0.0091736031848,0.335245866485,0,0.0231036538665,0.139507403507,0.371418404082,0.0290456644239,0.0290456644239,0,0.0435504200349,0.695989046383,1.43680422156,0,0,0.422094715248,0.3260722633,0.355117927724,0.215610524216,0.39669051047,0.742972200447,0.665484505965,0.22978946806,1.05454648747,0.658027588057,0.138209590334,1.01752081224,0.00299310709129,0,1,9.75566049204,1,0,-1.39369918016e-16,2.43897356527e-16,1.22124532709e-15,0,B11: matched dividend levy,ok,slow,B11
50,2077,0.39844358301,2.72361537107,2.72361537107,2.72361537107,6.65248162331,2.44251875429,0.020405753326,0.388747080155,0.769172341675,0.227585992247,7.64152207836,0,0.0276824415558,0.0107848214666,0.0107848214666,0.338215682981,0,0.0277717307258,0.140724036346,0.38327814847,0.028893684024,0.028893684024,0,0.0433364194165,0.695623524952,1.43755920283,0,0,0.423905908266,0.327430861514,0.356324545538,0.215600509192,0.39697155399,0.74322675592,0.66584103469,0.229955896212,1.07475919713,0.673082763414,0.159856484677,1.0360322609,0.00291693400361,0,1,9.9873231763,1,0,2.00266262274e-16,6.67554207581e-17,4.4408920985e-16,0,B11: matched dividend levy,ok,slow,B11
1,2028,0.00191263144382,0.983691823244,1.01067634336,1.01067634336,0.964017986779,0.98,-0.02,0.579081936907,0.972222084438,0.220047815786,3.03645923711,0,0,0,0,0.384011842212,0,0,0.134089388925,0.13190263547,-0.019274479298,-0.0323003244903,0.0130258451922,-0.0518968229791,0.590094701566,1.69464324514,0.04,0.0209285817639,0.492353057,0.384011842212,0.364737362914,0.230647973988,0.314352489698,0.744497872532,0.6730623008,0.233885158691,0.410654264445,0.252012304038,-0.776420465743,0.397115370749,0.00339455200746,0,1,0.191839242533,1,-0.0266994674334,-1.79947210505e-16,-2.87915536808e-17,1.33226762955e-15,0,B12: matched levy and monetary hybrid,ok,slow,B12
2,2029,0.00397057522745,1.0251662079,1.02646647771,1.02646647771,0.984569626072,0.9604,-0.02,0.578094123891,0.99643592345,0.220099264381,3.07991001111,0,0,0,0,0.214419459339,0,0,0.077345387798,0.0792918779078,0.0877004560629,0.0763016307219,0.011398825341,0.132060641094,0.654078855561,1.52886764569,0.04,0.0197287550477,0.274931731111,0.214419459339,0.302119915402,0.224774527604,0.370633615189,0.737385000079,0.66144333148,0.228603677538,0.49365786148,0.257975823161,-0.737599012465,0.436987178908,0.00414065212664,0,1,0.386848497765,1,-0.00126674356037,-3.66477365794e-16,-5.6381133199e-17,1.33226762955e-15,0,B12: matched levy and monetary hybrid,ok,slow,B12
3,2030,0.00618367993805,1.04344791826,1.04344791826,1.04344791826,1.00507786128,0.963227626116,0.00294421711356,0.57703183363,0.996417650024,0.220154591998,3.12483526116,0,0,0,0,0.237849756449,0,0,0.0827870589422,0.0863839843123,0.0642914761808,0.0510553284035,0.0132361477773,0.0796827359522,0.691787951266,1.44552965713,0.04,0.0206578334004,0.304996033841,0.237849756449,0.30214123263,0.219354173688,0.365982788401,0.734019711926,0.65581319633,0.225829841667,0.490064839392,0.26060764636,-0.723300201507,0.457172834851,0.00406099778448,0,1,0.580515719288,1,0,-9.66537204697e-17,-5.52306974113e-17,1.33226762955e-15,0,B12: matched levy and monetary hybrid,ok,slow,B12
4,2031,0.00856226692381,1.0608875445,1.0608875445,1.0608875445,1.0352178815,0.975803596588,0.0130560732802,0.575890111877,0.995039679121,0.220214056673,3.17096749534,0,0,0,0,0.2720684583,0,0,0.0924732921453,0.0981037638361,0.0375695158436,0.0232909601024,0.0142785557412,0.0346773942334,0.694937737988,1.4389778326,0.04,0.0212590251474,0.348901465367,0.2720684583,0.309637974143,0.217164681998,0.357390407255,0.733440009817,0.654108573501,0.22489357847,0.48200279111,0.263941036196,-0.70699844165,0.462878743419,0.00389904626621,0,1,0.77270483948,1,0,1.94382194134e-16,5.3622674244e-17,1.33226762955e-15,0,B12: matched levy and monetary hybrid,ok,slow,B12
5,2032,0.0111171200807,1.07876027748,1.07876027748,1.07876027748,1.0702461959,0.99210753144,0.0167082135272,0.574663782361,0.993559593114,0.220277928002,3.21833652435,0,0,0,0,0.281681025165,0,0,0.0951645978987,0.102659788035,0.0298681726343,0.0154993371226,0.0143688355117,0.0230578683973,0.687692310711,1.45413869608,0.04,0.0213760572875,0.361258242239,0.281681025165,0.3115491978,0.216384599901,0.355248190919,0.733849122209,0.653938796791,0.224697097494,0.4849739413,0.26797480771,-0.69061042121,0.470094715146,0.00386910593905,0,1,0.963521439567,1,0,2.10712313429e-16,1.29669115956e-16,1.33226762955e-15,0,B12: matched levy and monetary hybrid,ok,slow,B12
6,2033,0.0138594687037,1.09708189033,1.09708189033,1.09708189033,1.10826658793,1.01019495236,0.0182313109647,0.573347455022,0.991970886613,0.220346486718,3.26697447307,0,0,0,0,0.281778930967,0,0,0.0951723575898,0.104411869971,0.0294543526919,0.0152827742978,0.0141715783941,0.0230127531194,0.679382989449,1.47192381253,0.04,0.0213395178481,0.361415585471,0.281778930967,0.311233283659,0.21606092607,0.355806051179,0.734500241611,0.654274847081,0.224765032635,0.4924205754,0.272366907312,-0.674592766039,0.475793857125,0.00388786179588,0,1,1.15307313763,1,0,3.94445091738e-16,7.51323984263e-17,1.33226762955e-15,0,B12: matched levy and monetary hybrid,ok,slow,B12
7,2034,0.016800962325,1.11586914982,1.11586914982,1.11586914982,1.14867143642,1.02939617661,0.019007444265,0.571935538084,0.99026681077,0.220420024058,3.31691590953,0,0,0,0,0.279927790078,0,0,0.0947430661889,0.10572086472,0.0307116380441,0.0167667622948,0.0139448757492,0.0255791506702,0.672252259488,1.48753683738,0.04,0.0212741179003,0.35907514138,0.279927790078,0.310639428122,0.215896361934,0.356892213711,0.735139228826,0.654742570737,0.224918885544,0.501050714013,0.276957804011,-0.658682215169,0.48310983627,0.00390715682801,0,1,1.34146971134,1,0,-5.13467962318e-17,1.4497918936e-16,1.33226762955e-15,0,B12: matched levy and monetary hybrid,ok,slow,B12
8,2035,0.0199536363932,1.13513986234,1.13513986234,1.13513986234,1.19122250299,1.04940593006,0.0194383405611,0.570422254531,0.98844039317,0.22049884091,3.36819797888,0,0,0,0,0.277982942653,0,0,0.0942856027586,0.107027346136,0.0321077669436,0.0183560964025,0.0137516705411,0.0283168621381,0.666595167278,1.50016089088,0.04,0.0212138872199,0.356616458374,0.277982942653,0.310090709597,0.215805106838,0.358051151757,0.735696588885,0.655209589273,0.2250906753,0.509884350513,0.281704531581,-0.64274782379,0.491227984347,0.00393028741061,0,1,1.52882320383,1,0,-2.91250958007e-18,-1.39800459843e-16,1.33226762955e-15,0,B12: matched levy and monetary hybrid,ok,slow,B12
9,2036,0.023329867599,1.15491291761,1.15491291761,1.15491291761,1.23584278082,1.07007442897,0.0196954279676,0.568801663552,0.986484463707,0.22058324669,3.42086054116,0,0,0,0,0.276382452316,0,0,0.0939610337033,0.108516811576,0.0333292790618,0.0197296177445,0.0135996613174,0.0307062545829,0.662257272532,1.50998719301,0.04,0.021165877011,0.354601631467,0.276382452316,0.309711731378,0.215750697675,0.359139347753,0.736158673473,0.655628635582,0.225253302029,0.518753334617,0.286590944357,-0.626688034472,0.499826001997,0.00395125944329,0,1,1.71524800994,1,0,-1.79670592709e-16,4.49176481772e-17,1.33226762955e-15,0,B12: matched levy and monetary hybrid,ok,slow,B12
10,2037,0.0269423176208,1.17520832907,1.17520832907,1.17520832907,1.28252895072,1.09132050803,0.0198547675624,0.567067687542,0.984391687176,0.220673557941,3.47494631198,0,0,0,0,0.275180411007,0,0,0.0937787736177,0.110209595845,0.0343153519285,0.0208310020158,0.0134843499127,0.0326427979659,0.658981017145,1.51749439511,0.04,0.0211303762329,0.353100313496,0.275180411007,0.309495762936,0.215716989318,0.360148539876,0.73653564081,0.655990754,0.225398653674,0.527620428696,0.291613896358,-0.610464556851,0.508778487144,0.00396995587708,0,1,1.90086093948,1,0,1.51489000853e-16,4.32825716724e-17,1.33226762955e-15,0,B12: matched levy and monetary hybrid,ok,slow,B12
11,2038,0.030803864069,1.19604726964,1.19604726964,1.19604726964,1.33131943696,1.11309934878,0.0199564111509,0.565214145247,0.982154603277,0.220770096602,3.53050100452,0,0,0,0,0.274322358602,0,0,0.0937190410809,0.112092403199,0.0350921745554,0.0216939873771,0.0133981871783,0.0341728794199,0.656524523911,1.52317234708,0.04,0.0211051397298,0.352042904675,0.274322358602,0.309414533158,0.215695492077,0.361100059917,0.736844583093,0.656301844699,0.225526611057,0.537150985153,0.296774855326,-0.594071018325,0.517476957109,0.00398698960814,0,1,2.08578125432,1,0,1.19876984711e-16,-4.16963425082e-17,1.33226762955e-15,0,B12: matched levy and monetary hybrid,ok,slow,B12
12,2039,0.0349275174422,1.21745210166,1.21745210166,1.21745210166,1.38227967955,1.13538732051,0.0200233445045,0.563234791628,0.979765674725,0.220873187936,3.5875734711,0,0,0,0,0.273742960954,0,0,0.0937604752611,0.114148887659,0.035698852568,0.0223643543927,0.0133344981753,0.0353686972188,0.654684913286,1.52745233578,0.04,0.0210881933028,0.351345835768,0.273742960954,0.309441813522,0.215681338261,0.36201681784,0.737102941312,0.656572926844,0.22564025937,0.547510835937,0.302077382911,-0.577513708816,0.525692560458,0.00400292018073,0,1,2.27013067535,1,0,-1.20477394088e-16,-1.60636525451e-16,1.33226762955e-15,0,B12: matched levy and monetary hybrid,ok,slow,B12
13,2040,0.0393263230004,1.23944639915,1.23944639915,1.23944639915,1.43549446466,1.15817389573,0.0200694289995,0.56112336496,0.977217344096,0.220983158075,3.64621584239,0,0,0,0,0.273392482266,0,0,0.0938873053579,0.116368282552,0.0361664173436,0.0228762637651,0.0132901535785,0.0362876096235,0.65329154883,1.5307101428,0.0400070033514,0.0210815852555,0.350945534875,0.273392482266,0.30955889961,0.215671594252,0.362917378274,0.737326700405,0.656816433753,0.225743917221,0.558082464336,0.307526154804,-0.560801260953,0.534096511326,0.00401818710113,0,1,2.45403335525,1,0,-1.45014015897e-16,0,1.33226762955e-15,0,B12: matched levy and monetary hybrid,ok,slow,B12
14,2041,0.0440132465984,1.26205496114,1.26205496114,1.26205496114,1.4910781109,1.18146844378,0.0201131696476,0.558873641633,0.974502099969,0.221100331165,3.7064836617,0,0,0,0,0.273295011623,0,0,0.0941692884094,0.118846817624,0.036536623422,0.0232763006893,0.0132603227326,0.0370088671495,0.652214781712,1.53323725257,0.0400208286999,0.0210836562442,0.350873190165,0.273295011623,0.309831635045,0.215662346636,0.363759265253,0.73752445386,0.657040690216,0.225840742151,0.568275468469,0.31312335408,-0.543898692626,0.542699945076,0.00402589632827,0,1,2.63761581297,1,0,-1.0703299755e-16,-7.44577374259e-17,1.33226762955e-15,0,B12: matched levy and monetary hybrid,ok,slow,B12
15,2042,0.0490010437402,1.28530381375,1.28530381375,1.28530381375,1.54924429099,1.2053525979,0.0202156513346,0.556479499005,0.971612552782,0.221225026094,3.76843601173,0,0,0,0,0.27391096676,0,0,0.0951018851219,0.122234815642,0.0368316014976,0.0235935840831,0.0132380174146,0.0375857128523,0.651321044669,1.53534114733,0.0400339508943,0.0210887976801,0.351720299108,0.27391096676,0.310742568258,0.215640683136,0.364190624196,0.737681622279,0.657240926027,0.225929651248,0.577948859781,0.318854897024,-0.52653444861,0.551594736713,0.00398437757018,0,1,2.82100682527,1,0,2.7769114564e-16,3.58311155664e-17,1.33226762955e-15,0,B12: matched levy and monetary hybrid,ok,slow,B12
16,2043,0.0543021113941,1.30922019951,1.30922019951,1.30922019951,1.61008402513,1.22980383722,0.0202855491134,0.553934986531,0.968541520683,0.221357552785,3.83213563045,0,0,0,0,0.274788017781,0,0,0.0961596638532,0.125894174295,0.0369975560841,0.023772268915,0.0132252871691,0.0379318618577,0.650482051951,1.53732143262,0.0400646954004,0.0211027297276,0.352906547497,0.274788017781,0.311785573865,0.215625910012,0.364582490033,0.737824352471,0.657436879397,0.226018180798,0.587729090066,0.324751217422,-0.508886550152,0.560740702997,0.00393885952958,0,1,3.00433727086,1,0,-4.30964707159e-17,3.44771765728e-17,1.33226762955e-15,0,B12: matched levy and monetary hybrid,ok,slow,B12
17,2044,0.0599283224886,1.33383255155,1.33383255155,1.33383255155,1.67370239094,1.25480697633,0.0203309978003,0.551234405205,0.965282125407,0.221498208062,3.89764901265,0,0,0,0,0.275698769262,0,0,0.0972753539554,0.129749033569,0.0371928900635,0.0239822879449,0.0132106021186,0.0383252494706,0.649739152575,1.53907917668,0.040085664734,0.0211113978372,0.354140185825,0.275698769262,0.312891659325,0.21561630537,0.365003478827,0.737958971023,0.657630938949,0.226106837874,0.597739472866,0.330820210571,-0.491038147349,0.570117400474,0.00389075464396,0,1,3.18773992238,1,0,4.97500196556e-17,1.32666719082e-16,1.33226762955e-15,0,B12: matched levy and monetary hybrid,ok,slow,B12
18,2045,0.0658908434629,1.35917045079,1.35917045079,1.35917045079,1.7402294165,1.28036142596,0.0203652435063,0.548372395138,0.961827897976,0.221647271087,3.96504649325,0,0,0,0,0.276698321529,0,0,0.0984649763673,0.133830686316,0.03737572365,0.0241797243182,0.0131959993318,0.0386937281765,0.649080075297,1.54064196092,0.0400992993401,0.0211169657869,0.355492196854,0.276698321529,0.314074045179,0.215609068811,0.365439584674,0.738090675628,0.657826926817,0.226197018903,0.607818638326,0.337067118183,-0.473013859494,0.579717814511,0.00384022338861,0,1,3.37134918201,1,0,1.11645641355e-16,-3.18987546729e-17,1.33226762955e-15,0,B12: matched levy and monetary hybrid,ok,slow,B12
19,2046,0.0721999358085,1.38526456404,1.38526456404,1.38526456404,1.80980935824,1.30647199475,0.0203931235859,0.545344030812,0.958172893668,0.221804998395,4.03440230806,0,0,0,0,0.277784528031,0,0,0.0997204378108,0.13813918881,0.0375390875308,0.0243564769171,0.0131826106137,0.0390249643798,0.648482015638,1.54206281113,0.0401095730519,0.0211217291969,0.356960051732,0.277784528031,0.315323615561,0.215603177751,0.365897789299,0.738224115702,0.65802868923,0.226290219889,0.618032797221,0.34349905146,-0.454828062632,0.589945569995,0.00379031856009,0,1,3.55530075604,1,0,8.05149842544e-17,1.22689499816e-16,1.33226762955e-15,0,B12: matched levy and monetary hybrid,ok,slow,B12
20,2047,0.0788647431796,1.41214656096,1.41214656096,1.41214656096,1.88259804555,1.3331463586,0.0204170957816,0.542144923274,0.954311815352,0.221971618579,4.10579462738,0,0,0,0,0.278944682511,0,0,0.101034230486,0.14267514112,0.037687660658,0.0245170773703,0.0131705832878,0.0393274271488,0.647926213124,1.54338561976,0.0401179370758,0.0211267088215,0.358527643942,0.278944682511,0.316632343169,0.215598112683,0.366385835666,0.73836267867,0.658239200636,0.226387626681,0.628995115241,0.350123628217,-0.436489544408,0.601224586316,0.00373894677954,0,1,3.73973126498,1,0,-4.79154968655e-17,2.94864596095e-17,1.33226762955e-15,0,B12: matched levy and monetary hybrid,ok,slow,B12
21,2048,0.0858930663843,1.43984900827,1.43984900827,1.43984900827,1.9587663237,1.36039703639,0.0204408747844,0.538771328136,0.950240143837,0.22214732666,4.17930555772,0,0,0,0,0.280186330342,0,0,0.102419164048,0.147468131782,0.0378259223757,0.0246663301295,0.0131595922462,0.0396099244867,0.647397386782,1.54464633379,0.0401251287345,0.0211320635218,0.360204881908,0.280186330342,0.318012252718,0.21559308867,0.366896248907,0.738507943205,0.658460195948,0.226489963909,0.640216059031,0.356947874451,-0.41799408985,0.612471053377,0.00368497783944,0,1,3.92477778558,1,0,-9.56470065565e-17,2.83398537945e-17,1.33226762955e-15,0,B12: matched levy and monetary hybrid,ok,slow,B12
22,2049,0.0932911293683,1.46840523964,1.46840523964,1.46840523964,2.03847120269,1.38822114472,0.0204529321887,0.535220257903,0.945954273446,0.222332278234,4.25502110655,0,0,0,0,0.281414770198,0,0,0.103778299039,0.152388598069,0.0379540701194,0.0248043722958,0.0131496978236,0.0398730310542,0.646888313245,1.54586190464,0.0401322624353,0.0211381406238,0.361870195099,0.281414770198,0.319368840317,0.215590541279,0.367500911575,0.738666033796,0.658695861051,0.226598769178,0.651713565337,0.363984516246,-0.399391215656,0.623882225508,0.00363617638513,0,1,4.11057732261,1,0,1.19138934274e-16,2.72317564055e-17,1.33226762955e-15,0,B12: matched levy and monetary hybrid,ok,slow,B12
23,2050,0.101063340149,1.49784920014,1.49784920014,1.49784920014,2.12139344407,1.41629307134,0.0202215091777,0.531489596729,0.941451650513,0.222526583504,4.33303110527,0,0,0,0,0.280709066516,0,0,0.103167402242,0.154529210928,0.0380977807099,0.0249546770977,0.0131431036122,0.0401457236982,0.646557049627,1.54665392726,0.0401358796566,0.0211439083779,0.361052944782,0.280709066516,0.318806847226,0.215639444984,0.369645000223,0.738931264209,0.65900028019,0.226732270173,0.662530578741,0.371337486178,-0.381737803134,0.63512485473,0.00374802129096,0,1,4.29726620886,1,0,-7.85019177649e-17,-2.61673059216e-17,1.33226762955e-15,0,B12: matched levy and monetary hybrid,ok,slow,B12
24,2051,0.10921205152,1.52821526485,1.52821526485,1.52821526485,2.20785185461,1.44472569107,0.0200753786777,0.52757821527,0.936730912008,0.222730301288,4.41342908533,0,0,0,0,0.279485862535,0,0,0.10233199252,0.156385313051,0.0385164663131,0.0253932854679,0.0131231808452,0.0408752809215,0.646631473815,1.54647591479,0.0400664527533,0.0211242339756,0.359573855765,0.279485862535,0.318002328848,0.215670336329,0.372086144346,0.739240398619,0.659329132937,0.226873679962,0.675645974159,0.378914321833,-0.364480593258,0.644678848342,0.00387381677986,0,1,4.48497943338,1,0,-3.7713910321e-17,-7.5427820642e-17,1.33226762955e-15,0,B12: matched levy and monetary hybrid,ok,slow,B12
25,2052,0.117737327191,1.55953803153,1.55953803153,1.55953803153,2.29816472426,1.47361890367,0.0199990993301,0.523486082948,0.931792021024,0.22294343318,4.49631210313,0,0,0,0,0.27847076391,0,0,0.101483275787,0.158267028154,0.0386989768398,0.0255725959995,0.0131263808403,0.041165102695,0.646792860867,1.5460900398,0.0400226136033,0.0211299945972,0.358366141927,0.27847076391,0.31716974075,0.215686464963,0.37460471382,0.739591718272,0.659692340016,0.227028420307,0.687746829302,0.386719309866,-0.347358667941,0.654884878413,0.00401169585085,0,1,4.67384989938,1,0,-3.32125161166e-17,-9.66182287028e-17,1.33226762955e-15,0,B12: matched levy and monetary hybrid,ok,slow,B12
26,2053,0.126636719776,1.59185208837,1.59185208837,1.59185208837,2.39285603072,1.50318993091,0.0200669434696,0.519214374507,0.926636395389,0.223165917994,4.58178050956,0,0,0,0,0.278328496151,0,0,0.101481778286,0.161543980696,0.0388254018997,0.0256856500162,0.0131397518835,0.0413485951299,0.646883297372,1.54587389111,0.04,0.0211522885501,0.358285639879,0.278328496151,0.317153898051,0.215672119765,0.376578285959,0.739937374558,0.660064573705,0.227188430166,0.699574442096,0.394721328163,-0.329792019824,0.66621803848,0.00408816513392,0,1,4.86400761519,1,0,-7.8295615365e-17,-9.27948033956e-17,1.33226762955e-15,0,B12: matched levy and monetary hybrid,ok,slow,B12
27,2054,0.135905067694,1.62519175842,1.62519175842,1.62519175842,2.49254645651,1.53369375866,0.0202927302334,0.514765567507,0.921267025326,0.223397626692,4.66993766073,0,0,0,0,0.279817469893,0,0,0.10300210536,0.16739817273,0.0388090278411,0.0256467604618,0.0131622673793,0.0412984041328,0.646657692975,1.54641321191,0.0400200830409,0.0211949044537,0.360309831015,0.279817469893,0.318626497734,0.215624392374,0.37747262526,0.740230972176,0.660422477326,0.227346649846,0.713800922522,0.402900973643,-0.311181979713,0.680181151828,0.00404584546349,0,1,5.05557882352,1,0,1.28057440513e-16,0,1.33226762955e-15,0,B12: matched levy and monetary hybrid,ok,slow,B12
28,2055,0.145534318475,1.65959082354,1.65959082354,1.65959082354,2.59730018214,1.5650244297,0.0204282444657,0.510143527132,0.915688575819,0.223638357962,4.76088956775,0,0,0,0,0.281543729001,0,0,0.104635595708,0.173652274452,0.0386876238739,0.0254995564374,0.0131880674365,0.0410900871059,0.646076397067,1.54780457008,0.04008781907,0.0212513045494,0.362645078989,0.281543729001,0.320231352875,0.215595757167,0.378340749067,0.740521634969,0.660796215948,0.227513900481,0.727265682713,0.41135029477,-0.29207318114,0.692763385314,0.00400245037557,0,1,5.2486850765,1,0,-5.87747488471e-17,-4.27452718888e-17,1.33226762955e-15,0,B12: matched levy and monetary hybrid,ok,slow,B12
29,2056,0.155513386181,1.69508223147,1.69508223147,1.69508223147,2.70722743747,1.59710684662,0.0204996269151,0.505353574633,0.90990746921,0.223887834655,4.85474448405,0,0,0,0,0.283064195595,0,0,0.106251975216,0.180105835247,0.0387684561817,0.0255747322639,0.0131937239178,0.0412600564144,0.645417129158,1.54938559084,0.0401284733397,0.021285610639,0.364720730113,0.283064195595,0.321832651776,0.21558067656,0.379318830896,0.740812828134,0.661179042053,0.227686237097,0.739842905286,0.420078455441,-0.272706324573,0.705503765567,0.00395892658243,0,1,5.44344226656,1,0,-1.38407385218e-16,0,1.33226762955e-15,0,B12: matched levy and monetary hybrid,ok,slow,B12
30,2057,0.165828050499,1.73169779088,1.73169779088,1.73169779088,2.82252173175,1.62991588175,0.0205427928626,0.50040253576,0.903931943659,0.224145701262,4.95161243072,0,0,0,0,0.284585868953,0,0,0.107904897542,0.186858672699,0.0388905867235,0.0257000829539,0.0131905037696,0.0415151478935,0.644753230009,1.55098098537,0.0401498880745,0.0213075465852,0.366803237948,0.284585868953,0.323476455676,0.215571558134,0.380344189448,0.741107803542,0.661570676958,0.227863099571,0.752733343994,0.429085848713,-0.253150686172,0.717674215721,0.00391413725311,0,1,5.63995962515,1,0,-2.95008275437e-16,0,1.33226762955e-15,0,B12: matched levy and monetary hybrid,ok,slow,B12
31,2058,0.176460904651,1.76946786006,1.76946786006,1.76946786006,2.94341820492,1.66344824416,0.02057306318,0.495298765768,0.897772083318,0.224411522616,5.05160466158,0,0,0,0,0.286155922291,0,0,0.109603514593,0.193939896422,0.0390127565577,0.0258283520894,0.0131844044683,0.0417751337238,0.644099313475,1.55255560607,0.0401628378588,0.0213246380499,0.368953292417,0.286155922291,0.325168678849,0.215565164256,0.381398476722,0.741408792336,0.661972043056,0.228044660176,0.765941501055,0.438377027273,-0.233433350913,0.729632688803,0.00386795571968,0,1,5.8383387041,1,0,-2.31027857831e-16,7.5437667863e-17,1.33226762955e-15,0,B12: matched levy and monetary hybrid,ok,slow,B12
32,2059,0.187391358359,1.80842103609,1.80842103609,1.80842103609,3.07017356687,1.69770949663,0.020596524467,0.490052147988,0.891439816615,0.224684783959,5.15483307168,0,0,0,0,0.287778588859,0,0,0.111345294528,0.201359172895,0.0391269145536,0.025949156423,0.0131777581306,0.0420224495387,0.643456148705,1.55410745862,0.040171918954,0.0213402573497,0.371176242778,0.287778588859,0.326905503412,0.215560208884,0.382477956798,0.741717176769,0.662383740989,0.228231057223,0.780295053588,0.447957959891,-0.213568893899,0.741296779642,0.003820486047,0,1,6.03867235627,1,0,6.32827509839e-17,1.08484715972e-16,1.33226762955e-15,0,B12: matched levy and monetary hybrid,ok,slow,B12
33,2060,0.198595700915,1.84858385179,1.84858385179,1.84858385179,3.20305819387,1.73270917128,0.0206158207415,0.484674063561,0.884948879716,0.224964892523,5.26140955492,0,0,0,0,0.289448909151,0,0,0.113125149748,0.209121325054,0.0392323739907,0.0260612070645,0.0131711669262,0.0422549383549,0.642822420761,1.55563957899,0.0401789573401,0.0213553748739,0.373465545443,0.289448909151,0.328681283142,0.215556133394,0.383582541727,0.742033885289,0.662805869789,0.228422246668,0.795511829151,0.457834755196,-0.193567564296,0.755916554096,0.00377187339137,0,1,6.24104373422,1,0,-1.25647372626e-16,6.93226883452e-17,1.33226762955e-15,0,B12: matched levy and monetary hybrid,ok,slow,B12
34,2061,0.210047227727,1.8899804885,1.8899804885,1.8899804885,3.3423525287,1.76845874814,0.0206321853954,0.479177330691,0.878314743213,0.225251180693,5.37144531814,0,0,0,0,0.29116216754,0,0,0.114937913879,0.21723041462,0.0393284235404,0.026163638563,0.0131647849774,0.0424712018002,0.64219609006,1.55715678665,0.0401847462224,0.0213702783765,0.375814922571,0.29116216754,0.33049059108,0.215552677202,0.384708027505,0.74235896438,0.663238186355,0.228618055397,0.810362146716,0.468013183938,-0.17343775397,0.768425222119,0.00372225692734,0,1,6.44552532711,1,0,-4.15210175726e-18,-3.32168140581e-17,1.33226762955e-15,0,B12: matched levy and monetary hybrid,ok,slow,B12
35,2062,0.221716431811,1.93263251295,1.93263251295,1.93263251295,3.48834508056,1.80497071078,0.0206462054467,0.47357611273,0.871554501191,0.225542910795,5.48505016152,0,0,0,0,0.292914348668,0,0,0.116778417174,0.225689765841,0.0394137847797,0.0262548652343,0.0131589195454,0.0426686912655,0.641574071323,1.55866648092,0.0401896556186,0.0213855173301,0.378218952026,0.292914348668,0.332328133448,0.215549716274,0.385850802819,0.742692213978,0.663680274393,0.228818248767,0.823148689686,0.478498490963,-0.153187095555,0.780651552965,0.0036717731499,0,1,6.65217805697,1,0,-4.77399597368e-17,9.54799194735e-17,1.33226762955e-15,0,B12: matched levy and monetary hybrid,ok,slow,B12
36,2063,0.233571259439,1.97655864626,1.97655864626,1.97655864626,3.6411144541,1.84214845382,0.020597421789,0.467885795469,0.864686723122,0.225793978665,5.60224219264,0,7.54884164505e-05,2.39721234819e-05,2.39721234819e-05,0.294726706939,0,4.31468345596e-05,0.118632648618,0.234484387356,0.0394899331637,0.0263350407276,0.0131548924361,0.042845190738,0.640990741262,1.56008493669,0.040193861634,0.0214020506516,0.3806515665,0.294702734815,0.334192667979,0.21556001936,0.387017109841,0.743030311432,0.664128271235,0.229021255544,0.838027325655,0.489309887737,-0.132771703503,0.796113652317,0.00362003578917,0,1,6.86106500299,1,0,-2.05816255179e-16,0,1.33226762955e-15,0,B12: matched levy and monetary hybrid,ok,slow,B12
37,2064,0.245577426807,2.02176154262,2.02176154262,2.02176154262,3.80094173766,1.88001485711,0.0205555655447,0.462122835133,0.857731270412,0.226019840543,5.72306588256,0,0.000274657211007,8.89364231293e-05,8.89364231293e-05,0.296454942334,0,0.00016372628505,0.120426480889,0.243473627776,0.0396293351442,0.0264825583723,0.0131467767718,0.0431285705064,0.640520029621,1.56123142721,0.0401792265367,0.0214103819187,0.382911631893,0.296366005911,0.335995341055,0.215568860165,0.388252316163,0.743369583291,0.664576887029,0.229224811405,0.856184403304,0.500435647541,-0.112239104223,0.814607463351,0.00357056696702,0,1,7.07221189564,1,0,5.00206806864e-16,0,1.33226762955e-15,0,B12: matched levy and monetary hybrid,ok,slow,B12
38,2065,0.257698792185,2.06824485233,2.06824485233,2.06824485233,3.96805801766,1.91856298503,0.0205041613258,0.456304579751,0.85070908081,0.226212729309,5.84754524253,0,0.00065699368713,0.000216099609696,0.000216099609696,0.298274096958,0,0.000407231134787,0.122189371517,0.252717538649,0.039711092839,0.0265669108361,0.0131441820029,0.0433007226029,0.640111194604,1.56222857596,0.0401666696634,0.0214233631551,0.38519372008,0.298057997348,0.337769090187,0.21557971867,0.389494175185,0.743711146665,0.665027250351,0.229429436693,0.872717160734,0.511879451899,-0.0915804158407,0.833340191072,0.00352228779971,0,1,7.28562041659,1,0,-9.09317558861e-17,1.11916007244e-16,1.33226762955e-15,0,B12: matched levy and monetary hybrid,ok,slow,B12
39,2066,0.269897775684,2.11600654753,2.11600654753,2.11600654753,4.14273146772,1.95780654486,0.0204546632733,0.450449067672,0.843641925219,0.226374281593,5.97570199002,0,0.00127747180539,0.000426591916738,0.000426591916738,0.30012634672,0,0.000825218294426,0.123904472639,0.262182675372,0.0397948933894,0.0266518901849,0.0131430032045,0.0434691714655,0.639773541378,1.56305307319,0.0401512483977,0.0214362079351,0.387396317977,0.299699754803,0.339494648193,0.215590175554,0.390743757452,0.744051733764,0.665475891257,0.229633682918,0.891302277717,0.523638778542,-0.0707999182007,0.850676496736,0.00347414660128,0,1,7.50126153409,1,0,2.71342910153e-16,0,1.33226762955e-15,0,B12: matched levy and monetary hybrid,ok,slow,B12
40,2067,0.282135816755,2.16504155631,2.16504155631,2.16504155631,4.32540845177,1.99784084475,0.020448547377,0.444574807958,0.836552142667,0.22653635112,6.10762048481,0,0.00213612300089,0.000724773392287,0.000724773392287,0.302031603451,0,0.00144943651239,0.125568906509,0.271861900772,0.0398535441097,0.0267093214391,0.0131442226706,0.0435890015035,0.639463009706,1.56381211238,0.040136398982,0.0214510706704,0.389555256404,0.301306830058,0.341160374168,0.215591467659,0.391975897128,0.744392403986,0.665923381578,0.229837777678,0.909307765338,0.53570120812,-0.0499370583583,0.866615058421,0.0034266616789,0,1,7.71906674936,1,0,-1.47587966842e-16,0,1.33226762955e-15,0,B12: matched levy and monetary hybrid,ok,slow,B12
41,2068,0.294373857826,2.2153513183,2.2153513183,2.2153513183,4.51613810007,2.03856519856,0.0203841832136,0.438700548244,0.829462360115,0.22664936472,6.24327122465,0,0.00331370801801,0.00114066756161,0.00114066756161,0.304094106448,0,0.0023744858414,0.12719788903,0.281788011148,0.0398495169603,0.0266975588404,0.0131519581199,0.0435909379923,0.639154185607,1.5645677092,0.0401345642131,0.0214741053409,0.39174137198,0.302953438886,0.342802955846,0.215605066816,0.393162516357,0.744731259183,0.66636773095,0.230040625315,0.925370057056,0.548093811128,-0.0289312555715,0.881538985587,0.00337784571119,0,1,7.9389663798,1,2.22044604925e-16,-8.60421116469e-17,4.91669209411e-17,6.66133814775e-16,0,B12: matched levy and monetary hybrid,ok,slow,B12
42,2069,0.306572841325,2.26691857807,2.26691857807,2.26691857807,4.71539881493,2.08009183062,0.0203705194656,0.432845036164,0.822395204525,0.226759155572,6.38271949368,0,0.00481266326606,0.00168048429511,0.00168048429511,0.30607805469,0,0.00359552118704,0.128717229306,0.291791478433,0.039927612888,0.0267739061187,0.0131537067693,0.043737838342,0.63891906769,1.56514345959,0.0401152549641,0.0214878881597,0.393664629317,0.304397570395,0.344325183283,0.215607953977,0.394360906085,0.745063766951,0.666803189722,0.23023960833,0.941715893508,0.560785700527,-0.00785977556296,0.898303613359,0.00333054145744,0,1,8.16084084789,1,0,-2.58990888156e-16,-9.4178504784e-17,6.66133814775e-16,0,B12: matched levy and monetary hybrid,ok,slow,B12
43,2070,0.318694206703,2.31973755133,2.31973755133,2.31973755133,4.92355672049,2.12246282673,0.0203697718982,0.427026780783,0.815373014922,0.22686824786,6.52603111783,0,0.0066293151775,0.00234830460819,0.00234830460819,0.308244600875,0,0.00513873420611,0.130191299151,0.302009645498,0.0399031148246,0.0267408007929,0.0131623140317,0.0437007685569,0.638647677398,1.56580855985,0.0401111558397,0.0215103221338,0.395658690023,0.305896296267,0.345799411092,0.21560811194,0.395471085369,0.745393052689,0.667233607359,0.230436350174,0.958383234713,0.573782520244,0.0132874555765,0.91551205383,0.00328282874271,0,1,8.38455286827,1,0,-2.02942868111e-16,-9.01968302715e-17,1.7763568394e-15,0,B12: matched levy and monetary hybrid,ok,slow,B12
44,2071,0.330700374071,2.37380070334,2.37380070334,2.37380070334,5.14093125474,2.16569623874,0.0203694554578,0.421263820446,0.808417562213,0.226976303367,6.67326575933,0,0.00875871028612,0.00314748043363,0.00314748043363,0.310459137642,0,0.00706805288287,0.131582901257,0.312351583551,0.039879422854,0.0267083135015,0.0131711093525,0.0436664593713,0.63835198432,1.56653386308,0.0401109315695,0.0215339583828,0.397544937557,0.307311657208,0.347191080062,0.215608178805,0.396534387483,0.745717360265,0.66765674074,0.230629826522,0.975498675504,0.587087744166,0.0344945477836,0.933173399213,0.00323684504645,0,1,8.60995041905,1,0,-5.39893926611e-18,0,6.66133814775e-16,0,B12: matched levy and monetary hybrid,ok,slow,B12
45,2072,0.342555201698,2.42909810152,2.42909810152,2.42909810152,5.36766355592,2.20973519042,0.020334777746,0.415573503185,0.801549784144,0.227082996815,6.82447669022,0,0.0111946767023,0.00408057298882,0.00408057298882,0.312465194454,0,0.0093634471812,0.132625468449,0.322160273622,0.0398563535787,0.026676734398,0.0131796191807,0.043633087218,0.638064470147,1.56723974894,0.0401108366373,0.0215568916582,0.398988015782,0.308384621465,0.348240975044,0.215615506595,0.397766489822,0.746050929037,0.668081044449,0.230822949576,0.992808816541,0.600723467817,0.0555876466477,0.948782333384,0.00321424301576,0,1,8.83686792723,1,0,-3.15424037836e-16,0,6.66133814775e-16,0,B12: matched levy and monetary hybrid,ok,slow,B12
46,2073,0.354224405783,2.4856177249,2.4856177249,2.4856177249,5.60393559912,2.25454443094,0.0202781042313,0.409972285224,0.794789542122,0.227188019652,6.97971065734,0,0.0139299007179,0.00514930729904,0.00514930729904,0.314199064272,0,0.0121383537211,0.133290851121,0.331310102112,0.0398685775642,0.0266826453026,0.0131859322616,0.0436588377542,0.637845165313,1.56777859954,0.0401004333238,0.0215751650828,0.39990290631,0.309049756973,0.348918334537,0.215627483416,0.399194135804,0.746398170573,0.668508347196,0.231016139228,1.01032979623,0.614686090441,0.0764792177205,0.964358474508,0.00321635898729,0,1,9.06512764204,1,0,2.27832111154e-16,3.96229758529e-17,6.66133814775e-16,0,B12: matched levy and monetary hybrid,ok,slow,B12
47,2074,0.365675932595,2.54334580528,2.54334580528,2.54334580528,5.85045263579,2.30029775096,0.0202938205112,0.404475552354,0.788155405619,0.227291083393,7.13900784143,0,0.0169560165189,0.00635454409899,0.00635454409899,0.31632956861,0,0.0153548487454,0.134229899059,0.341393050715,0.0398790365075,0.026686866446,0.0131921700615,0.043679599354,0.637655530094,1.56824484821,0.0400834312694,0.0215922204303,0.401153678765,0.309975024511,0.349854061018,0.215624161959,0.400248330867,0.746722173943,0.668913404196,0.231200049857,1.02821512348,0.628908282025,0.097540894822,0.981213638551,0.00318646664952,0,1,9.29454116676,1,0,-1.80278679113e-16,0,3.33066907388e-16,0,B12: matched levy and monetary hybrid,ok,slow,B12
48,2075,0.376880275151,2.60226719091,2.60226719091,2.60226719091,6.10740202575,2.34695424324,0.0202828056792,0.399097467928,0.78166446872,0.227391922476,7.30240191028,0,0.0202637067067,0.00769626963449,0.00769626963449,0.318467307646,0,0.0189635789605,0.134930558604,0.351125365707,0.0397860104009,0.0265802379889,0.013205772412,0.0435150789415,0.637408452839,1.56885274355,0.0400881461534,0.0216194538676,0.402236330492,0.310771038011,0.350557048412,0.215626489808,0.401340553183,0.747044705211,0.669312299413,0.231380831899,1.04712207938,0.643444990165,0.118583178253,1.00172720228,0.00317177929744,0,1,9.5249111158,1,0,2.72674785435e-17,-3.6356638058e-17,8.881784197e-16,0,B12: matched levy and monetary hybrid,ok,slow,B12
49,2076,0.387810728859,2.662365723,2.662365723,2.662365723,6.37567009181,2.39473864794,0.0203601773812,0.393850850148,0.775332202016,0.22749029656,7.46992016354,0,0.0238428111428,0.0091736031848,0.0091736031848,0.321229716322,0,0.0231106628187,0.136196042039,0.362603673933,0.0397500682206,0.0265363517226,0.013213716498,0.043460300418,0.637124669507,1.56955153028,0.0400848417038,0.0216409585855,0.403951059446,0.312056113137,0.351806181358,0.215610139318,0.401803717442,0.747316285049,0.669669299993,0.231544995856,1.06718819108,0.658208755628,0.140051378112,1.02049163508,0.00309797829513,0,1,9.75603286126,1,0,-2.52494775063e-16,3.48268655259e-17,2.22044604925e-16,0,B12: matched levy and monetary hybrid,ok,slow,B12
50,2077,0.39844358301,2.72362461546,2.72362461546,2.72362461546,6.65549417972,2.44361654757,0.0204105361026,0.388747080155,0.769172341675,0.227585992247,7.64158376434,0,0.0276824415558,0.0107848214666,0.0107848214666,0.324242510443,0,0.0277974430496,0.137450482882,0.374363518585,0.0395922925551,0.0263650011125,0.0132272914425,0.0431974234999,0.636702354048,1.57059259109,0.0401080532143,0.0216720988465,0.405815645275,0.313457688976,0.353049981531,0.215599498649,0.402091246808,0.747560482164,0.670001707619,0.231699164347,1.08756873104,0.673265193754,0.161741655727,1.03794708205,0.00301968975592,0,1,9.98769633183,1,0,2.25197565015e-16,3.33626022244e-17,0,0,B12: matched levy and monetary hybrid,ok,slow,B12
1,2028,0.00191263144382,0.976825142671,1.01067634336,1.01067634336,0.957288639817,0.98,-0.02,0.579081936907,0.965435468607,0.220047815786,3.03494823905,0,0,0,0,0.274275393005,0,0,0.0225960872582,0.0220724261598,-0.0194099709913,-0.0325273825389,0.0131174115476,-0.0518968229791,0.594242825571,1.68281375385,0.04,0.0209285817639,0.351656676596,0.274275393005,0.254865422013,0.232269334755,0.368139239541,0.748179015264,0.675888857509,0.234975388007,0.353523631413,0.246576069668,-0.809998017023,0.38113817346,0.00272815596661,0,1,0.190500104839,1,-0.0334936113927,-1.81212165675e-16,2.8993946508e-17,1.33226762955e-15,0,B13: usownership and targeted income protection,ok,slow,B13
2,2029,0.00397057522745,1.02261358889,1.02626213174,1.02626213174,0.982118090773,0.9604,-0.02,0.578094123891,0.99415275463,0.220099264381,3.07792784337,0,0,0,0,0.146415252005,0,0,0.0126275833902,0.0129131383697,0.0915030756268,0.0798326547958,0.0116704208311,0.137827992441,0.659052110742,1.5173306992,0.04,0.0201485304253,0.187735753178,0.146415252005,0.237918327632,0.225290744242,0.395775727021,0.741330367242,0.664509740186,0.229695434304,0.463041387614,0.257216346968,-0.765351159175,0.409867335735,0.000275136723035,0,1,0.385023795556,1,-0.00355517634034,-1.83696078095e-16,2.82609350916e-17,1.33226762955e-15,0,B13: usownership and targeted income protection,ok,slow,B13
3,2030,0.00618367993805,1.0431792496,1.0431792496,1.0431792496,1.00354688603,0.962008098245,0.00167440467024,0.57703183363,0.996417650024,0.220154591998,3.12291287484,0,0,0,0,0.166737144895,0,0,0.0134388229749,0.0140191012664,0.0663339248206,0.0526789238654,0.0136550009552,0.0816753672684,0.697658256401,1.43336653845,0.04,0.0211712224971,0.213807946016,0.166737144895,0.233071069715,0.21963224674,0.393938859973,0.738323121085,0.659054074295,0.226968525245,0.456528277448,0.260688226042,-0.7503199216,0.428651587053,0.000264818981208,0,1,0.578641151328,1,0,-1.10629910777e-16,-1.10629910777e-16,1.33226762955e-15,0,B13: usownership and targeted income protection,ok,slow,B13
4,2031,0.00856226692381,1.06062643477,1.06062643477,1.06062643477,1.03238930723,0.973376934028,0.0118178171305,0.575890111877,0.995039679121,0.220214056673,3.16910295217,0,0,0,0,0.192915518063,0,0,0.0149290778256,0.0158341745886,0.0394440065042,0.0246379725695,0.0148060339347,0.036330222632,0.702805371074,1.42286903481,0.04,0.0218324177295,0.247395480406,0.192915518063,0.232359524567,0.217430446742,0.390457116704,0.738184253709,0.657607847379,0.226113229101,0.443639505399,0.26429799766,-0.738300657889,0.428508688168,0.000422901752804,0,1,0.770782969193,1,0,1.57948174783e-16,1.07539182831e-16,1.33226762955e-15,0,B13: usownership and targeted income protection,ok,slow,B13
5,2032,0.0111171200807,1.07850650634,1.07850650634,1.07850650634,1.06637768144,0.988754054952,0.0157977042462,0.574663782361,0.993559593114,0.220277928002,3.21652795359,0,0,0,0,0.200614586202,0,0,0.0154401141728,0.016652263594,0.0314040839965,0.0164201661948,0.0149839178017,0.0241329284809,0.696825207288,1.435080117,0.04,0.0220220558296,0.257289864436,0.200614586202,0.232018670199,0.216578556026,0.38969872902,0.738858136979,0.657601287035,0.225968037608,0.444439080651,0.268422147645,-0.724963874564,0.431852884155,0.000463323736102,0,1,0.961554680952,1,0,1.52913934322e-16,-2.60279037144e-17,1.33226762955e-15,0,B13: usownership and targeted income protection,ok,slow,B13
6,2033,0.0138594687037,1.09683524305,1.09683524305,1.09683524305,1.10372593193,1.00628233722,0.0177276464075,0.573347455022,0.991970886613,0.220346486718,3.26522006869,0,0,0,0,0.201105049788,0,0,0.0155097935258,0.0170116881515,0.0305725964793,0.0157360847608,0.0148365117185,0.0233734614339,0.688981885572,1.45141696892,0.04,0.0220372881652,0.257941568097,0.201105049788,0.231677646268,0.216167852742,0.390214102077,0.739633191957,0.658025285524,0.226064839612,0.450778931163,0.272831279301,-0.710494399624,0.436293946902,0.00047643309167,0,1,1.15106376377,1,0,3.52060278172e-16,-2.51471627265e-17,1.33226762955e-15,0,B13: usownership and targeted income protection,ok,slow,B13
7,2034,0.016800962325,1.11562941716,1.11562941716,1.11562941716,1.14371352155,1.02517332724,0.0187730513772,0.571935538084,0.99026681077,0.220420024058,3.31521392754,0,0,0,0,0.199964132574,0,0,0.0154908397987,0.017282036576,0.0314727412336,0.0168452850992,0.0146274561344,0.0253353303266,0.6817383369,1.46683844207,0.04,0.0219997127279,0.256502397118,0.199964132574,0.231436873808,0.215946034009,0.391038912148,0.740332819313,0.658551755982,0.226240794698,0.458499376781,0.277427498898,-0.695281535826,0.442625669614,0.000478107827713,0,1,1.33941986247,1,0,-1.09205747695e-16,4.85358878645e-17,1.33226762955e-15,0,B13: usownership and targeted income protection,ok,slow,B13
8,2035,0.0199536363932,1.13490684044,1.13490684044,1.13490684044,1.18600197094,1.04502143143,0.0193607301943,0.570422254531,0.98844039317,0.22049884091,3.36654673474,0,0,0,0,0.198561786639,0,0,0.0154672346709,0.0175538704307,0.0327269854749,0.0182978498725,0.0144291356024,0.0278323898127,0.675727915909,1.47988558184,0.04,0.02194778783,0.254729302611,0.198561786639,0.231288772114,0.215821537443,0.391939026325,0.740919072945,0.659061696766,0.226430933223,0.466558232095,0.282180129551,-0.679603542234,0.449366812351,0.000476120896863,0,1,1.52673489498,1,0,2.25250397425e-16,1.87221109548e-16,1.33226762955e-15,0,B13: usownership and targeted income protection,ok,slow,B13
9,2036,0.023329867599,1.15468640792,1.15468640792,1.15468640792,1.230436835,1.065602597,0.0196944913807,0.568801663552,0.986484463707,0.22058324669,3.41925840743,0,0,0,0,0.197291177998,0,0,0.015461873871,0.0178536155998,0.0339215917143,0.019658516816,0.0142630748983,0.030182332593,0.670983816326,1.49034891106,0.04,0.0218985427236,0.253126683716,0.197291177998,0.231212769712,0.215750895841,0.392852062431,0.741397991103,0.659517109183,0.226610391395,0.474644243093,0.287075492134,-0.663625684949,0.457317865821,0.000473063375021,0,1,1.71312313813,1,0,-2.42493096256e-16,9.02299893047e-17,1.33226762955e-15,0,B13: usownership and targeted income protection,ok,slow,B13
10,2037,0.0269423176208,1.17498813821,1.17498813821,1.17498813821,1.27696737278,1.08679171411,0.0198846335027,0.567067687542,0.984391687176,0.220673557941,3.47339171598,0,0,0,0,0.196247823856,0,0,0.0154795491627,0.0181882866511,0.0349423976451,0.020810667652,0.0141317299931,0.0321880335387,0.667344965157,1.49847537962,0.04,0.0218576648565,0.25181722737,0.196247823856,0.231190221501,0.215710672338,0.393767471919,0.741788886677,0.659913182139,0.226771925831,0.482673105731,0.292109678612,-0.647442459378,0.465642435786,0.000470218048869,0,1,1.89870129063,1,0,1.03243815766e-16,0,1.33226762955e-15,0,B13: usownership and targeted income protection,ok,slow,B13
11,2038,0.030803864069,1.19583320937,1.19583320937,1.19583320937,1.32560536529,1.10852028101,0.0199933129963,0.565214145247,0.982154603277,0.220770096602,3.52899242617,0,0,0,0,0.195436550907,0,0,0.0155198677226,0.0185591732278,0.0357710053495,0.0217391487364,0.0140318566131,0.0338163397329,0.664598456045,1.50466795537,0.04,0.0218272590185,0.250807303537,0.195436550907,0.231207556256,0.215687688534,0.394689753046,0.742113457437,0.660258692548,0.226916201065,0.491380977764,0.297283172651,-0.631107661608,0.474243209019,0.000468109796492,0,1,2.08358850972,1,-2.22044604925e-16,4.18760761571e-17,-1.67504304628e-16,1.33226762955e-15,0,B13: usownership and targeted income protection,ok,slow,B13
12,2039,0.0349275174422,1.21724398872,1.21724398872,1.21724398872,1.37640207824,1.1307528244,0.0200560547046,0.563234791628,0.979765674725,0.220873187936,3.58610944089,0,0,0,0,0.194825208408,0,0,0.0155804485337,0.0189652073192,0.0364296621198,0.022471828072,0.0139578340478,0.0351083275857,0.662542991164,1.50933601794,0.04,0.0218066909629,0.250055838653,0.194825208408,0.231254870528,0.215674421994,0.39562870837,0.742391251853,0.660566313519,0.227046820913,0.500947539229,0.302598975856,-0.614652253239,0.482078746139,0.000466882449467,0,1,2.2679064178,1,0,-4.0330621487e-17,-4.0330621487e-17,1.33226762955e-15,0,B13: usownership and targeted income protection,ok,slow,B13
13,2040,0.0393263230004,1.23924405525,1.23924405525,1.23924405525,1.42943491112,1.15347328484,0.0200932157239,0.56112336496,0.977217344096,0.220983158075,3.64479493939,0,0,0,0,0.194394910751,0,0,0.0156600067348,0.0194065702512,0.0369316611649,0.0230219297279,0.013909731437,0.0360866630788,0.660984206196,1.51289545291,0.0400168164114,0.0218033760774,0.249538777969,0.194394910751,0.231326571916,0.215666565181,0.39659221599,0.742640173123,0.660850631373,0.22716897184,0.510643198182,0.308061425667,-0.598092778935,0.489512988992,0.000466577956849,0,1,2.45177907495,1,0,-1.11648707156e-16,-3.88343329238e-17,1.33226762955e-15,0,B13: usownership and targeted income protection,ok,slow,B13
14,2041,0.0440132465984,1.2618582128,1.2618582128,1.2618582128,1.48479973903,1.17667716068,0.0201165264537,0.558873641633,0.974502099969,0.221100331165,3.70510451176,0,0,0,0,0.194060116668,0,0,0.0157531082862,0.0198781890681,0.0373546285926,0.0234803144239,0.0138743141686,0.0368991467471,0.659817912821,1.51556964515,0.0400279647172,0.0218033858184,0.249146487581,0.194060116668,0.231414745261,0.215661636975,0.397598921757,0.742870429874,0.661119934985,0.22728559763,0.519778983587,0.313674438855,-0.581441317302,0.497049739569,0.000466941262155,0,1,2.63533291304,1,0,-9.34657209525e-17,-7.4772576762e-17,1.33226762955e-15,0,B13: usownership and targeted income protection,ok,slow,B13
15,2042,0.0490010437402,1.28511249232,1.28511249232,1.28511249232,1.54260548113,1.2003661083,0.0201320705548,0.556479499005,0.971612552782,0.221225026094,3.7670972857,0,0,0,0,0.193827230193,0,0,0.0158603398208,0.0203823208362,0.0376914604924,0.0238422015456,0.0138492589468,0.0375412942357,0.658934891636,1.51760061987,0.0400349579361,0.0218066735186,0.248887338047,0.193827230193,0.231518690686,0.215658350865,0.398650286049,0.743092184988,0.661383684541,0.227400398426,0.527922804007,0.319432858757,-0.564704105591,0.504683376122,0.000467931656597,0,1,2.81869662703,1,0,1.12454123701e-16,0,1.33226762955e-15,0,B13: usownership and targeted income protection,ok,slow,B13
16,2043,0.0543021113941,1.30903414102,1.30903414102,1.30903414102,1.60297227569,1.22454581241,0.020143607804,0.553934986531,0.968541520683,0.221357552785,3.83083604253,0,0,0,0,0.193670798048,0,0,0.0159802693159,0.0209187181172,0.0379653831585,0.0241332027996,0.0138321803589,0.0380577929112,0.658253075591,1.51917254485,0.0400396211664,0.0218131948744,0.248728795534,0.193670798048,0.231636181206,0.21565591189,0.399754664212,0.743313096918,0.6616493236,0.227516366453,0.536111072927,0.325354647064,-0.547884842324,0.512411692152,0.000472157769185,0,1,3.0020010188,1,0,1.47178086802e-16,6.92602761422e-17,1.33226762955e-15,0,B13: usownership and targeted income protection,ok,slow,B13
17,2044,0.0599283224886,1.3336515967,1.3336515967,1.3336515967,1.66603112555,1.24922515721,0.020153876277,0.551234405205,0.965282125407,0.221498208062,3.89638731882,0,0,0,0,0.19357373337,0,0,0.0161144428798,0.0214910524766,0.0381944506914,0.0243733094432,0.0138211412482,0.0384838670074,0.657711675323,1.52042306305,0.0400430823412,0.0218226811966,0.248649053059,0.19357373337,0.231768184061,0.215653741182,0.400913955821,0.743538648009,0.661922507149,0.227635836274,0.544355522167,0.331446580295,-0.530982245262,0.520232600751,0.000474894802145,0,1,3.18537878894,1,0,-1.24947735925e-17,1.33277584986e-16,1.33226762955e-15,0,B13: usownership and targeted income protection,ok,slow,B13
18,2045,0.0658908434629,1.35899444488,1.35899444488,1.35899444488,1.73192107724,1.27441365472,0.0201632967185,0.548372395138,0.961827897976,0.221647271087,3.96382148982,0,0,0,0,0.193520758618,0,0,0.0162604383912,0.0220978454449,0.0383914295543,0.0245767776139,0.0138146519404,0.0388449328626,0.657266186572,1.5214535913,0.0400461628831,0.0218348082722,0.248628611977,0.193520758618,0.231912188172,0.215651749781,0.402136622531,0.743773244598,0.662207684915,0.227760657069,0.552506680536,0.337715904269,-0.513999040734,0.528145878715,0.000484161727269,0,1,3.36896427206,1,0,2.00323617371e-17,6.41035575588e-17,1.33226762955e-15,0,B13: usownership and targeted income protection,ok,slow,B13
19,2046,0.0721999358085,1.3850933569,1.3850933569,1.3850933569,1.80079254627,1.300123589,0.0201739318974,0.545344030812,0.958172893668,0.221804998395,4.03321283024,0,0,0,0,0.193506111418,0,0,0.0164236415278,0.0227482767762,0.03856703175,0.024755548039,0.013811483711,0.0391621784202,0.656884531605,1.52233756754,0.0400489890156,0.0218491543183,0.248660182883,0.193506111418,0.232073143168,0.21564950164,0.403417764561,0.74401936525,0.662507990515,0.227892185168,0.560647304027,0.34417013593,-0.496928555813,0.536407148448,0.00049056012151,0,1,3.55289311122,1,2.22044604925e-16,-8.86246225978e-17,3.08259556862e-17,1.33226762955e-15,0,B13: usownership and targeted income protection,ok,slow,B13
20,2047,0.0788647431796,1.41198000691,1.41198000691,1.41198000691,1.87280332326,1.32636674322,0.0201851227383,0.542144923274,0.954311815352,0.221971618579,4.10463954796,0,0,0,0,0.193524316159,0,0,0.0166024567055,0.0234423369337,0.0387252766359,0.0249140822078,0.0138111944282,0.0394443083261,0.656540881233,1.52313439815,0.0400521795692,0.0218660678259,0.248736833746,0.193524316159,0.232249592795,0.21564713609,0.404763483292,0.744279562278,0.662826220018,0.228031613208,0.569488597316,0.350817195648,-0.479770900062,0.545323098613,0.000500347437813,0,1,3.7373018677,1,0,3.11227068369e-16,1.18562692712e-16,1.33226762955e-15,0,B13: usownership and targeted income protection,ok,slow,B13
21,2048,0.0858930663843,1.4396869661,1.4396869661,1.4396869661,1.94812106717,1.35315600755,0.0201974789173,0.538771328136,0.950240143837,0.22214732666,4.17818378583,0,0,0,0,0.19356958226,0,0,0.0167993947706,0.0241858696895,0.0388743367781,0.0250614428878,0.0138128938903,0.0397070908233,0.656219313386,1.52388078132,0.0400555368215,0.0218850061704,0.248851214239,0.19356958226,0.232443919038,0.215644524267,0.406173202826,0.74455517143,0.663164168717,0.228179731613,0.578443539624,0.357664603277,-0.462522780023,0.554296798542,0.000509369827571,0,1,3.92232756297,1,0,-3.31251041806e-16,5.69894265473e-17,1.33226762955e-15,0,B13: usownership and targeted income protection,ok,slow,B13
22,2049,0.0932911293683,1.46824757252,1.46824757252,1.46824757252,2.02692180385,1.38050410693,0.020210603378,0.535220257903,0.945954273446,0.222332278234,4.25393158649,0,0,0,0,0.193640270892,0,0,0.017014814073,0.0249819594596,0.0390162932973,0.0252001460411,0.0138161472561,0.0399553648854,0.655907589545,1.5246050144,0.0400592436752,0.0219057938802,0.249001296405,0.193640270892,0.23265656419,0.215641750117,0.407648359375,0.744847329526,0.663523317889,0.228337190567,0.587579730867,0.364722963287,-0.445183364285,0.563606492474,0.000519853191631,0,1,4.10810715014,1,0,1.3693461466e-17,5.47738458639e-17,1.33226762955e-15,0,B13: usownership and targeted income protection,ok,slow,B13
23,2050,0.101063340149,1.49769577564,1.49769577564,1.49769577564,2.10939057211,1.40842393123,0.0202243688796,0.531489596729,0.941451650513,0.222526583504,4.33197281538,0,0,0,0,0.193733793865,0,0,0.0172492228124,0.0258340881391,0.0391542694917,0.0253337832514,0.0138204862403,0.040195496777,0.655597998965,1.52532497289,0.0400631810134,0.0219280833272,0.24918381742,0.193733793865,0.232888063356,0.215638840544,0.40919058642,0.745157041507,0.663904705758,0.228504449851,0.596882912687,0.372051429572,-0.427752354123,0.573093935997,0.000527414362018,0,1,4.29477691388,1,0,8.22381354557e-17,1.05264813383e-16,1.33226762955e-15,0,B13: usownership and targeted income protection,ok,slow,B13
24,2051,0.10921205152,1.52806595485,1.52806595485,1.52806595485,2.1957191754,1.43692696538,0.0202375389428,0.52757821527,0.936730912008,0.222730301288,4.41240103697,0,0,0,0,0.193847386128,0,0,0.0174997839853,0.0267408241251,0.039288454758,0.0254624943163,0.0138259604417,0.04042808031,0.65528449232,1.52605473153,0.0400673106639,0.0219521713842,0.249395269685,0.193847386128,0.233135840886,0.215636056901,0.410803941565,0.745485360998,0.664309282811,0.228681919766,0.608534538508,0.379611773867,-0.410235059027,0.581678032384,0.00053256029439,0,1,4.4824717984,1,0,-9.16455644545e-17,-7.58446050658e-17,1.33226762955e-15,0,B13: usownership and targeted income protection,ok,slow,B13
25,2052,0.117737327191,1.55939271221,1.55939271221,1.55939271221,2.28610750884,1.46602423555,0.0202496514211,0.523486082948,0.931792021024,0.22294343318,4.49531333968,0,0,0,0,0.193973744194,0,0,0.0177627564078,0.0276991128911,0.0394225090681,0.0255903380069,0.0138321710612,0.0406598701627,0.654966130514,1.52679650659,0.0400712616828,0.0219776026117,0.249626285236,0.193973744194,0.233396253262,0.215633496854,0.412496701706,0.745833445382,0.664737607729,0.228869812226,0.619154832225,0.387412776567,-0.392639663515,0.590332884472,0.000538685933785,0,1,4.67132466525,1,0,-1.09268780919e-16,-1.94255610523e-16,1.33226762955e-15,0,B13: usownership and targeted income protection,ok,slow,B13
26,2053,0.126636719776,1.59171064016,1.59171064016,1.59171064016,2.38076637608,1.49572812797,0.0202615289038,0.519214374507,0.926636395389,0.223165917994,4.5808101055,0,0,0,0,0.19411509992,0,0,0.0180393877605,0.0287134854404,0.0395552743744,0.0257159865305,0.0138392878439,0.0408888105702,0.654640774802,1.52755532269,0.0400748954263,0.0220046786229,0.249879741912,0.19411509992,0.233670374294,0.215630986534,0.41426867627,0.746201805237,0.66519009685,0.229068293931,0.628864977645,0.395437650307,-0.374969187587,0.600259378946,0.000547177259124,0,1,4.86146548411,1,0,1.16582525251e-17,-4.66330101004e-17,1.33226762955e-15,0,B13: usownership and targeted income protection,ok,slow,B13
27,2054,0.135905067694,1.62505406599,1.62505406599,1.62505406599,2.47991817749,1.52605271997,0.0202741336663,0.514765567507,0.921267025326,0.223397626692,4.66899472075,0,0,0,0,0.194274687611,0,0,0.0183335605811,0.0297930271664,0.0396871955365,0.0258401662146,0.0138470293219,0.0411161860291,0.654307169363,1.52833416295,0.0400784586711,0.0220330252066,0.250159791276,0.194274687611,0.233961883147,0.215628322566,0.416112987181,0.746590282224,0.66566672548,0.229277378979,0.640435103151,0.403675638096,-0.357221166422,0.611648795755,0.0005581147138,0,1,5.05302046179,1,0,7.83449353582e-17,0,1.33226762955e-15,0,B13: usownership and targeted income protection,ok,slow,B13
28,2055,0.145534318475,1.65945677572,1.65945677572,1.65945677572,2.58379651384,1.5570134466,0.0202881107759,0.510143527132,0.915688575819,0.223638357962,4.75997322594,0,0,0,0,0.194460445963,0,0,0.0186509732947,0.0309504840076,0.0398158959667,0.0259604511645,0.0138554448023,0.0413381953058,0.653962011765,1.52914080942,0.0400822400999,0.022062755368,0.250476627687,0.194460445963,0.23427634193,0.215625368635,0.418019827924,0.746997986976,0.666167308436,0.22949703818,0.650991557715,0.412172679247,-0.339388776327,0.622124725057,0.000574679328329,0,1,5.24611111727,1,0,-9.66795098617e-17,0,1.33226762955e-15,0,B13: usownership and targeted income protection,ok,slow,B13
29,2056,0.155513386181,1.69495172123,1.69495172123,1.69495172123,2.69264578934,1.58862683558,0.020303863814,0.505353574633,0.90990746921,0.223887834655,4.85385390309,0,0,0,0,0.19467975377,0,0,0.0189978888732,0.0322005044453,0.0399401745782,0.0260755369829,0.0138646375952,0.0415529305872,0.65360136042,1.52998457555,0.0400864332328,0.0220941307551,0.250839714236,0.19467975377,0.234619928348,0.215622039475,0.419975185504,0.747423908371,0.666691408475,0.229727158266,0.660025468067,0.420936646812,-0.321462196058,0.631562129581,0.000590716909489,0,1,5.4408533123,1,0,-1.80388588501e-16,-1.64926709487e-16,1.33226762955e-15,0,B13: usownership and targeted income protection,ok,slow,B13
30,2057,0.165828050499,1.73157071524,1.73157071524,1.73157071524,2.80671450436,1.62090665986,0.0203193245671,0.50040253576,0.903931943659,0.224145701262,4.95074680116,0,0,0,0,0.194929081988,0,0,0.0193696915129,0.033539990587,0.0400593817103,0.0261846357649,0.0138747459454,0.041759241508,0.653222743244,1.53087137633,0.0400911591442,0.0221274365623,0.251244444099,0.194929081988,0.234988463698,0.215618772185,0.421985125852,0.747867522265,0.667238743158,0.22996762919,0.669098039241,0.429975579363,-0.303445081128,0.640344915429,0.000601177867341,0,1,5.63735625003,1,0,-2.47224785176e-16,-3.95559656282e-17,1.33226762955e-15,0,B13: usownership and targeted income protection,ok,slow,B13
31,2058,0.176460904651,1.76934412007,1.76934412007,1.76934412007,2.92625806988,1.65386599288,0.0203338870939,0.495298765768,0.897772083318,0.224411522616,5.05076320111,0,0,0,0,0.195200053216,0,0,0.0197620972911,0.0349659506423,0.0401777388815,0.0262926295397,0.0138851093418,0.0419649887056,0.65282990146,1.53179258144,0.0400957973701,0.0221616653376,0.25167992938,0.195200053216,0.235377792097,0.215615694806,0.424051046464,0.748328772108,0.667808585487,0.230218098001,0.678254625067,0.439297046653,-0.285345789487,0.649172986662,0.000623356239132,0,1,5.83572145621,1,0,-1.80215115722e-16,7.58800487251e-17,1.33226762955e-15,0,B13: usownership and targeted income protection,ok,slow,B13
32,2059,0.187391358359,1.80830053675,1.80830053675,1.80830053675,3.05154748681,1.68752230329,0.0203500831129,0.490052147988,0.891439816615,0.224684783959,5.15401502447,0,0,0,0,0.195506842252,0,0,0.0201870442502,0.0365042429529,0.0402924743357,0.0263967357105,0.0138957386253,0.0421655426964,0.652422965244,1.53274800746,0.0401001661282,0.0221967354876,0.252164330336,0.195506842252,0.235799316588,0.215612272338,0.426150112668,0.748805695149,0.668399592047,0.23047805281,0.688460079086,0.448907507609,-0.267153111791,0.656772780547,0.00064064386931,0,1,6.03604175968,1,0,-6.36690171624e-17,3.63822955214e-17,1.33226762955e-15,0,B13: usownership and targeted income protection,ok,slow,B13
33,2060,0.198595700915,1.84846650194,1.84846650194,1.84846650194,3.18285482276,1.72188937123,0.0203654007242,0.484674063561,0.884948879716,0.224964892523,5.26061419094,0,0,0,0,0.195845954199,0,0,0.0206363550755,0.0381456110792,0.0403994364674,0.0264925705042,0.0139068659632,0.0423537195238,0.652000100942,1.53374209384,0.0401050249339,0.0222329313181,0.252693010044,0.195845954199,0.236245390666,0.21560903559,0.428291587797,0.749298293468,0.669011056654,0.230747157005,0.699380379079,0.458813835258,-0.248875181754,0.667325227171,0.000655588674887,0,1,6.2384002909,1,0,-1.78766966075e-16,0,1.33226762955e-15,0,B13: usownership and targeted income protection,ok,slow,B13
34,2061,0.210047227727,1.88986620077,1.88986620077,1.88986620077,3.32045978066,1.75698140922,0.0203799608611,0.479177330691,0.878314743213,0.225251180693,5.37067193256,0,0,0,0,0.196216389913,0,0,0.0211125935488,0.0398999769584,0.0405021626304,0.0265840047165,0.0139181579139,0.0425357540971,0.651564219147,1.53476813277,0.0401096202173,0.022269757654,0.253264522672,0.196216389913,0.236718552543,0.215605958994,0.43046394815,0.749804643176,0.669641432034,0.231024753693,0.709542313709,0.469021940066,-0.230513544289,0.677154460107,0.00067316219091,0,1,6.44286951872,1,0,-3.34358220838e-17,0,1.33226762955e-15,0,B13: usownership and targeted income protection,ok,slow,B13
35,2062,0.221716431811,1.9325212036,1.9325212036,1.9325212036,3.46464658207,1.79281167814,0.0203930836891,0.47357611273,0.871554501191,0.225542910795,5.48429807404,0,0,0,0,0.196615096506,0,0,0.0216103459258,0.0417624517188,0.0405984356008,0.0266687648567,0.0139296707441,0.0427077204435,0.651117098314,1.53582205503,0.0401139882583,0.0223071629753,0.253874745607,0.196615096506,0.237213532106,0.215603186181,0.432667519263,0.750323894026,0.670289392387,0.231310234711,0.716897883085,0.479537260954,-0.212076458664,0.683284378127,0.000689826778773,0,1,6.64951034649,1,0,-1.44199516241e-16,6.40886738851e-17,1.33226762955e-15,0,B13: usownership and targeted income protection,ok,slow,B13
36,2063,0.233571259439,1.97645023514,1.97645023514,1.97645023514,3.61549239292,1.82928582194,0.020344659869,0.467885795469,0.864686723122,0.225793978665,5.60151075183,7.54884164505e-05,7.54884164505e-05,2.39721234819e-05,0,0.197049879657,2.39721234819e-05,4.31309891893e-05,0.0221255319101,0.0437300127463,0.0406890705934,0.0267464014209,0.0139426691725,0.042866178716,0.650697549436,1.53681230376,0.0401179251067,0.0223457705252,0.254518660702,0.197049879657,0.237738950251,0.215613418341,0.434901401477,0.750808425495,0.670913579314,0.231587723864,0.726416737408,0.490375840888,-0.193515897488,0.693011768447,0.0007065153333,0,0.999924511584,6.85838583539,1,0,-1.07475833549e-16,-6.1414762028e-17,1.33226762955e-15,0,B13: usownership and targeted income protection,ok,slow,B13
37,2064,0.245577426807,2.02165595266,2.02165595266,2.02165595266,3.77329736195,1.86643892447,0.0203101680945,0.462122835133,0.857731270412,0.226019840543,5.72235446277,0.000274657211007,0.000274657211007,8.89364231293e-05,0,0.197421940285,8.89364231293e-05,0.000163581736724,0.0226457757111,0.0457819672691,0.0408445426186,0.0268931805822,0.0139513620364,0.0431336864261,0.650377580143,1.53756837648,0.0401033979607,0.0223764412489,0.255073644812,0.197421940285,0.238266482903,0.215620707192,0.437164932901,0.751223121756,0.671482421174,0.231844916918,0.739601692537,0.501527674061,-0.174843150098,0.705515827605,0.00072386413107,0,0.999725342789,7.06952170052,1,0,4.1927991842e-16,5.88463043396e-17,1.33226762955e-15,0,B13: usownership and targeted income protection,ok,slow,B13
38,2065,0.257698792185,2.06814200959,2.06814200959,2.06814200959,3.9382981502,1.9042687262,0.0202684380544,0.456304579751,0.85070908081,0.226212729309,5.84685324359,0.00065699368713,0.00065699368713,0.000216099609696,0,0.197873048242,0.000216099609696,0.000407848368897,0.0231801375056,0.0479398161633,0.0409366155667,0.0269709136265,0.0139657019403,0.0432830300233,0.650099969332,1.53822496104,0.0400930504284,0.0224122143116,0.255720216314,0.197873048242,0.238809663809,0.215629526303,0.439407248199,0.751534002577,0.671967677706,0.232070861524,0.750526027038,0.512996587577,-0.156040278992,0.719060089837,0.000739214220607,0,0.999343006313,7.28291960982,1,0,-2.32571014277e-16,-5.63808519459e-17,1.33226762955e-15,0,B13: usownership and targeted income protection,ok,slow,B13
39,2066,0.269897775684,2.11590638104,2.11590638104,2.11590638104,4.11075799968,1.94278822377,0.0202279736275,0.450449067672,0.843641925219,0.226374281593,5.9750288359,0.00127747180539,0.00127747180539,0.000426591916738,0,0.198314844159,0.000426591916738,0.000827761399712,0.0237079305371,0.0501637615045,0.0410311650106,0.0270497389413,0.0139814260693,0.0434306422434,0.649875871461,1.53875538993,0.0400805314163,0.0224483613312,0.256344688963,0.198314844159,0.239346009169,0.215638078632,0.441641549157,0.751706242022,0.672338604289,0.232253333457,0.763658831583,0.524781224705,-0.137115607029,0.731193562652,0.000748219288321,0,0.998722528195,7.4985505194,1,0,5.73914574274e-17,-8.10232340152e-17,1.33226762955e-15,0,B13: usownership and targeted income protection,ok,slow,B13
40,2067,0.282135816755,2.1649439979,2.1649439979,2.1649439979,4.29111171122,1.98208901263,0.0202290647962,0.444574807958,0.836552142667,0.22653635112,6.10696561941,0.00213612300089,0.00213612300089,0.000724773392287,0,0.198753506182,0.000724773392287,0.00145586238054,0.0242213459423,0.052437857519,0.0411056877604,0.0271069376875,0.0139987500729,0.0435409554401,0.649668785804,1.53924587706,0.0400683920883,0.0224857178692,0.256965542557,0.198753506182,0.239859193943,0.215637848,0.443852231095,0.7517400297,0.672594250542,0.232391840678,0.775850812027,0.536871902308,-0.118114806825,0.7425778246,0.000764243646981,0,0.997863876999,7.7163459202,1,0,1.29363099744e-17,2.58726199489e-17,1.33226762955e-15,0,B13: usownership and targeted income protection,ok,slow,B13
41,2068,0.294373857826,2.21525630272,2.21525630272,2.21525630272,4.47940025985,2.0220686222,0.0201704410376,0.438700548244,0.829462360115,0.22664936472,6.24263411595,0.00331370801801,0.00331370801801,0.00114066756161,0,0.199260830605,0.00114066756161,0.00237212712655,0.024729733524,0.0547826980535,0.0411191424777,0.0270970782983,0.0140220641794,0.0435392070587,0.649457477783,1.53974668736,0.0400687194389,0.0225304569362,0.257659102501,0.199260830605,0.240379973082,0.215650239558,0.446006324612,0.751586833974,0.672694151253,0.232468371685,0.785392555706,0.549290176184,-0.0989728363408,0.753068380533,0.000782386786769,0,0.996686291982,7.93623611923,1,0,-2.54047089839e-16,-9.91403277422e-17,4.4408920985e-16,0,B13: usownership and targeted income protection,ok,slow,B13
42,2069,0.306572841325,2.26682604248,2.26682604248,2.26682604248,4.67612562776,2.06285155549,0.0201689165478,0.432845036164,0.822395204525,0.226759155572,6.38209962822,0.00481266326606,0.00481266326606,0.00168048429511,0,0.199657509844,0.00168048429511,0.00356686663956,0.0252218533424,0.0571735539963,0.0412149053142,0.0271756081929,0.0140392971213,0.0436812291265,0.649310303949,1.5400956891,0.0400511323113,0.0225663304378,0.258208695625,0.199657509844,0.240872415158,0.215650561815,0.448106894205,0.751236742881,0.672628140898,0.232478409382,0.795047253314,0.56200882908,-0.0797190184184,0.763845111212,0.000811174663463,0,0.995187336734,8.1581015304,1,-2.22044604925e-16,-1.54325401722e-16,-1.42454216974e-16,9.99200722163e-16,0,B13: usownership and targeted income protection,ok,slow,B13
43,2070,0.318694206703,2.31964743542,2.31964743542,2.31964743542,4.88165961746,2.10448344129,0.0201817167523,0.427026780783,0.815373014922,0.22686824786,6.52542799985,0.0066293151775,0.0066293151775,0.00234830460819,0,0.200174259639,0.00234830460819,0.00511725030357,0.0257258439554,0.0596748879552,0.0411994403675,0.0271355945863,0.0140638457812,0.0436283080795,0.649107790641,1.54057617921,0.0400506749643,0.0226116952982,0.258913515174,0.200174259639,0.241373700006,0.215647856051,0.450070750717,0.750693488922,0.672401231273,0.232424065109,0.804804346209,0.575032871893,-0.0603282294142,0.774895857803,0.000828501435511,0,0.993370684822,8.38180486014,1,0,-1.93313267389e-16,-1.36456424039e-16,4.4408920985e-16,0,B13: usownership and targeted income protection,ok,slow,B13
44,2071,0.330700374071,2.37371294917,2.37371294917,2.37371294917,5.09632606997,2.14698498896,0.0201957149396,0.421263820446,0.808417562213,0.226976303367,6.67267891032,0.00875871028612,0.00875871028612,0.00314748043363,0,0.200669534757,0.00314748043363,0.00703421832885,0.0262126283713,0.0622212553967,0.0411879907437,0.0271004297748,0.0140875609689,0.0435862062334,0.648866628689,1.54114875968,0.0400545150257,0.0226573284194,0.259590405354,0.200669534757,0.241857525501,0.215644897129,0.451944997348,0.749957607813,0.672012165892,0.23230455395,0.814889690699,0.588365278966,-0.0408134319144,0.785248950552,0.000850351317897,0,0.991241289714,8.60719407847,1,0,-6.53543165831e-17,8.71390887775e-17,7.77156117238e-16,0,B13: usownership and targeted income protection,ok,slow,B13
45,2072,0.342555201698,2.42901265334,2.42901265334,2.42901265334,5.32044199827,2.19037228602,0.0202084771355,0.415573503185,0.801549784144,0.227082996815,6.82390564832,0.0111946767023,0.0111946767023,0.00408057298882,0,0.201149650875,0.00408057298882,0.0093649348583,0.0266813237496,0.0648092729956,0.0411738724162,0.02706381073,0.0141100616862,0.0435435682056,0.648597870644,1.54178736203,0.0400587144819,0.0227019926923,0.26024741343,0.201149650875,0.242323523291,0.215642199541,0.453715714419,0.749030617578,0.671460672894,0.232119557753,0.825327039927,0.602016850513,-0.0211776989866,0.794965515033,0.000860484531454,0,0.988805323298,8.8341036044,1,0,-1.77370521329e-16,1.25202720938e-16,4.4408920985e-16,0,B13: usownership and targeted income protection,ok,slow,B13
46,2073,0.354224405783,2.48553452895,2.48553452895,2.48553452895,5.55432012842,2.2346582048,0.0202184437147,0.409972285224,0.794789542122,0.227188019652,6.97915497683,0.0139299007179,0.0139299007179,0.00514930729904,0,0.20160120417,0.00514930729904,0.0120423759588,0.0271187086431,0.0674044867128,0.0411575973915,0.0270268229606,0.0141307744309,0.0435013437388,0.64831390602,1.54246267235,0.0400625431407,0.0227443557353,0.260867079311,0.20160120417,0.242758801562,0.215640092919,0.45539068399,0.747915742369,0.670747723332,0.231869226264,0.836169416919,0.615987152838,-0.00143568305107,0.803742663966,0.000873134095672,0,0.986070099282,9.06235567914,1,0,1.19930756487e-16,-3.99769188292e-17,4.4408920985e-16,0,B13: usownership and targeted income protection,ok,slow,B13
47,2074,0.365675932595,2.54326480959,2.54326480959,2.54326480959,5.79828058214,2.27985719783,0.0202263562875,0.404475552354,0.788155405619,0.227291083393,7.13846709215,0.0169560165189,0.0169560165189,0.00635454409899,0,0.202022869726,0.00635454409899,0.0151436209981,0.0275209385269,0.0699930344824,0.0411364892788,0.0269866407535,0.0141498485254,0.0434542051972,0.64802298536,1.54315513892,0.0400655331144,0.0227842519174,0.261447571504,0.202022869726,0.243159359005,0.215638420478,0.456965673731,0.746616650177,0.669875029391,0.231554074024,0.846822777965,0.630241840096,0.0184046519023,0.812972194244,0.000888664690436,0,0.983043983481,9.29176189793,1,0,-2.15408841468e-16,-1.53179620599e-16,4.4408920985e-16,0,B13: usownership and targeted income protection,ok,slow,B13
48,2075,0.376880275151,2.60218834518,2.60218834518,2.60218834518,6.0526630348,2.32598960257,0.0202347782041,0.399097467928,0.78166446872,0.227391922476,7.30187567707,0.0202637067067,0.0202637067067,0.00769626963449,0,0.202423941702,0.00769626963449,0.0188459806236,0.0278949697201,0.0725879650946,0.0411076684271,0.0269400036086,0.0141676648185,0.0433964803957,0.647727757891,1.54385849274,0.0400679068863,0.0228220752113,0.262000809454,0.202423941702,0.243531610129,0.215636640409,0.458424064334,0.745136490918,0.668844647311,0.231174822951,0.859003235442,0.644803747011,0.0383517063381,0.82540484888,0.0008995651794,0,0.979736293293,9.52212486702,1,0,-1.3757039896e-16,-1.10056319168e-16,5.55111512313e-16,0,B13: usownership and targeted income protection,ok,slow,B13
49,2076,0.387810728859,2.66228897837,2.66228897837,2.66228897837,6.31780366553,2.37307208829,0.0202419158148,0.393850850148,0.775332202016,0.22749029656,7.46940804567,0.0238428111428,0.0238428111428,0.0091736031848,0,0.202799242116,0.0091736031848,0.0230107605175,0.028231244819,0.0751597319273,0.0410671345182,0.0268821220279,0.0141850124903,0.0433202214854,0.647426549229,1.5445767573,0.0400704334612,0.0228589797418,0.262519993228,0.202799242116,0.243866376634,0.215635131815,0.459773045502,0.743480908161,0.667660229239,0.230732759259,0.871449543235,0.659624981344,0.0583973516119,0.839028145994,0.000910169307361,0,0.976157188857,9.75323995023,1,0,-3.38278844286e-16,0,5.55111512313e-16,0,B13: usownership and targeted income protection,ok,slow,B13
50,2077,0.39844358301,2.72354992443,2.72354992443,2.72354992443,6.59404581238,2.42112169608,0.0202478500447,0.388747080155,0.769172341675,0.227585992247,7.64108537491,0.0276824415558,0.0276824415558,0.0107848214666,0,0.203139687943,0.0107848214666,0.0276246604192,0.028527515687,0.0776961131935,0.0410217053264,0.0268204519036,0.0142012534229,0.0432375842268,0.64712457812,1.54529751119,0.0400725747444,0.0228940173419,0.262993272913,0.203139687943,0.244161393269,0.215633877582,0.46101115548,0.741655015061,0.666325317318,0.230229189967,0.884250450706,0.674734286996,0.0785358745175,0.851130272166,0.000921064634774,0,0.972317558444,9.9848970678,1,0,8.41837512366e-17,-3.36735004947e-17,1.11022302463e-15,0,B13: usownership and targeted income protection,ok,slow,B13
1,2028,0.00695643999543,0.980879653245,1.01634339757,1.01634339757,0.96126206018,0.98,-0.02,0.576660908802,0.961217127214,0.220173911,3.03596410948,0,0,0,0,0.228252217645,0,0,0.0185348091441,0.0181804171662,0.0228888252507,0.0228888252507,0,0.036670265526,0.647068250253,1.54543203071,0,0,0.292696308657,0.228252217645,0.251141042895,0.232606233751,0.381045153191,0.743782637987,0.671705582102,0.233328212479,0.385994602798,0.248194080922,-0.810232991718,0.380140262234,0.00129968467865,0,1,0.193476302431,1,-0.0348934665333,1.15496394856e-16,0,1.33226762955e-15,0,B0: targeted tax-transfer comparator,ok,medium,B0
2,2029,0.0148127274627,1.03629546695,1.03873073528,1.03873073528,0.995258166455,0.9604,-0.02,0.572889890818,0.98909429482,0.220370318187,3.08217502469,0,0,0,0,0.148424578387,0,0,0.0129463435646,0.0134162371496,0.0895391064818,0.0895391064818,0,0.143270446265,0.714504748845,1.39957082387,0,0,0.190378306328,0.148424578387,0.237963684868,0.225017341304,0.397774365759,0.736881338497,0.660334765312,0.228033256009,0.464382924355,0.260602384292,-0.757493560595,0.412342401896,1.08102588933e-05,0,1,0.395421356862,1,-0.00234446546392,5.57756299845e-17,2.78878149923e-17,1.33226762955e-15,0,B0: targeted tax-transfer comparator,ok,medium,B0
3,2030,0.0236626568198,1.06391817269,1.06391817269,1.06391817269,1.02386721898,0.962355231121,0.00203585081276,0.568641924726,0.986291671152,0.22059156642,3.13193589947,0,0,0,0,0.168912280149,0,0,0.013931794883,0.0148222897543,0.0645725375344,0.0645725375344,0,0.0929716679485,0.759112486738,1.31732782357,0,0,0.216718568688,0.168912280149,0.233484817683,0.2195530228,0.397218672152,0.733734435398,0.654589047275,0.225159444722,0.458550426369,0.265843597755,-0.738223377099,0.431448539622,2.83630559359e-05,0,1,0.600631184169,1,0,1.35542847262e-16,1.0843427781e-16,1.33226762955e-15,0,B0: targeted tax-transfer comparator,ok,medium,B0
4,2031,0.0336032988689,1.09118422497,1.09118422497,1.09118422497,1.06228610333,0.973516734402,0.0115981115087,0.563870416543,0.980532825422,0.220840082472,3.18499695974,0,0,0,0,0.198590021151,0,0,0.0159232830965,0.0173752353247,0.0348109316814,0.0348109316814,0,0.0475781305159,0.766469181047,1.30468389953,0,0,0.2548771012,0.198590021151,0.233400952832,0.217477669736,0.394406447454,0.733551957985,0.652963169198,0.224194321096,0.446105265502,0.271887766278,-0.720120089806,0.436401630848,0.000184680012937,0,1,0.809355012175,1,0,5.22563093477e-17,-7.83844640215e-17,1.33226762955e-15,0,B0: targeted tax-transfer comparator,ok,medium,B0
5,2032,0.0447331081546,1.12070007317,1.12070007317,1.12070007317,1.10797234947,0.988643059811,0.0155378175584,0.558528108086,0.974085067384,0.221118327704,3.24170446819,0,0,0,0,0.207180099249,0,0,0.0167233662561,0.0187418777868,0.0261772477378,0.0261772477378,0,0.0356218694987,0.761041759517,1.31398834229,0,0,0.265996885814,0.207180099249,0.233357346987,0.21663398073,0.39512877625,0.734250306665,0.652884459961,0.223987496405,0.451074990564,0.278870837719,-0.699678323391,0.440828157166,0.00025984461385,0,1,1.0223764719,1,0,-2.7555862014e-16,1.00203134596e-16,1.33226762955e-15,0,B0: targeted tax-transfer comparator,ok,medium,B0
6,2033,0.0571494119133,1.15274016095,1.15274016095,1.15274016095,1.15969092178,1.00602977242,0.01758644076,0.552568282282,0.9668920131,0.221428735298,3.30245199606,0,0,0,0,0.207435569641,0,0,0.0170439506515,0.0196472464173,0.0258062303409,0.0258062303409,0,0.0354919136904,0.752907917953,1.32818366782,0,0,0.266431062955,0.207435569641,0.233241799982,0.21619784933,0.397600253398,0.735102870757,0.65333768087,0.224073000029,0.460167707425,0.286625074159,-0.676974347337,0.449150383193,0.000299742428449,0,1,1.24056014367,1,0,9.57343895495e-17,4.78671947747e-17,1.33226762955e-15,0,B0: targeted tax-transfer comparator,ok,medium,B0
7,2034,0.0709452248035,1.18760726642,1.18760726642,1.18760726642,1.21721080594,1.02492704479,0.0187840090761,0.545946292094,0.95889977701,0.22177363062,3.36768485152,0,0,0,0,0.205594338318,0,0,0.0172769256807,0.0205182024797,0.0276262987287,0.0276262987287,0,0.0385127367379,0.744955189603,1.34236261987,0,0,0.264183207364,0.205594338318,0.233220637046,0.215943711366,0.400738994149,0.735923510835,0.653984759572,0.224284541392,0.471086376587,0.295146723299,-0.652342040399,0.458239990384,0.000324529928793,0,1,1.46485754146,1,0,-2.73631244286e-16,4.56052073809e-17,1.33226762955e-15,0,B0: targeted tax-transfer comparator,ok,medium,B0
8,2035,0.0862053699267,1.22563248503,1.22563248503,1.22563248503,1.28070073222,1.04493047293,0.0195169287802,0.538621422435,0.950059219112,0.222155134248,3.43790430968,0,0,0,0,0.203326422361,0,0,0.0175381813166,0.02149536475,0.0300002307205,0.0300002307205,0,0.0423717404577,0.738024739425,1.35496812855,0,0,0.26139713883,0.203326422361,0.233326653082,0.215788471765,0.404250505482,0.736672651955,0.65469964122,0.224553501511,0.484135661589,0.304481906162,-0.626015089239,0.46899562713,0.000342291435691,0,1,1.69631234736,1,0,1.30033074476e-16,4.33443581586e-17,1.33226762955e-15,0,B0: targeted tax-transfer comparator,ok,medium,B0
9,2036,0.103001941447,1.26717413739,1.26717413739,1.26717413739,1.35055906111,1.06580383963,0.0199758426422,0.530559068105,0.940328573577,0.222575048536,3.51367139624,0,0,0,0,0.201124573247,0,0,0.0178598594201,0.0226315519546,0.032426669049,0.032426669049,0,0.0463337383871,0.732276717367,1.36560398041,0,0,0.25870609487,0.201124573247,0.233551242296,0.215691382876,0.408068346344,0.737357395033,0.65543910458,0.224851591155,0.498545567055,0.314760477479,-0.598132238094,0.480999509816,0.000356765741387,0,1,1.93606441053,1,0,1.23307050013e-16,0,1.33226762955e-15,0,B0: targeted tax-transfer comparator,ok,medium,B0
10,2037,0.121389218408,1.31261529573,1.31261529573,1.31261529573,1.42734885927,1.08740837007,0.0202706442223,0.521733175164,0.92967639529,0.22303473046,3.59560991114,0,0,0,0,0.199146586188,0,0,0.0182555447935,0.0239625073279,0.0347380186458,0.0347380186458,0,0.0501356175982,0.727619054324,1.37434553707,0,0,0.256313369458,0.199146586188,0.233884604833,0.21562906004,0.412175963783,0.73800035132,0.656196890769,0.225169769385,0.515650540458,0.326069694029,-0.568766964899,0.493889490076,0.000370051653593,0,1,2.18535190802,1,0,3.88910887979e-17,0,1.33226762955e-15,0,B0: targeted tax-transfer comparator,ok,medium,B0
11,2038,0.14139823101,1.36235961477,1.36235961477,1.36235961477,1.51176575304,1.10966718086,0.0204695967047,0.512128849115,0.91808470773,0.223534955775,3.68440831271,0,0,0,0,0.19744946473,0,0,0.0187455117357,0.025538128147,0.0368830676381,0.0368830676381,0,0.0536880143642,0.723871924926,1.38145984886,0,0,0.254292792958,0.19744946473,0.234332532369,0.215587020633,0.416562689141,0.738625926517,0.656982914278,0.225508341965,0.53310905859,0.338353274751,-0.537943441057,0.508021969963,0.000383713065253,0,1,2.44551094946,1,0,-3.6719413123e-17,-3.6719413123e-17,1.33226762955e-15,0,B0: targeted tax-transfer comparator,ok,medium,B0
12,2039,0.163031283134,1.41682517621,1.41682517621,1.41682517621,1.60461666377,1.13254386689,0.0206158084377,0.501744984096,0.905552176207,0.224075782078,3.78082002338,0,0,0,0,0.19606222311,0,0,0.0193586394579,0.0274278077611,0.0388525523406,0.0388525523406,0,0.0569697897105,0.720837733224,1.38727476922,0,0,0.252682180272,0.19606222311,0.234914775451,0.215556135993,0.421190747396,0.73925512977,0.657813001217,0.225871813884,0.547493692022,0.351787462748,-0.5056532303,0.524585397317,0.000399094002678,0,1,2.71797181219,1,0,-6.91892992071e-17,-3.45946496035e-17,1.33226762955e-15,0,B0: targeted tax-transfer comparator,ok,medium,B0
13,2040,0.186256836159,1.47643612421,1.47643612421,1.47643612421,1.70679057364,1.15602059964,0.0207292039084,0.490596718644,0.892097071779,0.224656420904,3.88566167733,0,0,0,0,0.194973290424,0,0,0.0200918893895,0.0296643912982,0.0406507882649,0.0406507882649,0,0.0599846869704,0.718336883133,1.39210448952,0,0,0.251466956947,0.194973290424,0.235624078689,0.215532189299,0.426062933804,0.739909101,0.658705291591,0.226266498229,0.563110552409,0.36648486057,-0.47192251979,0.537939961845,0.00041648887206,0,1,3.00425094026,1,0,1.30094815588e-16,6.5047407794e-17,1.33226762955e-15,0,B0: targeted tax-transfer comparator,ok,medium,B0
14,2041,0.211005241898,1.54161199376,1.54161199376,1.54161199376,1.81924929186,1.18009544505,0.0208256197267,0.478717483889,0.877759743265,0.225275131047,3.99980882061,0,0,0,0,0.194185161965,0,0,0.0209638177497,0.0323180728778,0.0422904883137,0.0422904883137,0,0.0627518469549,0.716222657101,1.39621385904,0,0,0.250650482187,0.194185161965,0.236475650279,0.215511832529,0.431147720813,0.740602833947,0.659675340583,0.226698316554,0.580208742536,0.382546169624,-0.436775274765,0.552550170243,0.000436584496475,0,1,3.30593786009,1,0,3.35645404e-16,-3.05132185454e-17,1.33226762955e-15,0,B0: targeted tax-transfer comparator,ok,medium,B0
15,2042,0.237165855518,1.61275482113,1.61275482113,1.61275482113,1.9429979938,1.20476960809,0.0209086164539,0.466160389351,0.862604289796,0.225929146388,4.12418861145,0,0,0,0,0.193691590209,0,0,0.0219700753884,0.0354323450033,0.0437727972602,0.0437727972602,0,0.0652734222155,0.714379543076,1.39981611973,0,0,0.250224626473,0.193691590209,0.237464387469,0.215494312081,0.436426054706,0.741348968417,0.660736421406,0.227172466888,0.595415241029,0.400069034386,-0.40027976816,0.565418676486,0.00045936387976,0,1,3.62467628839,1,-1.11022302463e-16,-3.42838138229e-16,-1.71419069114e-16,1.33226762955e-15,0,B0: targeted tax-transfer comparator,ok,medium,B0
16,2043,0.264586041452,1.69023437256,1.69023437256,1.69023437256,2.07906498161,1.23004538031,0.0209797558438,0.452998700103,0.846719136716,0.226614651036,4.25976916727,0,0,0,0,0.19348401869,0,0,0.0231047148563,0.0390523832183,0.0450999931268,0.0450999931268,0,0.0675527724004,0.71272608047,1.40306357155,0,0,0.250178024382,0.19348401869,0.238584011817,0.21547929696,0.441865668508,0.742157532155,0.661897851118,0.227692613001,0.615465492764,0.419146005253,-0.362536726667,0.584680916965,0.000484731276525,0,1,3.9621389627,1,2.22044604925e-16,-2.67000559012e-17,1.06800223605e-16,1.33226762955e-15,0,B0: targeted tax-transfer comparator,ok,medium,B0
17,2044,0.293072490725,1.77437211722,1.77437211722,1.77437211722,2.22847723647,1.25592439987,0.0210390770735,0.439325204452,0.830216272421,0.227326812268,4.40754537441,0,0,0,0,0.193544094726,0,0,0.0243442648144,0.0431957847009,0.0462669479424,0.0462669479424,0,0.069580627225,0.711207029509,1.4060603432,0,0,0.250486360597,0.193544094726,0.239811042668,0.215466777854,0.447459851745,0.743039681614,0.663165770464,0.228260992249,0.634692785097,0.439853563401,-0.323693283354,0.605852471841,0.000512180863728,0,1,4.31999612709,1,0,9.96396109824e-17,7.47297082368e-17,1.33226762955e-15,0,B0: targeted tax-transfer comparator,ok,medium,B0
18,2045,0.322395092313,1.86542486976,1.86542486976,1.86542486976,2.39225362495,1.2824175681,0.0210945565089,0.42525035569,0.813229005593,0.228059877308,4.56852121887,0,0,0,0,0.193923566879,0,0,0.025732819331,0.0480026411491,0.0472643232848,0.0472643232848,0,0.0713405450067,0.709781315275,1.40888465007,0,0,0.251215814775,0.193923566879,0.241187890164,0.215455070833,0.453084551182,0.743991978767,0.664538120941,0.228876878334,0.649089013052,0.46225186885,-0.283846844219,0.622343829536,0.000542822411511,0,1,4.699878149,1,-1.11022302463e-16,-1.39227255804e-16,-1.39227255804e-16,1.33226762955e-15,0,B0: targeted tax-transfer comparator,ok,medium,B0
19,2046,0.352293356219,1.9635692868,1.9635692868,1.9635692868,2.57138684242,1.30954729212,0.0211551406468,0.410899189015,0.795908244161,0.228807333905,4.74368899919,0,0,0,0,0.194670308916,0,0,0.0273002868725,0.0536060048237,0.0480722660511,0.0480722660511,0,0.0727998070135,0.708407341419,1.41161721729,0,0,0.252427593615,0.194670308916,0.242742574967,0.215442288094,0.458623259101,0.745004553006,0.666007999801,0.229537586246,0.662407515543,0.486425074416,-0.243078186555,0.637923886598,0.000577541408487,0,1,5.10333338919,1,0,-8.63520810103e-17,-4.31760405051e-17,1.33226762955e-15,0,B0: targeted tax-transfer comparator,ok,medium,B0
20,2047,0.382485101996,2.06888856345,2.06888856345,2.06888856345,2.76676069004,1.33731740748,0.0212058896475,0.396407151042,0.778417461838,0.22956212755,4.93400611953,0,0,0,0,0.1957568586,0,0,0.0289984051429,0.0599944687582,0.0486731281956,0.0486731281956,0,0.0739282430519,0.707056530618,1.41431407065,0,0,0.254085197003,0.1957568586,0.244429986796,0.215431581653,0.464062186087,0.746076112001,0.667568010795,0.230239629993,0.677181121162,0.512299457627,-0.20157795685,0.647935843566,0.000614936979414,0,1,5.53178312531,1,0,-4.01271793626e-17,4.01271793626e-17,1.33226762955e-15,0,B0: targeted tax-transfer comparator,ok,medium,B0
21,2048,0.412676847773,2.18136268532,2.18136268532,2.18136268532,2.97916284914,1.36573476258,0.0212495215691,0.381915113069,0.760926679515,0.230316921194,5.14037049005,0,0,0,0,0.197190475511,0,0,0.0308458097245,0.0672858983316,0.0490777117551,0.0490777117551,0,0.0747399520033,0.705723995832,1.4169845519,0,0,0.256196973717,0.197190475511,0.246268187266,0.215422377542,0.469305178829,0.747192495413,0.669202514162,0.230976296848,0.692928303798,0.539924118218,-0.159492698583,0.66487330613,0.000655458699057,0,1,5.98647593788,1,0,-2.60863926073e-16,0,1.33226762955e-15,0,B0: targeted tax-transfer comparator,ok,medium,B0
22,2049,0.442575111679,2.30086341303,2.30086341303,2.30086341303,3.20924621524,1.3948008374,0.0212823716721,0.367563946394,0.743605918083,0.231064377792,5.36359583356,0,0,0,0,0.198949899443,0,0,0.0328145890942,0.0755018874604,0.0492801380154,0.0492801380154,0,0.0752221643511,0.704408030711,1.4196317424,0,0,0.258734143271,0.198949899443,0.248230037458,0.215415448364,0.474306456855,0.748342201192,0.670894313534,0.231739922751,0.709877883119,0.569266359943,-0.117002134039,0.68057584004,0.000698372281372,0,1,6.46844439514,1,0,2.76756085427e-16,-6.91890213567e-17,1.33226762955e-15,0,B0: targeted tax-transfer comparator,ok,medium,B0
23,2050,0.471897713267,2.42715480736,2.42715480736,2.42715480736,3.45751426707,1.42451328468,0.0213022866675,0.353489097632,0.726618651255,0.231797442832,5.60438836125,0,0,0,0,0.20097665964,0,0,0.0348528046088,0.0845931522563,0.0492873928163,0.0492873928163,0,0.0753828391393,0.703115152277,1.42224214165,0,0,0.261619357765,0.20097665964,0.250264052456,0.215411247847,0.479051910532,0.749518841461,0.672626303323,0.23252249097,0.723968543646,0.600272619883,-0.0743226230851,0.695273135112,0.000742444434942,0,1,6.97846701706,1,0,3.21104394333e-17,3.21104394333e-17,1.33226762955e-15,0,B0: targeted tax-transfer comparator,ok,medium,B0
24,2051,0.50038416254,2.5598995833,2.5598995833,2.5598995833,3.72428584847,1.45485622669,0.0213005679452,0.339815601981,0.71011578696,0.232509604064,5.86332629813,0,0,0,0,0.203211033985,0,0,0.0369097670728,0.0944852973492,0.0491103434449,0.0491103434449,0,0.0752359726815,0.701861171202,1.42478319222,0,0,0.264773390079,0.203211033985,0.25232137743,0.215411610357,0.483544904625,0.750715677183,0.674380608937,0.233315502098,0.743222437123,0.632867424224,-0.0316951476697,0.712322376457,0.000786199001374,0,1,7.5170382985,1,0,0,-5.96207203097e-17,1.33226762955e-15,0,B0: targeted tax-transfer comparator,ok,medium,B0
25,2052,0.527804348473,2.69867098387,2.69867098387,2.69867098387,4.00975306855,1.4858250941,0.0212865483476,0.326653912733,0.69423063388,0.233195108712,6.1408435937,0,0,0,0,0.205670853763,0,0,0.0390272878914,0.105321809411,0.0487710015244,0.0487710015244,0,0.0748143795965,0.700664418104,1.42721675907,0,0,0.268217973177,0.205670853763,0.254441855288,0.215414567396,0.487666468887,0.751914563166,0.676131603622,0.234107928846,0.762332765199,0.666965269505,0.010765529087,0.726471434327,0.000830756250576,0,1,8.08434902307,1,0,-2.76880647173e-16,-1.38440323587e-16,1.33226762955e-15,0,B0: targeted tax-transfer comparator,ok,medium,B0
26,2053,0.553964962093,2.84296928969,2.84296928969,2.84296928969,4.31402444482,1.51743617508,0.0212751023695,0.314096818195,0.679075180411,0.233849124052,6.43721885618,0,0,0,0,0.208447557002,0,0,0.041306132977,0.11743206753,0.048275557638,0.048275557638,0,0.0741279874046,0.699521589377,1.42954844452,0,0,0.272071159279,0.208447557002,0.25672311464,0.215416981663,0.491236778721,0.75308140007,0.677846335378,0.234886554221,0.776942182136,0.702432609201,0.0530992278636,0.746689330896,0.000878792207573,0,1,8.68027826697,1,0,3.08822457218e-16,1.02940819073e-16,1.33226762955e-15,0,B0: targeted tax-transfer comparator,ok,medium,B0
27,2054,0.578713367833,2.99224162194,2.99224162194,2.99224162194,4.63702762637,1.54968355241,0.0212512248378,0.30221758344,0.664737851897,0.234467834196,6.7525701373,0,0,0,0,0.211364237571,0,0,0.0435732269325,0.130381623229,0.0476310076168,0.0476310076168,0,0.0731889856127,0.69842575792,1.43179140898,0,0,0.276101053636,0.211364237571,0.258995245188,0.215422018255,0.494428004869,0.754215979474,0.67951367112,0.235645340916,0.788690129952,0.739127063397,0.095098315817,0.758052338309,0.000925984442448,0,1,9.3043974941,1,0,-1.91540463259e-16,2.39425579074e-17,1.33226762955e-15,0,B0: targeted tax-transfer comparator,ok,medium,B0
28,2055,0.601938920858,3.12414213259,3.12414213259,3.1459034279,4.94435993699,1.58262963948,0.0212598804523,0.291069317988,0.651282747469,0.235048473021,7.08174076683,0,0,0,0,0.219659781067,0,0,0.0465840320838,0.145535137339,0.0423444434784,0.0423444434784,0,0.0646467322457,0.697357342159,1.43398504546,0,0,0.28715516385,0.219659781067,0.262004224545,0.215420192461,0.495219001583,0.755453367221,0.6812939838,0.236455630004,0.796273736046,0.771444196357,0.130702305391,0.768758579162,0.000990370953088,0,1,9.95147886415,1.00696552666,0,-1.79634660708e-16,0,1.33226762955e-15,0,B0: targeted tax-transfer comparator,ok,medium,B0
29,2056,0.623571972982,3.22389205849,3.22389205849,3.3024060082,5.21069151016,1.61627356488,0.0212582429658,0.280685452969,0.638750215946,0.235589299325,7.41635079198,0,0,0,0,0.230872202144,0,0,0.0500191867063,0.161256458794,0.034567522428,0.034567522428,0,0.0522393974593,0.696281173603,1.43620140528,0,0,0.302026387046,0.230872202144,0.265439724572,0.215420537866,0.494344505569,0.756867007812,0.683238568675,0.237338086974,0.805477394385,0.795788789617,0.156351085053,0.780072603174,0.00106332002395,0,1,10.613237674,1.02435377745,0,-1.27839810412e-16,-8.52265402748e-17,1.33226762955e-15,0,B0: targeted tax-transfer comparator,ok,medium,B0
30,2057,0.643580985584,3.32759526051,3.32759526051,3.45963965882,5.49202044395,1.65044724914,0.0211435025627,0.27108112692,0.627158528386,0.23608952464,7.7569801277,0,0,0,0,0.232873278495,0,0,0.0521034224948,0.17337910175,0.0346748875132,0.0346748875132,0,0.0524888661247,0.695289034347,1.43825078579,0,0,0.304843677376,0.232873278495,0.267548166008,0.215444743513,0.496659364308,0.758234336164,0.685034533243,0.238149472318,0.831116060939,0.821277206991,0.181669086244,0.801224378702,0.00110164884704,0,1,11.2888698413,1.03968162832,0,1.21291211781e-16,0,1.33226762955e-15,0,B0: targeted tax-transfer comparator,ok,medium,B0
31,2058,0.661968262544,3.43542007132,3.43542007132,3.61723184022,5.78935008927,1.68519423217,0.0210530709478,0.262255233979,0.616506350099,0.236549206564,8.10420721212,0,0,0,0,0.234640317506,0,0,0.0540719309332,0.185759796823,0.0348954382366,0.0348954382366,0,0.0529055147499,0.694475793925,1.43993499665,0,0,0.30734176914,0.234640317506,0.269535755743,0.21546382481,0.498758040532,0.759489815843,0.686656922391,0.238882493413,0.857597669114,0.847769497251,0.207324684955,0.825796810704,0.00113838019822,0,1,11.9775746215,1.05292271836,0,3.83539778215e-17,-3.83539778215e-17,1.33226762955e-15,0,B0: targeted tax-transfer comparator,ok,medium,B0
32,2059,0.678764834065,3.54752915634,3.54752915634,3.77488847154,6.10368218126,1.72054461352,0.0209770367567,0.254192879649,0.606775704564,0.236969120852,8.45860964477,0,0,0,0,0.236345672177,0,0,0.055932358483,0.198421672502,0.0350665571351,0.0350665571351,0,0.0532351049715,0.693777705613,1.44138387831,0,0,0.309745881374,0.236345672177,0.271412229312,0.215479870829,0.500592523622,0.760616017396,0.688107930509,0.239539323878,0.885131356972,0.875338955325,0.233595828422,0.851526316149,0.00117329513979,0,1,12.6785686517,1.06408948459,0,0,0,1.33226762955e-15,0,B0: targeted tax-transfer comparator,ok,medium,B0
33,2060,0.694024979188,3.66408054391,3.66408054391,3.93239690518,6.43599413667,1.75651000559,0.0209034928753,0.24686800999,0.597935146666,0.23735062448,8.82076487133,0,0,0,0,0.237915304032,0,0,0.0576283829208,0.211155036637,0.0352084724649,0.0352084724649,0,0.0535119246726,0.693164109089,1.44265980723,0,0,0.311958957377,0.237915304032,0.273123776496,0.215495393576,0.502243294594,0.7616212947,0.689402273445,0.24012616178,0.913810479754,0.904014349485,0.260522840887,0.8785553144,0.0012046344918,0,1,13.3910971583,1.07322883819,2.22044604925e-16,0,1.38001744694e-16,1.33226762955e-15,0,B0: targeted tax-transfer comparator,ok,medium,B0
34,2061,0.707820792078,3.78522887891,3.78522887891,4.08962426459,6.7872875378,1.79309831847,0.0208301192477,0.240246019802,0.589942910576,0.237695519802,9.19125092499,0,0,0,0,0.239348323069,0,0,0.0591756015965,0.22399319609,0.0353381611431,0.0353381611431,0,0.0537636181093,0.692625791438,1.44378106094,0,0,0.313979950645,0.239348323069,0.274686484212,0.215510882616,0.503712422595,0.762516452073,0.69055314348,0.240648695594,0.943714295442,0.933811674119,0.288110797867,0.907076875728,0.00123263483781,0,1,14.1144424236,1.08041663937,0,-9.81443339575e-17,1.30859111943e-16,1.33226762955e-15,0,B0: targeted tax-transfer comparator,ok,medium,B0
35,2062,0.720237095837,3.91112678955,3.91112678955,4.24651222519,7.15862867626,1.83032385843,0.0207604566783,0.234286193998,0.582749856292,0.238005927396,9.5706472282,0,0,0,0,0.240687306612,0,0,0.0606206956602,0.237095226798,0.0354589793672,0.0354589793672,0,0.0539959466057,0.692156038983,1.44476092626,0,0,0.315865064133,0.240687306612,0.276146285979,0.215525590319,0.504976026385,0.763305110636,0.691569820705,0.241111344568,0.974845808655,0.96477195833,0.316390393721,0.93589127477,0.00125851332606,0,1,14.8479297403,1.08575161422,0,-1.24071028107e-16,-3.10177570268e-17,1.33226762955e-15,0,B0: targeted tax-transfer comparator,ok,medium,B0
36,2063,0.731366905123,4.04192627799,4.04192627799,4.40306935615,7.55113177094,1.86820126138,0.0206943720776,0.228943885541,0.576302098254,0.238284172628,9.95953545348,0,0,0,0,0.24192919894,0,0,0.0619573961522,0.250427227623,0.0355677416818,0.0355677416818,0,0.0542043938203,0.69174594376,1.4456174395,0,0,0.317610833655,0.24192919894,0.277496940621,0.215539544469,0.50606169213,0.763997415488,0.692464465061,0.241519486527,1.00716264129,0.996938286594,0.345341226342,0.966108535014,0.00128216940893,0,1,15.5909311598,1.08934924917,0,-2.94054734655e-17,1.47027367328e-16,1.33226762955e-15,0,B0: targeted tax-transfer comparator,ok,medium,B0
37,2064,0.741307547172,4.17778006867,4.17778006867,4.55936205528,7.96595392587,1.9067432452,0.0206305308857,0.224172377357,0.570543252525,0.238532688679,10.3585004388,0,0,0,0,0.24305243552,0,0,0.0631651011659,0.263889900686,0.0356656922722,0.0356656922722,0,0.0543913424713,0.691389391148,1.4463629509,0,0,0.319189585563,0.24305243552,0.278718127793,0.215553026627,0.50701129106,0.764606460735,0.693251585223,0.241879242014,1.04076578442,1.03039600077,0.374896294515,0.997808828429,0.0013031295705,0,1,16.3428673805,1.09133606373,0,-5.5748403014e-17,2.7874201507e-17,1.33226762955e-15,0,B0: targeted tax-transfer comparator,ok,medium,B0
38,2065,0.750157476529,4.31884286954,4.31884286954,4.71550494841,8.40430326551,1.94596180491,0.020568348572,0.219924411266,0.56541628209,0.238753936913,10.7681311504,0,0,0,0,0.244051692149,0,0,0.0642406224797,0.277445154331,0.0357550904096,0.0357550904096,0,0.054560594569,0.691083183736,1.44700381016,0,0,0.320595013864,0.244051692149,0.279806782559,0.215566160079,0.507852051341,0.765143011696,0.693944704189,0.242196344376,1.07571131128,1.0650838231,0.404982019881,1.03123652261,0.00132132351565,0,1,17.1032081241,1.09184452661,0,0,-2.64203465665e-17,1.33226762955e-15,0,B0: targeted tax-transfer comparator,ok,medium,B0
39,2066,0.758013763996,4.46527252012,4.46527252012,4.87165142826,8.86746151795,1.98587241383,0.0205094513278,0.216153393282,0.560864951572,0.2389503441,11.1890216866,0,0,0,0,0.244953313099,0,0,0.065211747099,0.291188222311,0.0358370351724,0.0358370351723,0,0.0547141106923,0.690824107409,1.44754647279,0,0,0.32186245825,0.244953313099,0.280790348271,0.215578601172,0.508579331995,0.765614438428,0.694553392291,0.242475138783,1.11204956156,1.10112445488,0.435560724547,1.06596163008,0.00133745715313,0,1,17.8714713315,1.09100875844,0,-1.50242279242e-16,-5.00807597474e-17,1.33226762955e-15,0,B0: targeted tax-transfer comparator,ok,medium,B0
40,2067,0.764970203992,4.61723101483,4.61723101483,5.02798481076,9.35678763366,2.02649328214,0.0204549235045,0.212814302084,0.556834923676,0.2391242551,11.6217723125,0,0,0,0,0.245756343865,0,0,0.0660765256584,0.305090583622,0.0359103023691,0.0359103023691,0,0.0548503038286,0.690606810183,1.44800193866,0,0,0.322991428642,0.245756343865,0.281666646234,0.215590120575,0.50921519718,0.766029703802,0.695087847202,0.242720106978,1.14981227366,1.1385384342,0.466580812826,1.10209057287,0.00135159027778,0,1,18.6472214771,1.08896106662,2.22044604925e-16,-4.74617173369e-17,0,1.33226762955e-15,0,B0: targeted tax-transfer comparator,ok,medium,B0
41,2068,0.771115963868,4.77488540108,4.77488540108,5.18471040893,9.87372379566,2.06784518712,0.020405646216,0.209864337343,0.553274541676,0.239277899097,12.0669905209,0,0,0,0,0.246474435912,0,0,0.0668484521127,0.319193698077,0.0359745480243,0.0359745480243,0,0.0549691082036,0.690424823825,1.44838361179,0,0,0.324000624695,0.246474435912,0.282448983936,0.215600531824,0.509766776188,0.766395109918,0.695556666438,0.242935115416,1.18899823207,1.1773635955,0.498001580541,1.13949780938,0.0013640858639,0,1,19.4300672565,1.08582928666,0,4.4976871851e-17,0,1.33226762955e-15,0,B0: targeted tax-transfer comparator,ok,medium,B0
42,2069,0.776534690267,4.93840855913,4.93840855913,5.34204867836,10.4197795698,2.10994684726,0.0203601606176,0.207263348672,0.550135347123,0.239413367257,12.5252921117,0,0,0,0,0.247107682521,0,0,0.0675273614548,0.333477699783,0.0360298217941,0.0360298217941,0,0.0550710394339,0.690272453938,1.44870332619,0,0,0.324890909047,0.247107682521,0.283137504315,0.215610142861,0.510252255283,0.766717110004,0.695968431012,0.243123938645,1.22955443079,1.21764093388,0.529771391005,1.1784322931,0.0013748679253,0,1,20.2196588664,1.08173485737,0,-2.5571896615e-16,4.26198276916e-17,1.33226762955e-15,0,B0: targeted tax-transfer comparator,ok,medium,B0
43,2070,0.781303987764,5.10797987514,5.10797987514,5.50022947685,10.9965509138,2.15281797943,0.0203185839626,0.204974085873,0.547372381875,0.239532599694,12.9973022837,0,0,0,0,0.24766397556,0,0,0.0681235799356,0.347973875334,0.0360785330694,0.0360785330694,0,0.055160257655,0.690146055653,1.44896865208,0,0,0.325673362803,0.24766397556,0.283742508629,0.215618928693,0.510679181333,0.767001142976,0.696330230839,0.24328976348,1.27163567473,1.2594138612,0.561849295245,1.2185384104,0.00138417467876,0,1,21.0156850471,1.07679153233,0,-1.21153227043e-16,8.07688180288e-17,1.33226762955e-15,0,B0: targeted tax-transfer comparator,ok,medium,B0
44,2071,0.785495190856,5.28378582132,5.28378582132,5.65948740229,11.6057286247,2.19647976228,0.0202812236151,0.202962308389,0.544944320196,0.239637379771,13.4836567361,0,0,0,0,0.248159678396,0,0,0.0686539238048,0.362752629178,0.0361210695707,0.0361210695707,0,0.0552376906254,0.690041774107,1.44918762534,0,0,0.326370171013,0.248159678396,0.284280747967,0.215626824162,0.511046943913,0.767251100993,0.696647402502,0.243435109728,1.31532766149,1.30270690346,0.594209754816,1.26039487521,0.00139238558074,0,1,21.817870026,1.07110461962,0,-1.53058622758e-16,7.65293113788e-17,1.33226762955e-15,0,B0: targeted tax-transfer comparator,ok,medium,B0
45,2072,0.789173359243,5.46602045778,5.46602045778,5.82005812282,12.2490955372,2.24095310872,0.0202475557506,0.201196787563,0.542813471483,0.239729333981,13.9850027758,0,0,0,0,0.248600906199,0,0,0.0691246019055,0.377836488151,0.0361576354888,0.0361576354888,0,0.0553039625557,0.689955913549,1.44936796738,0,0,0.32699000147,0.248600906199,0.284758541688,0.215633939783,0.511363643338,0.767470743962,0.696933860772,0.243562345355,1.36061480556,1.34757327262,0.626824383295,1.30379214771,0.00139960423082,0,1,22.6259704643,1.06477064398,0,1.08764571678e-16,1.08764571678e-16,1.33226762955e-15,0,B0: targeted tax-transfer comparator,ok,medium,B0
46,2073,0.792397436693,5.65488587053,5.65488587053,5.98217558541,12.928536926,2.28625956774,0.0202174953346,0.199649230387,0.540945688239,0.239809935917,14.5020004275,0,0,0,0,0.248988304878,0,0,0.0695372856996,0.393225414378,0.0361892741958,0.0361892741958,0,0.0553609953761,0.68988550834,1.4495158804,0,0,0.327534279442,0.248988304878,0.285177579074,0.215640293375,0.511640283783,0.767663897178,0.697193092171,0.243673780774,1.40751436727,1.3940792551,0.659660642939,1.34877740909,0.00140586974921,0,1,23.4397724832,1.0578773334,0,-2.40446733203e-16,-1.71747666574e-16,1.33226762955e-15,0,B0: targeted tax-transfer comparator,ok,medium,B0
47,2074,0.795220524113,5.85059255876,5.85059255876,6.14606997847,13.6460449432,2.33242099944,0.0201908096309,0.198294148426,0.53931020787,0.239880513103,15.0353235468,0,0,0,0,0.24932764952,0,0,0.0698981469688,0.408945578527,0.0362164314479,0.0362164314479,0,0.0554097320615,0.689827811624,1.4496371169,0,0,0.328011126958,0.24932764952,0.285544080968,0.215645933999,0.511882169996,0.767834018695,0.697420456438,0.243771425871,1.45612413356,1.44228142326,0.692690471021,1.39526994695,0.001411300179,0,1,24.2590888215,1.05050384499,0,0,3.25434374354e-17,1.33226762955e-15,0,B0: targeted tax-transfer comparator,ok,medium,B0
48,2075,0.797690227249,6.05335978349,6.05335978349,6.31196632404,14.403723679,2.37945937367,0.0201671886173,0.19710869092,0.537879451256,0.239942255681,15.5856609349,0,0,0,0,0.249624737593,0,0,0.0702134747113,0.425027424076,0.036239664196,0.036239664196,0,0.055451263842,0.689780479771,1.44973658914,0,0,0.328428648296,0.249624737593,0.285864401789,0.215650927078,0.512093442708,0.767984047661,0.69761996258,0.243857010001,1.50649784169,1.49224443299,0.725890114569,1.44326697808,0.00141600838798,0,1,25.0837561602,1.04272115813,0,-3.08315557662e-16,-1.23326223065e-16,1.33226762955e-15,0,B0: targeted tax-transfer comparator,ok,medium,B0
49,2076,0.799849048082,6.26341588794,6.26341588794,6.48008358349,15.2037965648,2.42739694071,0.020146411226,0.196072456921,0.536628796009,0.239996226202,16.1537174551,0,0,0,0,0.249886511307,0,0,0.0704907313355,0.441512766599,0.0362595392833,0.0362595392833,0,0.0554866685328,0.689741542116,1.44981843044,0,0,0.328796408548,0.249886511307,0.286146050591,0.215655319255,0.512276153299,0.768116259602,0.697794885948,0.243931970293,1.55870964975,1.54401076629,0.759241339484,1.49229427134,0.0014201352611,0,1,25.9136326323,1.03459257687,0,0,8.76272991338e-17,1.33226762955e-15,0,B0: targeted tax-transfer comparator,ok,medium,B0
50,2077,0.80173479641,6.48099859857,6.48099859857,6.65063417207,16.0486126946,2.47625615875,0.0201282358168,0.195167297723,0.535536338032,0.24004336991,16.7402151517,0,0,0,0,0.250118697084,0,0,0.0707360004124,0.458439919541,0.0362764648691,0.0362764648691,0,0.0555167483442,0.689709274806,1.44988625864,0,0,0.329122330381,0.250118697084,0.286395161953,0.21565916154,0.51243250778,0.768232421501,0.697948029192,0.243997544477,1.61280626261,1.59763483478,0.792728829399,1.54411395978,0.00142379089704,0,1,26.7485955298,1.02617429566,0,-1.106860059e-16,-2.76715014751e-17,1.33226762955e-15,0,B0: targeted tax-transfer comparator,ok,medium,B0
1,2028,0.00695643999543,0.986523654272,1.01634339757,1.01634339757,0.966793181187,0.98,-0.02,0.576660908802,0.966747989676,0.220173911,3.03720677125,0,0,0,0,0.323612151303,0,0,0.115094557185,0.113543503141,0.0227578759799,0.0227578759799,0,0.036670265526,0.643366307727,1.55432447735,0,0,0.414979898554,0.323612151303,0.346370027283,0.231275470098,0.33704815012,0.740431317514,0.669151686418,0.232347359604,0.434641704909,0.252166547649,-0.781823452748,0.393745100509,0.00354045138169,0,1,0.194589568922,1,-0.029340224351,2.29671256734e-16,5.74178141835e-17,1.33226762955e-15,0,B2: universal transfer + residual tax,ok,medium,B2
2,2029,0.0148127274627,1.03890078111,1.03890078111,1.03890078111,0.998044115509,0.96067317847,-0.0197212464587,0.572889890818,0.991418641586,0.220370318187,3.08391726068,0,0,0,0,0.2179440964,0,0,0.0788815752094,0.0819501301006,0.085363438472,0.085363438472,0,0.136971353187,0.708584546287,1.41126419598,0,0,0.279548228452,0.2179440964,0.303307534872,0.224425959662,0.371841667027,0.732913751122,0.657263175724,0.226939611665,0.496225862293,0.261341353992,-0.730737362815,0.438800806866,0.00398889672061,0,1,0.397042326348,1,0,0,5.56199374042e-17,1.33226762955e-15,0,B2: universal transfer + residual tax,ok,medium,B2
3,2030,0.0236626568198,1.06415868889,1.06415868889,1.06415868889,1.02613388954,0.964267735863,0.00374170682938,0.568641924726,0.986291671152,0.22059156642,3.13362665714,0,0,0,0,0.242114596366,0,0,0.0850091202652,0.0904631939655,0.0620744169959,0.0620744169959,0,0.0900689843586,0.751261904098,1.33109371651,0,0,0.310638922977,0.242114596366,0.304189013362,0.219179893097,0.368071781202,0.72918162036,0.651166613638,0.223954978567,0.494121782433,0.265701185473,-0.710703199639,0.460694593799,0.00401437012797,0,1,0.602298544711,1,0,1.62292129118e-16,8.11460645591e-17,1.33226762955e-15,0,B2: universal transfer + residual tax,ok,medium,B2
4,2031,0.0336032988689,1.09141981469,1.09141981469,1.09141981469,1.06628478107,0.976970334159,0.0131733105068,0.563870416543,0.980532825422,0.220840082472,3.1866382996,0,0,0,0,0.281051400844,0,0,0.0965269828225,0.105351461705,0.0326151352199,0.0326151352199,0,0.045112510519,0.755588315934,1.32347202691,0,0,0.360710804704,0.281051400844,0.313666536064,0.217139553242,0.359227230842,0.728331003572,0.649097784365,0.222840634689,0.488176697697,0.271467126155,-0.686960754016,0.473489258256,0.00385175994301,0,1,0.811067436774,1,0,1.56181028418e-16,1.56181028418e-16,1.33226762955e-15,0,B2: universal transfer + residual tax,ok,medium,B2
5,2032,0.0447331081546,1.12093105182,1.12093105182,1.12093105182,1.11343429508,0.993312026888,0.0167269078261,0.558528108086,0.974085067384,0.221118327704,3.24329840127,0,0,0,0,0.291983912225,0,0,0.100185451932,0.11230098401,0.0245821609985,0.0245821609985,0,0.0339723983988,0.748174316899,1.33658691218,0,0,0.374875828525,0.291983912225,0.316566073224,0.216380621292,0.358026345615,0.728556743506,0.648673457145,0.222513427113,0.496544579896,0.278354314746,-0.662136085646,0.481378230252,0.00383032216298,0,1,1.02413280067,1,0,-3.48990560409e-16,-7.47836915161e-17,1.33226762955e-15,0,B2: universal transfer + residual tax,ok,medium,B2
6,2033,0.0571494119133,1.15296684664,1.15296684664,1.15296684664,1.16640632131,1.01165642768,0.0184679137067,0.552568282282,0.9668920131,0.221428735298,3.30400048789,0,0,0,0,0.29342889096,0,0,0.102265804532,0.11790908217,0.0248476460057,0.0248476460057,0,0.0347910652261,0.739043829545,1.35309972159,0,0,0.376881223676,0.29342889096,0.318276536966,0.216010732434,0.359184588949,0.72903327226,0.648826605206,0.222489681913,0.508868283627,0.286064176905,-0.636006655175,0.493071804972,0.00374792700428,0,1,1.24235937813,1,0,0,4.75916069873e-17,1.33226762955e-15,0,B2: universal transfer + residual tax,ok,medium,B2
7,2034,0.0709452248035,1.18782997871,1.18782997871,1.18782997871,1.22504449778,1.03132983654,0.0194467294627,0.545946292094,0.95889977701,0.22177363062,3.36918982555,0,0,0,0,0.292781113395,0,0,0.103991190548,0.123523853655,0.0270134081585,0.0270134081585,0,0.0383893876466,0.73068204719,1.36858433001,0,0,0.376215873574,0.292781113395,0.319794521553,0.215803331005,0.361125714406,0.72952870544,0.649192349436,0.222594665372,0.522959302479,0.294555359713,-0.60857635696,0.505582145184,0.00366861307315,0,1,1.46669883847,1,0,4.53135794918e-17,4.53135794918e-17,1.33226762955e-15,0,B2: universal transfer + residual tax,ok,medium,B2
8,2035,0.0862053699267,1.22585154325,1.22585154325,1.22585154325,1.28961140447,1.05201271033,0.0200545674645,0.538621422435,0.950059219112,0.222155134248,3.43936765018,0,0,0,0,0.292045415602,0,0,0.105901348935,0.129819332024,0.02953066978,0.02953066978,0,0.0425453265533,0.723629697156,1.38192227866,0,0,0.375454577719,0.292045415602,0.321576085382,0.215674736448,0.363290198707,0.729962392494,0.649619425399,0.222751509011,0.539266369098,0.30385941526,-0.5797015645,0.5200601684,0.00358132639733,0,1,1.69819501246,1,0,-1.72179467516e-16,4.30448668791e-17,1.33226762955e-15,0,B2: universal transfer + residual tax,ok,medium,B2
9,2036,0.103001941447,1.26738985832,1.26738985832,1.26738985832,1.36017489607,1.07320954727,0.0201488411105,0.530559068105,0.940328573577,0.222575048536,3.5150949504,0,0,0,0,0.289160370506,0,0,0.105472092752,0.13367426069,0.0319665278328,0.0319665278328,0,0.0465923885041,0.718055583558,1.39264984898,0,0,0.371946346669,0.289160370506,0.321126898339,0.215654805588,0.367534241445,0.730453723872,0.650126506925,0.222953077576,0.556133782213,0.314154083142,-0.550619983575,0.535245886248,0.00369778925151,0,1,1.9379878905,1,0,4.08117745678e-17,-4.08117745678e-17,1.33226762955e-15,0,B2: universal transfer + residual tax,ok,medium,B2
10,2037,0.121389218408,1.31282799069,1.31282799069,1.31282799069,1.43706193075,1.09463078251,0.0199599745405,0.521733175164,0.92967639529,0.22303473046,3.59699549042,0,0,0,0,0.283988959139,0,0,0.102837395441,0.135007811224,0.0345431748126,0.0345431748126,0,0.0508258811279,0.714180675355,1.40020590658,0,0,0.365510493548,0.283988959139,0.318532133952,0.215694738511,0.37384443211,0.731053125851,0.65071505336,0.223191495562,0.575015549141,0.325512245196,-0.521774902703,0.549754927929,0.0040061735538,0,1,2.1873157823,1,-2.22044604925e-16,0,-1.1588467423e-16,1.33226762955e-15,0,B2: universal transfer + residual tax,ok,medium,B2
11,2038,0.14139823101,1.36256958599,1.36256958599,1.36256958599,1.5219198169,1.1169483251,0.0203881920191,0.512128849115,0.91808470773,0.223534955775,3.68575769314,0,0,0,0,0.283205095431,0,0,0.104616929709,0.142547846602,0.0370160540457,0.0370160540457,0,0.054890642379,0.711376062263,1.40572624389,0,0,0.364736439248,0.283205095431,0.320221149477,0.215604219767,0.377218299046,0.731457086515,0.651204866829,0.223402056728,0.596770297082,0.337736103629,-0.489885230366,0.567357906991,0.00398045009888,0,1,2.44751492028,1,0,0,7.29488513322e-17,1.33226762955e-15,0,B2: universal transfer + residual tax,ok,medium,B2
12,2039,0.163031283134,1.4170327126,1.4170327126,1.4170327126,1.61563221047,1.14015166771,0.0207738729623,0.501744984096,0.905552176207,0.224075782078,3.78213494486,0,0,0,0,0.284532313071,0,0,0.107532217622,0.152376670029,0.0385226621638,0.0385226621638,0,0.0574867525538,0.708636391892,1.41116094437,0,0,0.366701162948,0.284532313071,0.323054975235,0.215522757613,0.379969090114,0.731769737069,0.651679378965,0.22361679686,0.616406695602,0.351092724564,-0.455407459049,0.587189384665,0.00390272115651,0,1,2.72001569305,1,2.22044604925e-16,-6.8717559444e-17,-6.8717559444e-17,1.33226762955e-15,0,B2: universal transfer + residual tax,ok,medium,B2
13,2040,0.186256836159,1.47664149646,1.47664149646,1.47664149646,1.71899962751,1.16412794279,0.0210290225055,0.490596718644,0.892097071779,0.224656420904,3.88694384172,0,0,0,0,0.286264747674,0,0,0.110748606972,0.16353598873,0.0399527589581,0.0399527589581,0,0.0599869254056,0.705977208253,1.4164763229,0,0,0.369210186802,0.286264747674,0.326217506632,0.21546889966,0.382826677863,0.732047522488,0.652167286993,0.22384430184,0.638136024614,0.365721372127,-0.418849816452,0.606041668638,0.00381560446109,0,1,3.00633464254,1,0,1.93756241745e-16,3.22927069575e-17,1.33226762955e-15,0,B2: universal transfer + residual tax,ok,medium,B2
14,2041,0.211005241898,1.54181544897,1.54181544897,1.54181544897,1.83292976657,1.18881268688,0.0212044940986,0.478717483889,0.877759743265,0.225275131047,4.00105988853,0,0,0,0,0.288236323076,0,0,0.11420085369,0.176076640505,0.0413964066689,0.0413964066689,0,0.062523316356,0.7034919109,1.42148045273,0,0,0.372049916851,0.288236323076,0.329632729745,0.215431876056,0.385839241256,0.73231629907,0.652679835055,0.224087325377,0.662352008327,0.381720246159,-0.380455809275,0.626535482647,0.00372102091705,0,1,3.30806137769,1,0,2.42283811387e-16,6.05709528468e-17,1.33226762955e-15,0,B2: universal transfer + residual tax,ok,medium,B2
15,2042,0.237165855518,1.61295657717,1.61295657717,1.61295657717,1.95841453917,1.21417685193,0.0213357119505,0.466160389351,0.862604289796,0.225929146388,4.12541019786,0,0,0,0,0.290512613845,0,0,0.117884291169,0.190142242786,0.042775875401,0.042775875401,0,0.0649678655161,0.701191771648,1.42614337537,0,0,0.375304938158,0.290512613845,0.333288489246,0.215404198077,0.388965960311,0.732593653301,0.653227036073,0.224348962561,0.68629016303,0.39918232417,-0.340370752803,0.646674752751,0.00361931845533,0,1,3.62683968025,1,2.22044604925e-16,-1.70069666419e-16,5.66898888065e-17,1.33226762955e-15,0,B2: universal transfer + residual tax,ok,medium,B2
16,2043,0.264586041452,1.69043461235,1.69043461235,1.69043461235,2.09647050703,1.2401961553,0.0214295827866,0.452998700103,0.846719136716,0.226614651036,4.26096283577,0,0,0,0,0.293043759286,0,0,0.121699023488,0.205724241595,0.0440396663265,0.0440396663265,0,0.067234370221,0.699056827665,1.43049886708,0,0,0.378910409511,0.293043759286,0.337083425612,0.215384402124,0.39223087532,0.732897797948,0.653821012467,0.224633391727,0.715584593822,0.418200068422,-0.298769339724,0.676361961348,0.00351792958876,0,1,3.96434233331,1,0,5.29567680969e-17,2.64783840484e-17,1.33226762955e-15,0,B2: universal transfer + residual tax,ok,medium,B2
17,2044,0.293072490725,1.7745709835,1.7745709835,1.7745709835,2.24814553749,1.26686706725,0.0215053980248,0.439325204452,0.830216272421,0.227326812268,4.40871263044,0,0,0,0,0.295877211764,0,0,0.125677661275,0.223023930972,0.0451688659918,0.0451688659918,0,0.0692886932658,0.697062614638,1.43459135378,0,0,0.382926723047,0.295877211764,0.341046077756,0.215368416482,0.395558052824,0.733236225992,0.654466970483,0.224942324752,0.745623962962,0.43884652747,-0.255773180409,0.705353125758,0.0034120674004,0,1,4.32223960526,1,-1.11022302463e-16,-1.48151844191e-16,-4.93839480636e-17,1.33226762955e-15,0,B2: universal transfer + residual tax,ok,medium,B2
18,2045,0.322395092313,1.8656224605,1.8656224605,1.8656224605,2.41446833328,1.29418914298,0.0215666477095,0.42525035569,0.813229005593,0.228059877308,4.56966350206,0,0,0,0,0.299019152092,0,0,0.129794582739,0.24214768881,0.0461309343659,0.0461309343659,0,0.0710751117912,0.695175771627,1.4384851153,0,0,0.387360552072,0.299019152092,0.345150086458,0.215355503719,0.398901916585,0.733615201049,0.655168449617,0.225276827007,0.77327489929,0.461183301227,-0.211530992971,0.731424862632,0.00330183697646,0,1,4.70216186527,1,2.22044604925e-16,-1.83928363743e-16,-1.37946272807e-16,1.33226762955e-15,0,B2: universal transfer + residual tax,ok,medium,B2
19,2046,0.352293356219,1.96376565189,1.96376565189,1.96376565189,2.59606409532,1.32198263719,0.0214756045236,0.410899189015,0.795908244161,0.228807333905,4.74480767516,0,0,0,0,0.301360665716,0,0,0.132904842158,0.260993963999,0.0469188745999,0.0469188745999,0,0.0725682843802,0.693466812182,1.44203007618,0,0,0.390772214215,0.301360665716,0.348279540316,0.215374698158,0.403165384381,0.73411792073,0.655979419708,0.225656288203,0.800871329614,0.485336409818,-0.166908636566,0.759443630704,0.00328904032241,0,1,5.10565745266,1,2.22044604925e-16,2.13828122855e-16,0,1.33226762955e-15,0,B2: universal transfer + residual tax,ok,medium,B2
20,2047,0.382485101996,2.06908370297,2.06908370297,2.06908370297,2.79435601177,1.35052825932,0.0215930386094,0.396407151042,0.778417461838,0.22956212755,4.93510247158,0,0,0,0,0.305075806467,0,0,0.137376680943,0.284243851708,0.0476508148976,0.0476508148976,0,0.0739623967374,0.691908126715,1.44527858742,0,0,0.3959771675,0.305075806467,0.352726621365,0.215349940422,0.406290896974,0.734602144367,0.656800745781,0.226043491011,0.832659619357,0.511133237279,-0.120881550859,0.787104943054,0.00315653718444,0,1,5.53414760057,1,0,-1.98654541503e-16,0,1.33226762955e-15,0,B2: universal transfer + residual tax,ok,medium,B2
21,2048,0.412676847773,2.18155654976,2.18155654976,2.18155654976,3.01005917855,1.37977591224,0.0216564538522,0.381915113069,0.760926679515,0.230316921194,5.14144571124,0,0,0,0,0.309234512225,0,0,0.141838287028,0.309428244072,0.0479403482378,0.0479403482378,0,0.074635603827,0.690265803913,1.44871728301,0,0,0.401768624957,0.309234512225,0.357174860462,0.215336573435,0.409280793846,0.735117137887,0.657664861717,0.226450317916,0.866791252862,0.538688018951,-0.0740201217259,0.819716556084,0.00302871134997,0,1,5.98888082309,1,0,-1.47535042837e-16,0,1.33226762955e-15,0,B2: universal transfer + residual tax,ok,medium,B2
22,2049,0.442575111679,2.30105590549,2.30105590549,2.30105590549,3.24375371538,1.40968053303,0.0216735344638,0.367563946394,0.743605918083,0.231064377792,5.36465101963,0,0,0,0,0.313444376995,0,0,0.146208031841,0.336432855098,0.0480966282271,0.0480966282271,0,0.075088099341,0.688632593968,1.45215316376,0,0,0.40763409568,0.313444376995,0.361541005222,0.21533297338,0.412191690718,0.735672826742,0.658570827788,0.226875255854,0.903763227103,0.567972287293,-0.0266862462962,0.851148317231,0.00290860408905,0,1,6.4708896023,1,0,0,-3.42264894946e-17,1.33226762955e-15,0,B2: universal transfer + residual tax,ok,medium,B2
23,2050,0.471897713267,2.42734578799,2.42734578799,2.42734578799,3.49587592276,1.44020515744,0.0216535758963,0.353489097632,0.726618651255,0.231797442832,5.60542450498,0,0,0,0,0.317634116247,0,0,0.150399339995,0.365071204453,0.0481024037764,0.0481024037764,0,0.0752813402447,0.687070886804,1.45545389742,0,0,0.41347703582,0.317634116247,0.365736520024,0.215337180029,0.415028549,0.736273641116,0.659515795403,0.227316178712,0.940191357186,0.598931349965,0.0208040226705,0.886793195648,0.00279793925534,0,1,6.98095235534,1,0,6.35161572753e-17,9.52742359129e-17,1.33226762955e-15,0,B2: universal transfer + residual tax,ok,medium,B2
24,2051,0.50038416254,2.56008887548,2.56008887548,2.56008887548,3.76670432041,1.47131779544,0.0216029208327,0.339815601981,0.71011578696,0.232509604064,5.86434428549,0,0,0,0,0.321736805063,0,0,0.154338974095,0.395121490633,0.0479500263192,0.0479500263192,0,0.0751956682912,0.685620086428,1.45853369788,0,0,0.419206294654,0.321736805063,0.369686831382,0.215347857288,0.417805919466,0.736922250431,0.660496127407,0.227770751196,0.982274929335,0.631486440589,0.0681624669826,0.925803129678,0.00269991264927,0,1,7.51956346152,1,0,1.17898611644e-16,2.9474652911e-17,1.33226762955e-15,0,B2: universal transfer + residual tax,ok,medium,B2
25,2052,0.527804348473,2.69885838197,2.69885838197,2.69885838197,4.05620665872,1.50293423539,0.0214885186882,0.326653912733,0.69423063388,0.233195108712,6.14184420214,0,0,0,0,0.3253998522,0,0,0.157673542367,0.425538561433,0.0476456654515,0.0476456654515,0,0.0748339049407,0.684331209113,1.46128071712,0,0,0.424358081041,0.3253998522,0.373045517651,0.215371975284,0.420809234791,0.737645408532,0.66152586076,0.228243401575,1.02525425894,0.665570402162,0.114920060584,0.962268557283,0.00264508394786,0,1,8.08691358065,1,0,0,1.09483871808e-16,1.33226762955e-15,0,B2: universal transfer + residual tax,ok,medium,B2
26,2053,0.553964962093,2.84315456777,2.84315456777,2.84315456777,4.36432048742,1.53502751376,0.0213537476376,0.314096818195,0.679075180411,0.233849124052,6.43820275523,0,0,0,0,0.328693059178,0,0,0.16053120861,0.456415039031,0.0472385437704,0.0472385437704,0,0.0742722731067,0.683257098131,1.46357791633,0,0,0.429018708321,0.328693059178,0.375931602949,0.215400394338,0.423905719285,0.738439451426,0.662597807598,0.228730653011,1.06588170233,0.701042470382,0.160869242231,1.00063234655,0.0026196414977,0,1,8.68288166163,1,0,0,1.52631736532e-16,1.33226762955e-15,0,B2: universal transfer + residual tax,ok,medium,B2
27,2054,0.578713367833,2.99242454287,2.99242454287,2.99242454287,4.69102953056,1.5676350275,0.0212422992066,0.30221758344,0.664737851897,0.234467834196,6.75353789148,0,0,0,0,0.331901821507,0,0,0.163176445823,0.488293201299,0.0466985253539,0.0466985253539,0,0.0734633191833,0.682369849125,1.46548092839,0,0,0.433556989938,0.331901821507,0.378600346861,0.215423901038,0.426812136475,0.739277620089,0.663688944584,0.22922319969,1.10547233099,0.737733665436,0.206021774244,1.04191043586,0.00259964628601,0,1,9.30703904226,1,0,-2.84003249366e-16,-1.42001624683e-16,1.33226762955e-15,0,B2: universal transfer + residual tax,ok,medium,B2
28,2055,0.601938920858,3.12414213259,3.12414213259,3.14608375232,5.00147947342,1.60091291022,0.0212280805992,0.291069317988,0.651282747469,0.235048473021,7.08265045576,0,0,0,0,0.340557479913,0,0,0.166669375853,0.520698819316,0.0415387963354,0.0415387963354,0,0.0649029448726,0.681552842185,1.46723766391,0,0,0.445201385842,0.340557479913,0.382096276248,0.215426900395,0.427183818963,0.74032208033,0.664971099467,0.229794506152,1.1404291489,0.769982096644,0.244462808191,1.07869899333,0.00255661390337,0,1,9.95412041231,1.00702324632,0,-1.33187353525e-16,0,1.33226762955e-15,0,B2: universal transfer + residual tax,ok,medium,B2
29,2056,0.623571972982,3.22389205849,3.22389205849,3.30257567334,5.27069305786,1.6348850899,0.0212205045428,0.280685452969,0.638750215946,0.235589299325,7.41720589957,0,0,0,0,0.35190523355,0,0,0.170428691985,0.549443706628,0.0339519570025,0.0339519570025,0,0.0524970033749,0.680692814953,1.46909145805,0,0,0.460361469612,0.35190523355,0.385857190552,0.215428498568,0.426004581067,0.74168314249,0.666535842544,0.230481882695,1.15417339225,0.794313541949,0.27270167212,1.10623180427,0.00250854603653,0,1,10.6158792221,1.02440640488,0,0,0,1.33226762955e-15,0,B2: universal transfer + residual tax,ok,medium,B2
30,2057,0.643580985584,3.32759526051,3.32759526051,3.45979919768,5.55474192845,1.66929614138,0.0210479939514,0.27108112692,0.627158528386,0.23608952464,7.75778392884,0,0,0,0,0.353794501291,0,0,0.172355198592,0.573528341957,0.0340255934694,0.0340255934694,0,0.0526805988791,0.679910306121,1.47078223553,0,0,0.463136077724,0.353794501291,0.38782009476,0.215464896169,0.428504561636,0.743063217546,0.668064361277,0.231148741628,1.18680187554,0.819827194054,0.300191838522,1.13449642206,0.00249942543195,0,1,11.2915113895,1.03972957251,0,0,1.59895532707e-16,1.33226762955e-15,0,B2: universal transfer + residual tax,ok,medium,B2
31,2058,0.661968262544,3.43542007132,3.43542007132,3.61738175105,5.85480002721,1.70424574162,0.020936728581,0.262255233979,0.616506350099,0.236549206564,8.10496278519,0,0,0,0,0.355423086728,0,0,0.174207052655,0.598474405255,0.0342723442378,0.0342723442378,0,0.0531300673743,0.679337293928,1.47202282127,0,0,0.465548126721,0.355423086728,0.389695430966,0.215488378311,0.430760579032,0.744359642959,0.669482312751,0.231766372581,1.21411093428,0.846324921644,0.327761524329,1.15902220943,0.0024782674688,0,1,11.9802161697,1.05296635519,0,0,-1.51700897652e-16,1.33226762955e-15,0,B2: universal transfer + residual tax,ok,medium,B2
32,2059,0.678764834065,3.54752915634,3.54752915634,3.77502922734,6.17172527033,1.73972503067,0.0208181767392,0.254192879649,0.606775704564,0.236969120852,8.45931988346,0,0,0,0,0.356739380313,0,0,0.175659747107,0.62315807446,0.0344337706629,0.0344337706629,0,0.0534310421575,0.678886307475,1.47300069097,0,0,0.467529414683,0.356739380313,0.391173150976,0.215513403869,0.433042463463,0.74557105008,0.670792188697,0.232335822554,1.24157036227,0.873909274155,0.355501834763,1.1846825379,0.00248245151544,0,1,12.6812101999,1.06412916173,0,0,7.19554403993e-17,1.33226762955e-15,0,B2: universal transfer + residual tax,ok,medium,B2
33,2060,0.694024979188,3.66408054391,3.66408054391,3.93252896004,6.50657090308,1.77577180008,0.0207198084576,0.24686800999,0.597935146666,0.23735062448,8.82143249569,0,0,0,0,0.35786791172,0,0,0.176928116218,0.648278868303,0.0345943777127,0.0345943777127,0,0.053722232817,0.678543370498,1.47374514803,0,0,0.469243040389,0.35786791172,0.392462289432,0.215534173215,0.43517046959,0.746681405231,0.671985344466,0.232853941049,1.27165196333,0.902587921999,0.383603714959,1.21554043778,0.00249321324952,0,1,13.3937387065,1.07326487857,0,6.82524199713e-17,6.82524199713e-17,1.33226762955e-15,0,B2: universal transfer + residual tax,ok,medium,B2
34,2061,0.707820792078,3.78522887891,3.78522887891,4.08974805771,6.86064872065,1.81247922916,0.0206712535262,0.240246019802,0.589942910576,0.237695519802,9.19187849189,0,0,0,0,0.359118592391,0,0,0.178298952935,0.674902345731,0.034724787058,0.034724787058,0,0.0539603795646,0.678248560207,1.47438573212,0,0,0.471096001295,0.359118592391,0.393843379449,0.215544426513,0.436842714615,0.747664997869,0.673045306411,0.233314708815,1.30651146939,0.932356142234,0.412358722849,1.24999724231,0.00248285242222,0,1,14.1170839718,1.08044934363,0,0,6.47299151921e-17,1.33226762955e-15,0,B2: universal transfer + residual tax,ok,medium,B2
35,2062,0.720237095837,3.91112678955,3.91112678955,4.24662818313,7.23516051298,1.84989157915,0.020641533093,0.234286193998,0.582749856292,0.238005927396,9.57123714109,0,0,0,0,0.360453166747,0,0,0.179702715968,0.702840106578,0.0348002522518,0.0348002522517,0,0.0541098710271,0.677940802971,1.47505504259,0,0,0.473039331546,0.360453166747,0.395253418998,0.21555070303,0.438142260224,0.748524614554,0.673976402438,0.233720173916,1.34479536358,0.963274000069,0.441821679947,1.27976155254,0.0024556773404,0,1,14.8505712884,1.08578126244,0,-1.22758633773e-16,9.20689753296e-17,1.33226762955e-15,0,B2: universal transfer + residual tax,ok,medium,B2
36,2063,0.731366905123,4.04192627799,4.04192627799,4.4031778938,7.63124246628,1.88802119124,0.0206118091034,0.228943885541,0.576302098254,0.238284172628,9.9600899716,0,0,0,0,0.361764629774,0,0,0.181067751735,0.731862503835,0.0348601026247,0.0348601026247,0,0.0542355401728,0.677613959479,1.47576652755,0,0,0.474933849047,0.361764629774,0.396624732399,0.215556980664,0.439178295368,0.749273046393,0.674790691251,0.234075380115,1.38342295762,0.995396559279,0.471937803397,1.31666599122,0.00241958815227,0,1,15.5935727079,1.08937610213,0,-5.81935657021e-17,2.32774262808e-16,1.33226762955e-15,0,B2: universal transfer + residual tax,ok,medium,B2
37,2064,0.741307547172,4.17778006867,4.17778006867,4.55946357603,8.04956904835,1.92675749227,0.0205168783105,0.224172377357,0.570543252525,0.238532688679,10.3590216858,0,0,0,0,0.362564055594,0,0,0.181912313989,0.75998963963,0.0349252906574,0.0349252906574,0,0.0543669616042,0.677324454173,1.47639730684,0,0,0.476138699855,0.362564055594,0.397489346252,0.215577032263,0.440506586181,0.749965335111,0.675533242434,0.234398160041,1.42359861617,1.02885240221,0.502264779583,1.35863278557,0.0024274676797,0,1,16.3455089287,1.0913603639,0,-1.10338629853e-16,-2.75846574632e-17,1.33226762955e-15,0,B2: universal transfer + residual tax,ok,medium,B2
38,2065,0.750157476529,4.31884286954,4.31884286954,4.71559984375,8.49214466867,1.96630091096,0.0205232982622,0.219924411266,0.56541628209,0.238753936913,10.7686211227,0,0,0,0,0.36377985101,0,0,0.183256713746,0.791456951455,0.0350525388365,0.0350525388365,0,0.0545968362831,0.677077630816,1.47693551594,0,0,0.47787419686,0.36377985101,0.398832389847,0.215575676101,0.44105954808,0.750534234356,0.676164183905,0.234670416048,1.46871433579,1.06346741031,0.53341221677,1.40428624711,0.00237105677451,0,1,17.1058496722,1.09186649901,0,0,0,1.33226762955e-15,0,B2: universal transfer + residual tax,ok,medium,B2
39,2066,0.758013763996,4.46527252012,4.46527252012,4.87174007717,8.95987428121,2.00656829809,0.0204787511934,0.216153393282,0.560864951572,0.2389503441,11.1894822605,0,0,0,0,0.364789136603,0,0,0.18427088443,0.822819716506,0.0350668344773,0.0350668344773,0,0.0546440184731,0.676799186109,1.47754314799,0,0,0.479323699544,0.364789136603,0.39985597108,0.215585086649,0.441703780432,0.75103727042,0.676744167225,0.234910498086,1.51685459845,1.09946780978,0.564940677727,1.44934001774,0.00234197701346,0,1,17.8741128797,1.0910286114,0,-4.95642233264e-17,1.23910558316e-16,1.33226762955e-15,0,B2: universal transfer + residual tax,ok,medium,B2
40,2067,0.764970203992,4.61723101483,4.61723101483,5.02806757896,9.45401480723,2.04755074564,0.0204241478322,0.212814302084,0.556834923676,0.2391242551,11.6222052519,0,0,0,0,0.365579872137,0,0,0.185122310032,0.854752471419,0.0351390606009,0.0351390606009,0,0.0547828574875,0.676563444295,1.47805798323,0,0,0.480472501046,0.365579872137,0.400718932738,0.215596622706,0.442340646603,0.751484704795,0.67725771618,0.235122829718,1.56845090681,1.13685016287,0.596766894431,1.49389927884,0.00231991407865,0,1,18.6498630252,1.08897899256,0,-2.34868052835e-16,-9.39472211341e-17,1.33226762955e-15,0,B2: universal transfer + residual tax,ok,medium,B2
41,2068,0.771115963868,4.77488540108,4.77488540108,5.18478764821,9.97599217245,2.08926316225,0.0203718597441,0.209864337343,0.553274541676,0.239277899097,12.067397484,0,0,0,0,0.366243223499,0,0,0.185851006823,0.887417259253,0.0352154540945,0.0352154540945,0,0.0549243069892,0.676378830111,1.47846141169,0,0,0.481441544901,0.366243223499,0.401458677594,0.215607670771,0.442930356889,0.751882697855,0.677712508737,0.235310652238,1.62194286703,1.17564301033,0.628860238584,1.53994706633,0.00230242624676,0,1,19.4327088046,1.08584546281,0,1.33547381205e-16,8.90315874698e-17,1.33226762955e-15,0,B2: universal transfer + residual tax,ok,medium,B2
42,2069,0.776534690267,4.93840855913,4.93840855913,5.34212072595,10.5273545721,2.13173018109,0.0203263138927,0.207263348672,0.550135347123,0.239413367257,12.525674657,0,0,0,0,0.366825292619,0,0,0.186490302155,0.920965304358,0.0352823047138,0.0352823047138,0,0.0550465482333,0.676236294494,1.47877303857,0,0,0.482292584207,0.366825292619,0.402107597333,0.215617295178,0.443451398716,0.752235493293,0.67811427161,0.235476411915,1.67373100424,1.21588230992,0.661209423698,1.58814464942,0.00228849260577,0,1,20.2223004145,1.08174944661,0,-2.10921560023e-16,0,1.33226762955e-15,0,B2: universal transfer + residual tax,ok,medium,B2
43,2070,0.781303987764,5.10797987514,5.10797987514,5.50029665503,11.109731703,2.1749756214,0.0202865450269,0.204974085873,0.547372381875,0.239532599694,12.9976618762,0,0,0,0,0.367340215519,0,0,0.187051225295,0.955453894427,0.0353367093135,0.0353367093135,0,0.0551457373509,0.676124393205,1.47901778142,0,0,0.483045315777,0.367340215519,0.402676924832,0.215625699537,0.443908245283,0.752547616042,0.678468782262,0.235622541209,1.7281127,1.25761211033,0.693795329294,1.63944578462,0.0022767810601,0,1,21.0183265953,1.07680468394,0,-7.99459828052e-17,-3.99729914026e-17,1.33226762955e-15,0,B2: universal transfer + residual tax,ok,medium,B2
44,2071,0.785495190856,5.28378582132,5.28378582132,5.65955001812,11.725097082,2.21907122629,0.0202740685722,0.202962308389,0.544944320196,0.239637379771,13.4839947531,0,0,0,0,0.36795496297,0,0,0.187707432265,0.991805869157,0.0353808056181,0.0353808056181,0,0.0552273225831,0.676020329016,1.47924545621,0,0,0.483920373228,0.36795496297,0.403335768588,0.215628336323,0.44412367604,0.752808248679,0.678769569251,0.235746656431,1.78725309726,1.30083851513,0.726734419384,1.69428728104,0.00224897731497,0,1,21.8205115742,1.07111647018,0,-3.03000790012e-16,7.5750197503e-17,1.33226762955e-15,0,B2: universal transfer + residual tax,ok,medium,B2
45,2072,0.789173359243,5.46602045778,5.46602045778,5.820116468,12.3753692593,2.26405469114,0.0202713028395,0.201196787563,0.542813471483,0.239729333981,13.9853205118,0,0,0,0,0.368646370234,0,0,0.188412269264,1.0298653183,0.035394819875,0.035394819875,0,0.0552613728159,0.675893201863,1.47952368398,0,0,0.48488832558,0.368646370234,0.404041190109,0.215628920845,0.444156288411,0.753020124169,0.679020355389,0.235850313615,1.84859770399,1.34562840269,0.760020557455,1.75093272246,0.00221069572436,0,1,22.6286120125,1.06478131814,2.22044604925e-16,7.17698519607e-17,-3.58849259804e-17,1.33226762955e-15,0,B2: universal transfer + residual tax,ok,medium,B2
46,2073,0.792397436693,5.65488587053,5.65488587053,5.98222993638,13.0622961681,2.30991331517,0.0202550866851,0.199649230387,0.540945688239,0.239809935917,14.5022990994,0,0,0,0,0.369261580878,0,0,0.189030833692,1.06894779054,0.0354016009116,0.0354016009116,0,0.0552848561236,0.675750575186,1.4798359583,0,0,0.485749022941,0.369261580878,0.40466318179,0.215632348097,0.444178863517,0.753199231502,0.679234682771,0.235938897103,1.91052557727,1.39206983747,0.793520368198,1.81147149002,0.00217786515939,0,1,23.4424140313,1.05788694473,0,6.79955811957e-17,0,1.33226762955e-15,0,B2: universal transfer + residual tax,ok,medium,B2
47,2074,0.795220524113,5.85059255876,5.85059255876,6.14612059656,13.7877108877,2.35663494752,0.0202265738913,0.198294148426,0.53931020787,0.239880513103,15.0356042983,0,0,0,0,0.369743747542,0,0,0.18952982599,1.1088617896,0.0354244529334,0.0354244529334,0,0.0553336564946,0.675621670641,1.48011830208,0,0,0.486428454888,0.369743747542,0.405168200475,0.215638374485,0.444250680788,0.753357386791,0.679422966334,0.236016588112,1.97476885271,1.44021966477,0.827131253114,1.87346251781,0.00215411721668,0,1,24.2617303697,1.05051249678,0,-6.44181203781e-17,-1.28836240756e-16,1.33226762955e-15,0,B2: universal transfer + residual tax,ok,medium,B2
48,2075,0.797690227249,6.05335978349,6.05335978349,6.31201345581,14.5534786305,2.40419851966,0.0201828340844,0.19710869092,0.537879451256,0.239942255681,15.5859248413,0,0,0,0,0.370032545512,0,0,0.189843616957,1.14919171604,0.0354586913125,0.0354586913125,0,0.0553979604728,0.675530834941,1.48031732717,0,0,0.486847937907,0.370032545512,0.405491236825,0.215647619868,0.444456102466,0.753508049247,0.679596906595,0.236088078501,2.0410788221,1.49014600014,0.860738071933,1.93784492495,0.00214600986485,0,1,25.0863977084,1.04272894419,2.22044604925e-16,-1.22057199142e-16,-1.22057199142e-16,1.33226762955e-15,0,B2: universal transfer + residual tax,ok,medium,B2
49,2076,0.799849048082,6.26341588794,6.26341588794,6.48012746111,15.3618611666,2.45263310651,0.0201458350659,0.196072456921,0.536628796009,0.239996226202,16.1539655271,0,0,0,0,0.370231484127,0,0,0.190080475287,1.1905530689,0.0355044322136,0.0355044322136,0,0.0554771851981,0.675487014006,1.48041335994,0,0,0.487144270714,0.370231484127,0.40573591634,0.215655441053,0.444683902877,0.753648936628,0.679756028171,0.236153296093,2.11057828227,1.54186928622,0.894368392706,2.00497156484,0.0021426050707,0,1,25.9162741805,1.03459958225,2.22044604925e-16,1.15634220368e-16,8.67256652761e-17,1.33226762955e-15,0,B2: universal transfer + residual tax,ok,medium,B2
50,2077,0.80173479641,6.48099859857,6.48099859857,6.65067501381,16.215309252,2.50197697244,0.0201187310913,0.195167297723,0.535536338032,0.24004336991,16.7404483395,0,0,0,0,0.370401464583,0,0,0.190278127991,1.23319228085,0.0355378343038,0.0355378343038,0,0.0555335393873,0.67547245212,1.4804452748,0,0,0.487398161838,0.370401464583,0.405939298886,0.215661170896,0.444891132662,0.753777717856,0.679899634683,0.236212051161,2.18294542432,1.59543938576,0.928054853979,2.0744089268,0.00214069725563,0,1,26.7512370779,1.02618059743,0,-1.09548132064e-16,-2.7387033016e-17,1.33226762955e-15,0,B2: universal transfer + residual tax,ok,medium,B2
1,2028,0.00695643999543,0.986523654272,1.01634339757,1.01634339757,0.966793181187,0.98,-0.02,0.576660908802,0.966747989676,0.220173911,3.03720677125,0,0,0,0,0.323612151303,0,0,0.115094557185,0.113543503141,0.0227578759799,0.0227578759799,0,0.036670265526,0.643366307727,1.55432447735,0,0,0.414979898554,0.323612151303,0.346370027283,0.231275470098,0.33704815012,0.740431317514,0.669151686418,0.232347359604,0.434641704909,0.252166547649,-0.781823452748,0.393745100509,0.00354045138169,0,1,0.194589568922,1,-0.029340224351,2.29671256734e-16,5.74178141835e-17,1.33226762955e-15,0,B5: usownership + residual tax,ok,medium,B5
2,2029,0.0148127274627,1.03890078111,1.03890078111,1.03890078111,0.998044115509,0.96067317847,-0.0197212464587,0.572889890818,0.991418641586,0.220370318187,3.08391726068,0,0,0,0,0.2179440964,0,0,0.0788815752094,0.0819501301006,0.085363438472,0.085363438472,0,0.136971353187,0.708584546287,1.41126419598,0,0,0.279548228452,0.2179440964,0.303307534872,0.224425959662,0.371841667027,0.732913751122,0.657263175724,0.226939611665,0.496225862293,0.261341353992,-0.730737362815,0.438800806866,0.00398889672061,0,1,0.397042326348,1,0,0,5.56199374042e-17,1.33226762955e-15,0,B5: usownership + residual tax,ok,medium,B5
3,2030,0.0236626568198,1.06415868889,1.06415868889,1.06415868889,1.02613388954,0.964267735863,0.00374170682938,0.568641924726,0.986291671152,0.22059156642,3.13362665714,0,0,0,0,0.242114596366,0,0,0.0850091202652,0.0904631939655,0.0620744169959,0.0620744169959,0,0.0900689843586,0.751261904098,1.33109371651,0,0,0.310638922977,0.242114596366,0.304189013362,0.219179893097,0.368071781202,0.72918162036,0.651166613638,0.223954978567,0.494121782433,0.265701185473,-0.710703199639,0.460694593799,0.00401437012797,0,1,0.602298544711,1,0,1.62292129118e-16,8.11460645591e-17,1.33226762955e-15,0,B5: usownership + residual tax,ok,medium,B5
4,2031,0.0336032988689,1.09141981469,1.09141981469,1.09141981469,1.06628478107,0.976970334159,0.0131733105068,0.563870416543,0.980532825422,0.220840082472,3.1866382996,0,0,0,0,0.281051400844,0,0,0.0965269828225,0.105351461705,0.0326151352199,0.0326151352199,0,0.045112510519,0.755588315934,1.32347202691,0,0,0.360710804704,0.281051400844,0.313666536064,0.217139553242,0.359227230842,0.728331003572,0.649097784365,0.222840634689,0.488176697697,0.271467126155,-0.686960754016,0.473489258256,0.00385175994301,0,1,0.811067436774,1,0,1.56181028418e-16,1.56181028418e-16,1.33226762955e-15,0,B5: usownership + residual tax,ok,medium,B5
5,2032,0.0447331081546,1.12093105182,1.12093105182,1.12093105182,1.11343429508,0.993312026888,0.0167269078261,0.558528108086,0.974085067384,0.221118327704,3.24329840127,0,0,0,0,0.291983912225,0,0,0.100185451932,0.11230098401,0.0245821609985,0.0245821609985,0,0.0339723983988,0.748174316899,1.33658691218,0,0,0.374875828525,0.291983912225,0.316566073224,0.216380621292,0.358026345615,0.728556743506,0.648673457145,0.222513427113,0.496544579896,0.278354314746,-0.662136085646,0.481378230252,0.00383032216298,0,1,1.02413280067,1,0,-3.48990560409e-16,-7.47836915161e-17,1.33226762955e-15,0,B5: usownership + residual tax,ok,medium,B5
6,2033,0.0571494119133,1.15296684664,1.15296684664,1.15296684664,1.16640632131,1.01165642768,0.0184679137067,0.552568282282,0.9668920131,0.221428735298,3.30400048789,0,0,0,0,0.29342889096,0,0,0.102265804532,0.11790908217,0.0248476460057,0.0248476460057,0,0.0347910652261,0.739043829545,1.35309972159,0,0,0.376881223676,0.29342889096,0.318276536966,0.216010732434,0.359184588949,0.72903327226,0.648826605206,0.222489681913,0.508868283627,0.286064176905,-0.636006655175,0.493071804972,0.00374792700428,0,1,1.24235937813,1,0,0,4.75916069873e-17,1.33226762955e-15,0,B5: usownership + residual tax,ok,medium,B5
7,2034,0.0709452248035,1.18782997871,1.18782997871,1.18782997871,1.22504449778,1.03132983654,0.0194467294627,0.545946292094,0.95889977701,0.22177363062,3.36918982555,0,0,0,0,0.292781113395,0,0,0.103991190548,0.123523853655,0.0270134081585,0.0270134081585,0,0.0383893876466,0.73068204719,1.36858433001,0,0,0.376215873574,0.292781113395,0.319794521553,0.215803331005,0.361125714406,0.72952870544,0.649192349436,0.222594665372,0.522959302479,0.294555359713,-0.60857635696,0.505582145184,0.00366861307315,0,1,1.46669883847,1,0,4.53135794918e-17,4.53135794918e-17,1.33226762955e-15,0,B5: usownership + residual tax,ok,medium,B5
8,2035,0.0862053699267,1.22585154325,1.22585154325,1.22585154325,1.28961140447,1.05201271033,0.0200545674645,0.538621422435,0.950059219112,0.222155134248,3.43936765018,0,0,0,0,0.292045415602,0,0,0.105901348935,0.129819332024,0.02953066978,0.02953066978,0,0.0425453265533,0.723629697156,1.38192227866,0,0,0.375454577719,0.292045415602,0.321576085382,0.215674736448,0.363290198707,0.729962392494,0.649619425399,0.222751509011,0.539266369098,0.30385941526,-0.5797015645,0.5200601684,0.00358132639733,0,1,1.69819501246,1,0,-1.72179467516e-16,4.30448668791e-17,1.33226762955e-15,0,B5: usownership + residual tax,ok,medium,B5
9,2036,0.103001941447,1.26738985832,1.26738985832,1.26738985832,1.36017489607,1.07320954727,0.0201488411105,0.530559068105,0.940328573577,0.222575048536,3.5150949504,0,0,0,0,0.289160370506,0,0,0.105472092752,0.13367426069,0.0319665278328,0.0319665278328,0,0.0465923885041,0.718055583558,1.39264984898,0,0,0.371946346669,0.289160370506,0.321126898339,0.215654805588,0.367534241445,0.730453723872,0.650126506925,0.222953077576,0.556133782213,0.314154083142,-0.550619983575,0.535245886248,0.00369778925151,0,1,1.9379878905,1,0,4.08117745678e-17,-4.08117745678e-17,1.33226762955e-15,0,B5: usownership + residual tax,ok,medium,B5
10,2037,0.121389218408,1.31282799069,1.31282799069,1.31282799069,1.43706193075,1.09463078251,0.0199599745405,0.521733175164,0.92967639529,0.22303473046,3.59699549042,0,0,0,0,0.283988959139,0,0,0.102837395441,0.135007811224,0.0345431748126,0.0345431748126,0,0.0508258811279,0.714180675355,1.40020590658,0,0,0.365510493548,0.283988959139,0.318532133952,0.215694738511,0.37384443211,0.731053125851,0.65071505336,0.223191495562,0.575015549141,0.325512245196,-0.521774902703,0.549754927929,0.0040061735538,0,1,2.1873157823,1,-2.22044604925e-16,0,-1.1588467423e-16,1.33226762955e-15,0,B5: usownership + residual tax,ok,medium,B5
11,2038,0.14139823101,1.36256958599,1.36256958599,1.36256958599,1.5219198169,1.1169483251,0.0203881920191,0.512128849115,0.91808470773,0.223534955775,3.68575769314,0,0,0,0,0.283205095431,0,0,0.104616929709,0.142547846602,0.0370160540457,0.0370160540457,0,0.054890642379,0.711376062263,1.40572624389,0,0,0.364736439248,0.283205095431,0.320221149477,0.215604219767,0.377218299046,0.731457086515,0.651204866829,0.223402056728,0.596770297082,0.337736103629,-0.489885230366,0.567357906991,0.00398045009888,0,1,2.44751492028,1,0,0,7.29488513322e-17,1.33226762955e-15,0,B5: usownership + residual tax,ok,medium,B5
12,2039,0.163031283134,1.4170327126,1.4170327126,1.4170327126,1.61563221047,1.14015166771,0.0207738729623,0.501744984096,0.905552176207,0.224075782078,3.78213494486,0,0,0,0,0.284532313071,0,0,0.107532217622,0.152376670029,0.0385226621638,0.0385226621638,0,0.0574867525538,0.708636391892,1.41116094437,0,0,0.366701162948,0.284532313071,0.323054975235,0.215522757613,0.379969090114,0.731769737069,0.651679378965,0.22361679686,0.616406695602,0.351092724564,-0.455407459049,0.587189384665,0.00390272115651,0,1,2.72001569305,1,2.22044604925e-16,-6.8717559444e-17,-6.8717559444e-17,1.33226762955e-15,0,B5: usownership + residual tax,ok,medium,B5
13,2040,0.186256836159,1.47664149646,1.47664149646,1.47664149646,1.71899962751,1.16412794279,0.0210290225055,0.490596718644,0.892097071779,0.224656420904,3.88694384172,0,0,0,0,0.286264747674,0,0,0.110748606972,0.16353598873,0.0399527589581,0.0399527589581,0,0.0599869254056,0.705977208253,1.4164763229,0,0,0.369210186802,0.286264747674,0.326217506632,0.21546889966,0.382826677863,0.732047522488,0.652167286993,0.22384430184,0.638136024614,0.365721372127,-0.418849816452,0.606041668638,0.00381560446109,0,1,3.00633464254,1,0,1.93756241745e-16,3.22927069575e-17,1.33226762955e-15,0,B5: usownership + residual tax,ok,medium,B5
14,2041,0.211005241898,1.54181544897,1.54181544897,1.54181544897,1.83292976657,1.18881268688,0.0212044940986,0.478717483889,0.877759743265,0.225275131047,4.00105988853,0,0,0,0,0.288236323076,0,0,0.11420085369,0.176076640505,0.0413964066689,0.0413964066689,0,0.062523316356,0.7034919109,1.42148045273,0,0,0.372049916851,0.288236323076,0.329632729745,0.215431876056,0.385839241256,0.73231629907,0.652679835055,0.224087325377,0.662352008327,0.381720246159,-0.380455809275,0.626535482647,0.00372102091705,0,1,3.30806137769,1,0,2.42283811387e-16,6.05709528468e-17,1.33226762955e-15,0,B5: usownership + residual tax,ok,medium,B5
15,2042,0.237165855518,1.61295657717,1.61295657717,1.61295657717,1.95824087344,1.21406918274,0.0212451432752,0.466160389351,0.862604289796,0.225861600763,4.1253012497,0.000112539844206,0.000112539844206,3.59487228025e-05,0,0.290514980192,3.59487228025e-05,5.28233854522e-05,0.11787134805,0.190121366097,0.0427796689607,0.0427796689607,0,0.0649678655161,0.701253956531,1.42601690969,0,0,0.375275248559,0.290514980192,0.333294649153,0.215423301103,0.388980153852,0.732525260047,0.653168237069,0.224326605461,0.686334964781,0.39919998863,-0.340293623917,0.646722460872,0.00361853496516,0,0.999887460156,3.62687239238,1,-1.11022302463e-16,-1.13389832649e-16,0,1.33226762955e-15,0,B5: usownership + residual tax,ok,medium,B5
16,2043,0.264586041452,1.69041631898,1.69041631898,1.69041631898,2.095565026,1.23967392084,0.021090015675,0.452998700103,0.846719136716,0.226303937798,4.26033104422,0.00062977930431,0.00062977930431,0.000208472257576,0,0.292891586123,0.000208472257576,0.000323243644971,0.121577554653,0.205516682407,0.0441419975014,0.0441419975014,0,0.0673614904349,0.69944218781,1.42971072868,0,0,0.378561557221,0.292891586123,0.337033583624,0.215456028972,0.392333986847,0.732514189874,0.653491436944,0.22450721829,0.715892473281,0.418269729692,-0.298416550817,0.676624353953,0.00351568603371,0,0.999370220696,3.96447909492,1,0,-3.17877902384e-16,-2.64898251987e-17,1.33226762955e-15,0,B5: usownership + residual tax,ok,medium,B5
17,2044,0.293072490725,1.77446349539,1.77446349539,1.77446349539,2.24583528827,1.26564186533,0.0209473991939,0.439325204452,0.830216272421,0.226637652417,4.40687142246,0.00177544787755,0.00177544787755,0.00060881872818,0,0.295256097694,0.00060881872818,0.00101985918629,0.125273096557,0.222292536795,0.0455031249586,0.0455031249586,0,0.0697214096413,0.698145192764,1.43236680617,0,0,0.381782354179,0.295256097694,0.340759222653,0.215486126096,0.395830040584,0.73215864145,0.653542580166,0.224585203497,0.746393294466,0.438959423343,-0.254990363494,0.705921362511,0.00340991130623,0,0.998224552122,4.32244094115,1,0,-4.94347484175e-17,-7.41521226262e-17,4.4408920985e-16,0,B5: usownership + residual tax,ok,medium,B5
18,2045,0.322395092313,1.8653052783,1.8653052783,1.8653052783,2.41004616861,1.29203846504,0.020856294688,0.42525035569,0.813229005593,0.226901555831,4.56569980686,0.00369728560518,0.00369728560518,0.00131365297354,0,0.297867316333,0.00131365297354,0.00231572171974,0.128981896797,0.240590612901,0.0466199372364,0.0466199372364,0,0.0716594372652,0.697196316504,1.4343162411,0,0,0.385290280403,0.297867316333,0.344487253569,0.215505356772,0.399286357352,0.731388571116,0.653263512284,0.224534515707,0.774692041754,0.461308490854,-0.210188011053,0.73247247567,0.00329934877049,0,0.996302714395,4.7021284169,1,0,-9.21329258407e-17,4.60664629203e-17,6.66133814775e-16,0,B5: usownership + residual tax,ok,medium,B5
19,2046,0.352293356219,1.96307438355,1.96307438355,1.96307438355,2.58898470858,1.31884187898,0.0207450588097,0.410899189015,0.795908244161,0.227170640206,4.73771068293,0.0064052442091,0.0064052442091,0.00236049730803,0,0.299703246393,0.00236049730803,0.00441281687332,0.131643431658,0.258425848449,0.047469026772,0.047469026772,0,0.0731407428372,0.696478387775,1.43579473183,0,0,0.38780002674,0.299703246393,0.347172273165,0.215528841508,0.403472999104,0.730285207733,0.65270954841,0.22437525292,0.8038351551,0.485407536462,-0.164890191911,0.761626705165,0.00327672296879,0,0.993594755791,5.10467166097,1,0,8.57651280016e-17,-8.57651280016e-17,6.66133814775e-16,0,B5: usownership + residual tax,ok,medium,B5
20,2047,0.382485101996,2.0678300401,2.0678300401,2.0678300401,2.78399036278,1.34633422901,0.0208458272911,0.396407151042,0.778417461838,0.227442365918,4.92376019859,0.00989980556786,0.00989980556786,0.00378385703793,0,0.302800041261,0.00378385703793,0.00740052185887,0.135423729544,0.280033256094,0.0481312547721,0.0481312547721,0,0.0743118000817,0.695824551384,1.43714388636,0,0,0.391944921522,0.302800041261,0.350931296033,0.215507566489,0.406482427466,0.728726778432,0.651798157278,0.224076546271,0.835748564953,0.511119985134,-0.11817518682,0.789686533988,0.00314512331886,0,0.990100194432,5.53099695057,1,0,-7.97576772872e-17,3.98788386436e-17,2.22044604925e-16,0,B5: usownership + residual tax,ok,medium,B5
21,2048,0.412676847773,2.17952766874,2.17952766874,2.17952766874,2.99575867081,1.37449903196,0.0209196218395,0.381915113069,0.760926679515,0.22771409163,5.12464374995,0.0141717850809,0.0141717850809,0.00561335472029,0,0.306257044277,0.00561335472029,0.011584700932,0.139135557656,0.303249797617,0.0483705024576,0.0483705024576,0,0.074803160553,0.695007651209,1.43883308085,0,0,0.396559151162,0.306257044277,0.354627546735,0.215491989079,0.409173807882,0.726756366569,0.650557968088,0.223648753817,0.869754988136,0.538538046097,-0.0705146656563,0.822989773561,0.00300802483236,0,0.985828214919,5.98178012236,1,0,-1.4823931386e-16,7.41196569299e-17,1.22124532709e-15,0,B5: usownership + residual tax,ok,medium,B5
22,2049,0.442575111679,2.29801482443,2.29801482443,2.29801482443,3.22477768865,1.40328846201,0.0209453985649,0.367563946394,0.743605918083,0.227983176005,5.34107384313,0.0192025355956,0.0192025355956,0.00787204217854,0,0.309547783449,0.00787204217854,0.017165660725,0.142528844813,0.32753339829,0.0484676097234,0.0484676097234,0,0.0750680218728,0.694116829114,1.44067966379,0,0,0.400959893396,0.309547783449,0.358015393173,0.215486548359,0.411736278904,0.724402569068,0.649002686166,0.223095892339,0.909219013224,0.567643388538,-0.0223335393815,0.855535406125,0.00288430517565,0,0.980797464404,6.45740614269,1,0,1.37711573549e-16,0,8.881784197e-16,0,B5: usownership + residual tax,ok,medium,B5
23,2050,0.471897713267,2.42303280726,2.42303280726,2.42303280726,3.4714251334,1.43267772644,0.0209431383717,0.353489097632,0.726618651255,0.228247079419,5.57365957414,0.024964539197,0.024964539197,0.0105750585118,0,0.312625020165,0.0105750585118,0.0244357941403,0.145571391615,0.352724257683,0.0484333968603,0.0484333968603,0,0.0751139115018,0.693232687591,1.44251709116,0,0,0.405084337004,0.312625020165,0.361058417025,0.21548702541,0.414126924178,0.721684047186,0.647140915693,0.222420276791,0.944933597664,0.59837104888,0.0260663831125,0.88921246459,0.00276874348669,0,0.975035460803,6.9579381669,1,0,0,-1.27927059575e-16,2.22044604925e-16,0,B5: usownership + residual tax,ok,medium,B5
24,2051,0.50038416254,2.55422414219,2.55422414219,2.55422414219,3.73578329713,1.46259023843,0.0208787443528,0.339815601981,0.71011578696,0.228503457463,5.82288904732,0.0314223415606,0.0314223415606,0.0137287659747,0,0.315131763597,0.0137287659747,0.0335445020671,0.147876898549,0.377710744346,0.0482457526478,0.0482457526478,0,0.0748951898347,0.692422671809,1.44420458878,0,0,0.408468147583,0.315131763597,0.363377516244,0.215500617695,0.416643073125,0.718650040242,0.645003671586,0.221632916824,0.990298635711,0.630669909476,0.0741920180486,0.932065386568,0.00269235237205,0,0.968577658439,7.48309884658,1,0,2.37748913429e-16,5.94372283573e-17,2.22044604925e-16,0,B5: usownership + residual tax,ok,medium,B5
25,2052,0.527804348473,2.69114551496,2.69114551496,2.69114551496,4.01790502423,1.4930092044,0.0207980097033,0.326653912733,0.69423063388,0.228750239136,6.08911588458,0.0385337570129,0.0385337570129,0.0173304389666,0,0.317153754632,0.0173304389666,0.0446388627265,0.149583113671,0.402549925469,0.0479470206221,0.0479470206221,0,0.0744746270265,0.691750454576,1.44560801281,0,0,0.411220554904,0.317153754632,0.365100775254,0.215517661583,0.419135962175,0.715319769893,0.642602818247,0.220737705847,1.03807681557,0.664414141485,0.121822379391,0.971218681839,0.00264147016099,0,0.961466242987,8.03226567717,1,0,-1.10527552835e-16,0,2.22044604925e-16,0,B5: usownership + residual tax,ok,medium,B5
26,2053,0.553964962093,2.83328517515,2.83328517515,2.83328517515,4.31765324765,1.52390351862,0.0206926481911,0.314096818195,0.679075180411,0.228985684659,6.37255067717,0.0462512552903,0.0462512552903,0.0213685151697,0,0.318597667516,0.0213685151697,0.0580211638412,0.150558239282,0.426574427354,0.0475004802678,0.0475004802678,0,0.0737898524497,0.691226937103,1.44670287907,0,0,0.41321887438,0.318597667516,0.366098147784,0.215539908502,0.421693675821,0.711727028129,0.639961920052,0.219743179732,1.08335971437,0.699494339234,0.168668388907,1.01624239342,0.00262751609817,0,0.95374874471,8.60448095609,1,0,0,5.14271508593e-17,4.4408920985e-16,0,B5: usownership + residual tax,ok,medium,B5
27,2054,0.578713367833,2.98008337477,2.98008337477,2.98008337477,4.63503787237,1.55533832094,0.0206278166176,0.30221758344,0.664737851897,0.22920842031,6.67325783926,0.0545234347371,0.0545234347371,0.0258233544191,0,0.319853610145,0.0258233544191,0.0737897526637,0.151234493616,0.450691400115,0.0469344833415,0.0469344833415,0,0.0728915043281,0.690829595318,1.44753497357,0,0,0.414967701481,0.319853610145,0.366788093486,0.215553599871,0.423910962388,0.707862688177,0.637073261948,0.218646276909,1.12899313352,0.735724064139,0.214815155085,1.05651656869,0.0026127035259,0,0.945476565263,9.19847562476,1,0,-2.39528360975e-16,0,1.11022302463e-15,0,B5: usownership + residual tax,ok,medium,B5
28,2055,0.601938920858,3.12414213259,3.12414213259,3.13095417298,4.95924256044,1.58739338672,0.0206097061607,0.291069317988,0.651282747469,0.229417450288,6.9895950913,0.063296490923,0.063296490923,0.0306684008675,0,0.322748963114,0.0306684008675,0.0918953621326,0.151990888182,0.47484113754,0.0447993498818,0.0447993498818,0,0.0693845603092,0.690466767563,1.44829562693,0,0,0.418837622568,0.322748963114,0.367548312996,0.215557424814,0.42507261891,0.703780299236,0.633993486117,0.217471136942,1.17178276926,0.771249196831,0.258378683971,1.10544657796,0.00258901584007,0,0.936703509077,9.81136870785,1.0021804515,0,-1.34321684543e-16,-1.34321684543e-16,7.77156117238e-16,0,B5: usownership + residual tax,ok,medium,B5
29,2056,0.623571972982,3.22389205849,3.22389205849,3.28501314086,5.22357800731,1.62027075117,0.0207115417847,0.280685452969,0.638750215946,0.229612147757,7.31046416551,0.0725156023399,0.0725156023399,0.0358716141076,0,0.335535923302,0.0358716141076,0.110988513412,0.154480112184,0.498027206864,0.034480107693,0.034480107693,0,0.0525991307592,0.690006295964,1.4492621384,0,0,0.435541555238,0.335535923302,0.370016030995,0.215535918811,0.421909884218,0.699737534424,0.631004436322,0.216338910137,1.1948999923,0.795658103317,0.288607351924,1.13826614042,0.00252607961626,0,0.92748439766,10.4322304919,1.01895878685,0,-8.50162875387e-17,-4.25081437693e-17,6.66133814775e-16,0,B5: usownership + residual tax,ok,medium,B5
30,2057,0.643580985584,3.32759526051,3.32759526051,3.43963732902,5.50251263099,1.65360033304,0.0205703780317,0.27108112692,0.627158528386,0.22979222887,7.63649184727,0.0821261729914,0.0821261729914,0.0413970268535,0,0.335049482367,0.0413970268535,0.132140318546,0.153959772249,0.512315808444,0.034476021296,0.034476021296,0,0.0526328697705,0.689504360932,1.45031715049,0,0,0.435011817494,0.335049482367,0.369525503663,0.215565731414,0.423588825427,0.695508130458,0.62779937176,0.215113269211,1.23017158131,0.821360285275,0.317983154968,1.17068336373,0.00252630607376,0,0.917873827009,11.0597435538,1.03367058183,0,8.07066225253e-17,8.07066225253e-17,6.66133814775e-16,0,B5: usownership + residual tax,ok,medium,B5
31,2058,0.661968262544,3.43542007132,3.43542007132,3.59446978512,5.79671469703,1.68733796062,0.0204025282961,0.262255233979,0.616506350099,0.229957714363,7.96830368391,0.0920748920978,0.0920748920978,0.047206297837,0,0.333333896398,0.047206297837,0.155442613937,0.15247887778,0.523828997177,0.03474617199,0.03474617199,0,0.0530873229187,0.689255950968,1.45083984925,0,0,0.43287739208,0.333333896398,0.368080068388,0.215601190608,0.425717042988,0.691073841779,0.624368796871,0.213790593725,1.26080472066,0.848167581893,0.346904680487,1.20052513527,0.00258439217956,0,0.907925107902,11.6926385601,1.0462970206,0,0,1.14915749626e-16,1.11022302463e-15,0,B5: usownership + residual tax,ok,medium,B5
32,2059,0.678764834065,3.54752915634,3.54752915634,3.74923282203,6.10740738659,1.72159469801,0.0203022383077,0.254192879649,0.606775704564,0.230108883507,8.30652343625,0.102310590987,0.102310590987,0.0532601531424,0,0.331305431607,0.0532601531424,0.180964540067,0.15069712955,0.534602460857,0.0350140809394,0.0350140809394,0,0.0535225961623,0.689206579997,1.45094377945,0,0,0.430327645701,0.331305431607,0.366319512546,0.215622382996,0.427613400329,0.686401264748,0.620693696605,0.212364131579,1.29281981346,0.876028662526,0.375963429038,1.23465087036,0.00264991019455,0,0.897689409013,12.3297103518,1.05685750752,0,2.18139636874e-16,3.63566061456e-17,8.881784197e-16,0,B5: usownership + residual tax,ok,medium,B5
33,2060,0.694024979188,3.66408054391,3.66408054391,3.90373042252,6.43725819305,1.75685499156,0.0204811815442,0.24686800999,0.597935146666,0.230246224813,8.65177274272,0.112784894464,0.112784894464,0.0595196406699,0,0.330989937675,0.0595196406699,0.208731017309,0.150583863058,0.551751402859,0.035178498601,0.035178498601,0,0.0537987176151,0.689069523525,1.45123237331,0,0,0.429994562345,0.330989937675,0.366168436276,0.215584573218,0.427373823227,0.681330981656,0.616659997648,0.210790816395,1.33008470953,0.904719615328,0.406780080723,1.26927790915,0.0025410134426,0,0.887215105536,12.969829586,1.06540518849,0,-6.89873229459e-17,-3.44936614729e-17,2.22044604925e-16,0,B5: usownership + residual tax,ok,medium,B5
34,2061,0.707820792078,3.78522887891,3.78522887891,4.05784606224,6.78546086765,1.79261573995,0.0203549800973,0.240246019802,0.589942910576,0.230370387129,9.00467102036,0.123452677386,0.123452677386,0.0659471547413,0,0.329034073793,0.0659471547413,0.238892308593,0.148482935373,0.562041894999,0.035060099131,0.035060099131,0,0.0536325589884,0.68876933457,1.45186486943,0,0,0.427522626845,0.329034073793,0.364094172924,0.215611237551,0.428521146373,0.676135884471,0.612473895068,0.209150535512,1.36707077013,0.934866868141,0.437417577457,1.30531496095,0.00260229178741,0,0.876547322614,13.6119503041,1.07202132078,0,-1.30894339681e-16,-3.27235849202e-17,8.881784197e-16,0,B5: usownership + residual tax,ok,medium,B5
35,2062,0.720237095837,3.91112678955,3.91112678955,4.21153705641,7.15408582546,1.82916233873,0.0203873021804,0.234286193998,0.582749856292,0.230482133863,9.3658356074,0.134272346416,0.134272346416,0.0725072165799,0,0.327426231399,0.0725072165799,0.271462845803,0.14710928065,0.575363048541,0.0352874570375,0.0352874570375,0,0.0540158674552,0.688566922868,1.45229166082,0,0,0.425495294921,0.327426231399,0.362713688437,0.215604407787,0.428627868147,0.670707392673,0.608058371302,0.20741416162,1.40937921003,0.966051597054,0.468984490827,1.34554307749,0.00257035074574,0,0.865727653584,14.2551139425,1.07680913533,0,0,0,1.22124532709e-15,0,B5: usownership + residual tax,ok,medium,B5
36,2063,0.731366905123,4.04192627799,4.04192627799,4.36482656027,7.54325874357,1.86625342096,0.0202776327942,0.228943885541,0.576302098254,0.230582302146,9.73588213724,0.145205972301,0.145205972301,0.0791670189229,0,0.324852065772,0.0791670189229,0.306026669076,0.144553705534,0.584275420978,0.035329222812,0.035329222812,0,0.054099442071,0.688371499398,1.45270395546,0,0,0.422205086624,0.324852065772,0.360181288584,0.215627583051,0.429437392918,0.665191772786,0.603527883368,0.205626526244,1.45680821352,0.998633847061,0.500530381828,1.38897681617,0.00263829027188,0,0.854794027699,14.8984503786,1.07988772186,0,-1.17744657832e-16,-2.9436164458e-17,1.55431223448e-15,0,B5: usownership + residual tax,ok,medium,B5
37,2064,0.741307547172,4.17778006867,4.17778006867,4.51779425824,7.95533317597,1.90420104582,0.0203335862318,0.224172377357,0.570543252525,0.230671767925,10.1154251234,0.156219300064,0.156219300064,0.0858967585114,0,0.32295411091,0.0858967585114,0.342909369302,0.1428537978,0.596811749181,0.0355154452734,0.0355154452734,0,0.0544118824529,0.68823032431,1.45300194525,0,0,0.419787156438,0.32295411091,0.358469556184,0.215615758384,0.429109058304,0.659490889787,0.598813241793,0.203761699349,1.50916433883,1.032309694,0.533075307206,1.43157935212,0.00261024050059,0,0.843780699936,15.541176612,1.08138633054,0,1.67468489387e-16,8.37342446935e-17,8.881784197e-16,0,B5: usownership + residual tax,ok,medium,B5
38,2065,0.750157476529,4.31884286954,4.31884286954,4.67056660722,8.39165256221,1.94303261677,0.0203925793601,0.219924411266,0.56541628209,0.230751417289,10.5050787292,0.167281664084,0.167281664084,0.0926697890452,0,0.321371335083,0.0926697890452,0.3821379819,0.141277209532,0.610154069016,0.0355091671915,0.0355091671915,0,0.0544246699572,0.687955332128,1.45358274484,0,0,0.417773061018,0.321371335083,0.356880502275,0.215603292742,0.428304871857,0.653643281796,0.593948585236,0.201833758279,1.56102183531,1.06726810211,0.566471449433,1.47594416303,0.00256480022777,0,0.832718335916,16.182593654,1.08143934575,0,0,-5.29203522856e-17,6.66133814775e-16,0,B5: usownership + residual tax,ok,medium,B5
39,2066,0.758013763996,4.46527252012,4.46527252012,4.82330729839,8.85267654016,1.98256131071,0.0203438138899,0.216153393282,0.560864951572,0.230822123876,10.9054576923,0.178365832937,0.178365832937,0.0994626305617,0,0.319065530135,0.0994626305617,0.423746119527,0.138965257981,0.620517747713,0.0355133249542,0.0355133249542,0,0.0544575621563,0.6876417631,1.45424558784,0,0,0.414813712197,0.319065530135,0.354578855089,0.215613597108,0.42792123873,0.647749639303,0.589011909384,0.19987339644,1.61148921386,1.10369443246,0.600037281177,1.52362661133,0.00257540223196,0,0.821634167063,16.8220821353,1.08018206653,0,2.00657601274e-16,5.01644003184e-17,3.33066907388e-16,0,B5: usownership + residual tax,ok,medium,B5
40,2067,0.764970203992,4.61723101483,4.61723101483,4.97620840174,9.33972432283,2.02279770989,0.0202951600876,0.212814302084,0.556834923676,0.230884731836,11.3171783754,0.189447805738,0.189447805738,0.106254870528,0,0.316408532439,0.106254870528,0.467772292114,0.136416640542,0.629867143649,0.0356319869627,0.0356319869627,0,0.0546685124705,0.687414619277,1.45472611719,0,0,0.41139286338,0.316408532439,0.352040519402,0.21562387886,0.427536315818,0.641822627666,0.584016854164,0.197886460508,1.66479831941,1.14152449919,0.633809432387,1.57552892263,0.00259405168401,0,0.810552194262,17.4590970698,1.07774733076,0,0,9.50968560741e-17,4.4408920985e-16,0,B5: usownership + residual tax,ok,medium,B5
41,2068,0.771115963868,4.77488540108,4.77488540108,5.12948247929,9.85431977927,2.06378142124,0.0202609045609,0.209864337343,0.553274541676,0.230940043675,11.7408599159,0.200506578236,0.200506578236,0.113028988664,0,0.31363886826,0.113028988664,0.514262897659,0.133740463401,0.638595386225,0.0357327136289,0.0357327136289,0,0.0548453520537,0.687250340755,1.45507385111,0,0,0.407821088174,0.31363886826,0.349371581889,0.215631118488,0.427045664998,0.635872327001,0.578975007545,0.195878033589,1.72275446663,1.1807828301,0.667835679407,1.63008838272,0.00261596203272,0,0.799493421764,18.0931621344,1.07426295051,0,0,0,6.66133814775e-16,0,B5: usownership + residual tax,ok,medium,B5
42,2069,0.776534690267,4.93840855913,4.93840855913,5.28335580732,10.3980472086,2.10554616616,0.0202370001463,0.207263348672,0.550135347123,0.230988812212,12.1771254483,0.211523893328,0.211523893328,0.119770132824,0,0.31079804574,0.119770132824,0.563488550553,0.130966906183,0.646768090455,0.0358050312225,0.0358050312225,0,0.0549736061233,0.687118156692,1.45535377032,0,0,0.404152827262,0.31079804574,0.346603076963,0.21563617078,0.426444626238,0.62990915818,0.573898599751,0.193853387257,1.78391240669,1.22151349384,0.702125952443,1.68742931448,0.00263881154986,0,0.788476106672,18.723863749,1.0698498806,0,-1.28126714836e-16,-1.70835619782e-16,4.4408920985e-16,0,B5: usownership + residual tax,ok,medium,B5
43,2070,0.781303987764,5.10797987514,5.10797987514,5.43806273798,10.9725354511,2.14811642162,0.0202181534381,0.204974085873,0.547372381875,0.23103173589,12.6266033788,0.222483987379,0.222483987379,0.126465868107,0,0.307882246885,0.126465868107,0.615342258598,0.128100642006,0.654335501358,0.035858549394,0.035858549394,0,0.0550701805039,0.687001310611,1.4556012988,0,0,0.400383554504,0.307882246885,0.343740796279,0.215640154273,0.425754093387,0.623946102641,0.568800261598,0.191817869363,1.84676259101,1.26376551322,0.736661492965,1.7476400749,0.00266304541371,0,0.777516012621,19.3508451737,1.06462101866,0,-1.61891191632e-16,-4.0472797908e-17,8.881784197e-16,0,B5: usownership + residual tax,ok,medium,B5
44,2071,0.785495190856,5.28378582132,5.28378582132,5.59384115414,11.579413745,2.19149945448,0.0201958480597,0.202962308389,0.544944320196,0.231069456718,13.0899286952,0.23337334077,0.23337334077,0.133105916282,0,0.304838737782,0.133105916282,0.669938991171,0.125095881473,0.660979844834,0.0359020126827,0.0359020126827,0,0.0551494022718,0.686897512248,1.45582125742,0,0,0.39644508915,0.304838737782,0.340740750464,0.215644868991,0.425039554884,0.617999986454,0.563694888821,0.189777623218,1.91372731988,1.30759740681,0.771380495839,1.81073371231,0.00269317625444,0,0.76662665923,19.9738007813,1.05868052629,0,-3.8351614307e-17,7.67032286139e-17,8.881784197e-16,0,B5: usownership + residual tax,ok,medium,B5
45,2072,0.789173359243,5.46602045778,5.46602045778,5.75092892342,12.2199549156,2.23562187701,0.0201334398839,0.201196787563,0.542813471483,0.231102560233,13.5677442956,0.244180438674,0.244180438674,0.139681898115,0,0.301338967419,0.139681898115,0.72730843415,0.121627624899,0.66481908593,0.0359467188655,0.0359467188655,0,0.0552268589473,0.686838686119,1.45594594511,0,0,0.39191048355,0.301338967419,0.337285686285,0.215658061386,0.424615102039,0.61211087634,0.558614131077,0.187745234824,1.98579986625,1.35312001935,0.806022514706,1.87634808609,0.00275651051704,0,0.755819561326,20.5924706138,1.05212356372,2.22044604925e-16,2.54389192957e-16,-3.63413132796e-17,4.4408920985e-16,0,B5: usownership + residual tax,ok,medium,B5
46,2073,0.792397436693,5.65488587053,5.65488587053,5.90956123128,12.8960539829,2.28051534163,0.0200809739294,0.199649230387,0.540945688239,0.23113157693,14.0607023265,0.254895545989,0.254895545989,0.146187087285,0,0.297611766263,0.146187087285,0.787346288145,0.117970608047,0.667110324583,0.0360279951376,0.0360279951376,0,0.0553570050254,0.686857914875,1.45590518555,0,0,0.387077629063,0.297611766263,0.333639761401,0.215669153354,0.42424948919,0.606279818894,0.553560622336,0.185722046817,2.05836041164,1.4003252426,0.840647417087,1.94459310914,0.0028297302749,0,0.745104454011,21.2066352932,1.04503633965,0,-1.37744215537e-16,-1.03308161653e-16,1.33226762955e-15,0,B5: usownership + residual tax,ok,medium,B5
47,2074,0.795220524113,5.85059255876,5.85059255876,6.06996866422,13.6098661864,2.32623722293,0.0200489251099,0.198294148426,0.53931020787,0.231156984717,14.5694655216,0.265510498821,0.265510498821,0.152616181463,0,0.293839687306,0.152616181463,0.850107649862,0.114252133722,0.668442683376,0.0360883758589,0.0360883758589,0,0.0554494755558,0.686921868822,1.45576963755,0,0,0.382184244982,0.293839687306,0.329928063165,0.215675929443,0.42383075105,0.600502333881,0.548533101287,0.183707866414,2.13450242654,1.44924658239,0.875340804109,2.01394757688,0.0029073279337,0,0.734489501179,21.8161113244,1.03749639088,0,9.78898404514e-17,0,5.55111512313e-16,0,B5: usownership + residual tax,ok,medium,B5
48,2075,0.797690227249,6.05335978349,6.05335978349,6.23237591576,14.3635891968,2.37282925689,0.0200289263298,0.19710869092,0.537879451256,0.231179212045,15.0947085353,0.276018513654,0.276018513654,0.158965093712,0,0.290043354686,0.158965093712,0.916179918276,0.110485156712,0.668806404312,0.0361219600299,0.0361219600299,0,0.055497457262,0.68699790664,1.45560851108,0,0,0.37725743012,0.290043354686,0.326165314716,0.215680158005,0.42335912975,0.59477853807,0.54353364331,0.181703766594,2.21344009793,1.49994447167,0.910130946159,2.09008357266,0.00298968747912,0,0.723981486346,22.4207468073,1.02957302038,0,1.23670818976e-16,-3.0917704744e-17,9.99200722163e-16,0,B5: usownership + residual tax,ok,medium,B5
49,2076,0.799849048082,6.26341588794,6.26341588794,6.39700099701,15.1616911078,2.42067449759,0.0201637941541,0.196072456921,0.536628796009,0.231198641433,15.6371192672,0.28641401447,0.28641401447,0.165230765529,0,0.287508565289,0.165230765529,0.98540601624,0.107993969123,0.676411142009,0.0361370484633,0.0361370484633,0,0.0555241518384,0.686971816161,1.45566379359,0,0,0.373969897536,0.287508565289,0.323645613752,0.215651644629,0.421693081281,0.589008366271,0.538489593868,0.179682102555,2.29961401505,1.55221495695,0.945861847593,2.1692994945,0.00295758893874,0,0.71358598553,23.0204175571,1.02132783635,0,1.17160864628e-16,5.85804323138e-17,4.4408920985e-16,0,B5: usownership + residual tax,ok,medium,B5
50,2077,0.80173479641,6.48099859857,6.48099859857,6.56405484648,16.0062183877,2.46971483549,0.0202589559027,0.195167297723,0.535536338032,0.231215613168,16.1974001761,0.296692477446,0.296692477446,0.171411001583,0,0.285329182097,0.171411001583,1.05784265739,0.105694037906,0.685002911549,0.0359963861447,0.0359963861447,0,0.0553173129071,0.686721886952,1.4561935756,0,0,0.37114331012,0.285329182097,0.321325568242,0.215631530336,0.419788065213,0.583237114048,0.533433223246,0.177655537015,2.3917945521,1.60637220586,0.982151649917,2.25342306865,0.00291527932206,0,0.703307522554,23.6150236181,1.0128153473,0,5.54895852466e-17,1.6646875574e-16,6.66133814775e-16,0,B5: usownership + residual tax,ok,medium,B5
1,2028,0.00695643999543,0.989019897071,1.01634339757,1.01634339757,0.96923949913,0.98,-0.02,0.576660908802,0.969194193269,0.220173911,3.03775637879,0,0,0,0,0.379290869938,0,0,0.13278689108,0.131328877348,-0.0158122378933,-0.0287439375891,0.0129316996958,-0.0464329327864,0.590298105723,1.69405930716,0.04,0.0208898568934,0.486378790462,0.379290869938,0.363478632045,0.230691740965,0.316989736778,0.744325255675,0.672873023573,0.233805277863,0.413951914855,0.253341600221,-0.772099598295,0.398702318189,0.00344831994965,0,1,0.195081947192,1,-0.0268841225993,1.07386676515e-16,0,1.33226762955e-15,0,B6: SSM hybrid,ok,medium,B6
2,2029,0.0148127274627,1.03766276966,1.03897597609,1.03897597609,0.996571323978,0.9604,-0.02,0.572889890818,0.990165544909,0.220370318187,3.08416107079,0,0,0,0,0.209756124311,0,0,0.076432091377,0.0793107356288,0.0914498643844,0.0801429474948,0.0113069168895,0.13959543074,0.654251620464,1.52846392538,0.04,0.0196947327604,0.269045842153,0.209756124311,0.301205988695,0.224773897318,0.373912513049,0.737134238591,0.661169335027,0.228483175616,0.499124702315,0.261100146493,-0.728458989923,0.440762302671,0.00421541104092,0,1,0.397293450748,1,-0.00126394302468,-5.57021358087e-17,-5.57021358087e-17,1.33226762955e-15,0,B6: SSM hybrid,ok,medium,B6
3,2030,0.0236626568198,1.06419234044,1.06419234044,1.06419234044,1.02522563028,0.963383771263,0.00310680056501,0.568641924726,0.986291671152,0.22059156642,3.13386326189,0,0,0,0,0.232514233882,0,0,0.082129666541,0.087401762056,0.0689340534443,0.0558100371323,0.0131240163121,0.0877563543313,0.691775803458,1.4455550411,0.04,0.0206363565572,0.298321424127,0.232514233882,0.301448287326,0.219318620785,0.370645491944,0.733693007973,0.655469742285,0.225681228408,0.498285912175,0.265776545267,-0.708211415015,0.463059633978,0.00415005942774,0,1,0.602556159863,1,0,1.42131417395e-16,1.35363254662e-16,1.33226762955e-15,0,B6: SSM hybrid,ok,medium,B6
4,2031,0.0336032988689,1.09145277704,1.09145277704,1.09145277704,1.06546533997,0.976190049064,0.0132930179886,0.563870416543,0.980532825422,0.220840082472,3.18686798747,0,0,0,0,0.266044404917,0,0,0.0919902155833,0.100402976259,0.0430597116743,0.0289217248604,0.0141379868139,0.0434488908562,0.69457104963,1.43973751934,0.04,0.0212393918056,0.341450322241,0.266044404917,0.309104116592,0.217113901008,0.36364698929,0.733038154805,0.653711147358,0.224724843712,0.494773867712,0.27152853569,-0.684839867347,0.474667522571,0.00401101670178,0,1,0.811331357027,1,0,2.60501910052e-17,1.04200764021e-16,1.33226762955e-15,0,B6: SSM hybrid,ok,medium,B6
5,2032,0.0447331081546,1.12096336909,1.12096336909,1.12096336909,1.11288813293,0.992796164097,0.0170111496717,0.558528108086,0.974085067384,0.221118327704,3.24352145381,0,0,0,0,0.275359472461,0,0,0.0951840647657,0.106697849923,0.0361447379305,0.0219426804745,0.014202057456,0.0329978152307,0.686916416497,1.45578119256,0.04,0.0213573208785,0.353531842198,0.275359472461,0.311504210391,0.216320145626,0.363062748626,0.733380077596,0.653510030988,0.22451922209,0.504072359672,0.278425789178,-0.660293927564,0.483047662206,0.00399202646802,0,1,1.02440286376,1,0,-2.02638562857e-16,4.98802616264e-17,1.33226762955e-15,0,B6: SSM hybrid,ok,medium,B6
6,2033,0.0571494119133,1.15299856334,1.15299856334,1.15299856334,1.16616523881,1.01141950726,0.0187584761495,0.552568282282,0.9668920131,0.221428735298,3.30421718027,0,0,0,0,0.27678776013,0,0,0.0973260252836,0.112216767327,0.0364873886706,0.0225097027061,0.0139776859645,0.0343379563228,0.678043843832,1.47483088166,0.04,0.0213225903696,0.355507289671,0.27678776013,0.313275148801,0.215949123517,0.364249217269,0.733914488857,0.653807576968,0.224579671024,0.516597595418,0.286144625281,-0.634289801085,0.495093791556,0.00389965265383,0,1,1.24263544436,1,0,4.16512649417e-17,4.76014456477e-17,1.33226762955e-15,0,B6: SSM hybrid,ok,medium,B6
7,2034,0.0709452248035,1.18786113954,1.18786113954,1.18786113954,1.2250811017,1.03133359693,0.019689248157,0.545946292094,0.95889977701,0.22177363062,3.36940042704,0,0,0,0,0.276629750959,0,0,0.0992683507559,0.117917016249,0.0383906050252,0.0246729836015,0.0137176214237,0.0382268613636,0.670108751052,1.49229509155,0.04,0.0212532712247,0.355461806286,0.276629750959,0.315020355985,0.215752005229,0.366043630054,0.734430814814,0.654256886167,0.224737571538,0.530653002324,0.29464358749,-0.606894891513,0.507586092563,0.00380564194872,0,1,1.46698078989,1,0,-8.77924370571e-17,9.06244511557e-17,1.33226762955e-15,0,B6: SSM hybrid,ok,medium,B6
8,2035,0.0862053699267,1.22588219289,1.22588219289,1.22588219289,1.28988029294,1.05220575062,0.0202380236159,0.538621422435,0.950059219112,0.222155134248,3.43957242455,0,0,0,0,0.276490477315,0,0,0.101426552413,0.124337004488,0.0405720295583,0.0270888110123,0.013483218546,0.0425627049958,0.663533581499,1.50708272781,0.04,0.0211852138178,0.355457096253,0.276490477315,0.317062506874,0.215635954461,0.368030766915,0.734862967629,0.65472255619,0.224922974834,0.546904797266,0.303954212988,-0.578009260101,0.52269987785,0.00370785072105,0,1,1.69848275192,1,0,-7.53128140545e-17,4.30358937454e-17,1.33226762955e-15,0,B6: SSM hybrid,ok,medium,B6
9,2036,0.103001941447,1.26742004108,1.26742004108,1.26742004108,1.36060472949,1.07352312997,0.0202597061807,0.530559068105,0.940328573577,0.222575048536,3.51529415624,0,0,0,0,0.274223072742,0,0,0.101190664867,0.128251076624,0.04259896389,0.0292842630575,0.0133147008325,0.046553673959,0.658327270132,1.51900133166,0.0400714070848,0.0211665985994,0.352732533508,0.274223072742,0.316822036632,0.215631371765,0.372099953949,0.735346797875,0.65524526453,0.225138957327,0.56364511468,0.314256681141,-0.548976211825,0.538118285406,0.00382074459863,0,1,1.9382813406,1,0,1.37696225321e-16,-1.63195526307e-16,1.33226762955e-15,0,B6: SSM hybrid,ok,medium,B6
10,2037,0.121389218408,1.31285775012,1.31285775012,1.31285775012,1.4375744945,1.09499638812,0.020002604087,0.521733175164,0.92967639529,0.22303473046,3.59718938129,0,0,0,0,0.269387365958,0,0,0.0986193338312,0.129473156732,0.0449176917321,0.0317454765426,0.0131722151895,0.0509493195343,0.654824976578,1.52712562252,0.0400779118542,0.0211405048452,0.346717384314,0.269387365958,0.31430505769,0.215685723858,0.378324189958,0.735923825577,0.655822427598,0.225376989668,0.582523867554,0.325624637237,-0.520279553557,0.551692842086,0.00413555058075,0,1,2.18761488421,1,0,-1.54457807769e-16,-1.15843355827e-16,1.33226762955e-15,0,B6: SSM hybrid,ok,medium,B6
11,2038,0.14139823101,1.36259896439,1.36259896439,1.36259896439,1.52252878108,1.11737115679,0.0204336460975,0.512128849115,0.91808470773,0.223534955775,3.68594651766,0,0,0,0,0.269043255221,0,0,0.100581814804,0.137052676688,0.0471331755004,0.0340807462901,0.0130524292102,0.0551212442506,0.652367701773,1.53287784984,0.0400007812261,0.0211106333305,0.346497575419,0.269043255221,0.316176430722,0.215594615918,0.381585282611,0.736292352539,0.656278695171,0.225575533422,0.604326248014,0.337849255205,-0.488366626316,0.569919299248,0.00410332641781,0,1,2.44781963236,1,2.22044604925e-16,0,-7.29196740595e-17,1.33226762955e-15,0,B6: SSM hybrid,ok,medium,B6
12,2039,0.163031283134,1.41706175038,1.41706175038,1.41706175038,1.61635771822,1.14064028458,0.0208248867419,0.501744984096,0.905552176207,0.224075782078,3.78231894657,0,0,0,0,0.271111081473,0,0,0.103774814758,0.147055320647,0.0481757205585,0.0351529628383,0.0130227577202,0.057205983174,0.649650973149,1.53928808134,0.0401300938292,0.0211925140549,0.349404072217,0.271111081473,0.319286802032,0.215511987273,0.384148705672,0.736589509465,0.656732076765,0.225781777961,0.623769020066,0.351203027197,-0.45375809731,0.589094662138,0.00401662312675,0,1,2.7203259892,1,0,-1.45959270076e-16,6.86867153298e-17,1.33226762955e-15,0,B6: SSM hybrid,ok,medium,B6
13,2040,0.186256836159,1.47667023149,1.47667023149,1.47667023149,1.71983247247,1.16466929162,0.0210662444307,0.490596718644,0.892097071779,0.224656420904,3.88712325884,0,0,0,0,0.273150674043,0,0,0.107148902284,0.158223594339,0.0494592732025,0.0364807874601,0.0129784857425,0.0597492934844,0.647045119398,1.5454872775,0.0402474660226,0.0212565409795,0.352296299869,0.273150674043,0.322609947245,0.215461044962,0.386953922415,0.736854142688,0.657191459464,0.225996018319,0.645558955206,0.365834380959,-0.417113728754,0.607353909352,0.00392403253716,0,1,3.00665051038,1,0,2.09800947929e-16,-3.22770689122e-17,1.33226762955e-15,0,B6: SSM hybrid,ok,medium,B6
14,2041,0.211005241898,1.54184391583,1.54184391583,1.54184391583,1.8338570252,1.18939213391,0.021227349657,0.478717483889,0.877759743265,0.225275131047,4.0012349535,0,0,0,0,0.275391911888,0,0,0.110750022288,0.170759248042,0.0507851649864,0.0378623284593,0.0129228365271,0.0623953293773,0.644675832566,1.55116719052,0.0403198733292,0.0212962243583,0.355470597272,0.275391911888,0.326177076875,0.215427054587,0.38992857799,0.73710723457,0.657665652144,0.226220354998,0.66988261391,0.381836212691,-0.378668101719,0.628584843702,0.0038245222245,0,1,3.30838281637,1,0,3.4053933473e-16,9.08104892613e-17,1.33226762955e-15,0,B6: SSM hybrid,ok,medium,B6
15,2042,0.237165855518,1.61298480632,1.61298480632,1.61298480632,1.95925442638,1.21467630613,0.0212580624138,0.466160389351,0.862604289796,0.225861600763,4.12547218665,0.000112539844206,0.000112539844206,3.59487228025e-05,0,0.277989159317,3.59487228025e-05,5.28432900984e-05,0.114582474812,0.184819790942,0.0520138914466,0.0391426462745,0.0128712451721,0.064868544977,0.642557541558,1.55628085475,0.0403682048971,0.0213306719352,0.359094910665,0.277989159317,0.330003050763,0.215420575951,0.393019253691,0.737297558805,0.658108715988,0.226437098315,0.693894216772,0.399317290929,-0.338466553593,0.648488740087,0.00371703807336,0,0.999887460156,3.62719941073,1,2.22044604925e-16,-2.76244737395e-16,-2.83327935789e-17,1.33226762955e-15,0,B6: SSM hybrid,ok,medium,B6
16,2043,0.264586041452,1.69044433616,1.69044433616,1.69044433616,2.09665698945,1.24029933704,0.0210945342249,0.452998700103,0.846719136716,0.226303937798,4.26049806535,0.00062977930431,0.00062977930431,0.000208472257576,0,0.28066010574,0.000208472257576,0.000323213637008,0.11844138406,0.200218566851,0.0532363538545,0.0404141358026,0.0128222180519,0.0673066260741,0.640862236679,1.56039776221,0.0403774187241,0.0213544151996,0.36275240298,0.28066010574,0.333896459595,0.215455075535,0.396330625559,0.737260650412,0.658377293463,0.226590647098,0.723586909226,0.41838756663,-0.296565105786,0.680640729042,0.00360970027832,0,0.999370220696,3.9648117088,1,-1.11022302463e-16,0,-1.05904115953e-16,1.33226762955e-15,0,B6: SSM hybrid,ok,medium,B6
17,2044,0.293072490725,1.77449132105,1.77449132105,1.77449132105,2.24699902403,1.26627783262,0.0209453434414,0.439325204452,0.830216272421,0.226637652417,4.40703472867,0.00177544787755,0.00177544787755,0.00060881872818,0,0.283289897375,0.00060881872818,0.00102013287174,0.122280039775,0.216984869319,0.0544767023941,0.0417035690004,0.0127731333936,0.0697403367281,0.639687045378,1.56326442317,0.0403283602675,0.0213603450567,0.366309399805,0.283289897375,0.337766599769,0.215486559994,0.399791435353,0.736867077848,0.658361295986,0.226635897376,0.754211793879,0.439078007653,-0.253124098243,0.708446555419,0.00349971367776,0,0.998224552122,4.32277916829,1,0,-1.2352286458e-16,4.9409145832e-17,5.55111512313e-16,0,B6: SSM hybrid,ok,medium,B6
18,2045,0.322395092313,1.86533292686,1.86533292686,1.86533292686,2.41128320111,1.29268248386,0.0208521783723,0.42525035569,0.813229005593,0.226901555831,4.56585958819,0.00369728560518,0.00369728560518,0.00131365297354,0,0.286214905141,0.00131365297354,0.00231633581774,0.126140386623,0.235293816573,0.0554317072225,0.0426859478521,0.0127457593704,0.0716081923213,0.638790198894,1.56545920982,0.0402836030324,0.0213817622474,0.370217929294,0.286214905141,0.341646612363,0.215506225741,0.403196876316,0.73604983163,0.658006623182,0.22654865785,0.782500013404,0.461426843081,-0.20829171729,0.734600835307,0.00338500790672,0,0.996302714395,4.70247227198,1,-1.11022302463e-16,2.302141499e-17,-9.20856599601e-17,4.4408920985e-16,0,B6: SSM hybrid,ok,medium,B6
19,2046,0.352293356219,1.96310186284,1.96310186284,1.96310186284,2.59027871757,1.31948258346,0.0207321596268,0.410899189015,0.795908244161,0.227170640206,4.73786711987,0.0064052442091,0.0064052442091,0.00236049730803,0,0.288296517246,0.00236049730803,0.00440936472452,0.128914095468,0.25307150096,0.0561491434078,0.0434110713724,0.0127380720354,0.0730029713368,0.638059077851,1.56725299383,0.0402556535117,0.021421196904,0.373040327199,0.288296517246,0.344445660654,0.215531565186,0.40735531095,0.734890967238,0.657369478322,0.226349458487,0.811639402998,0.485528746954,-0.162992341717,0.763110986669,0.00336220726412,0,0.993594755791,5.10502115088,1,0,9.64375682224e-17,0,1.11022302463e-15,0,B6: SSM hybrid,ok,medium,B6
20,2047,0.382485101996,2.06785735097,2.06785735097,2.06785735097,2.78536685888,1.34698211053,0.0208411444089,0.396407151042,0.778417461838,0.227442365918,4.92391346097,0.00989980556786,0.00989980556786,0.00378385703793,0,0.291587034963,0.00378385703793,0.00740198472276,0.132811397314,0.274635024229,0.0567329174337,0.0439939556034,0.0127389618303,0.0741426367656,0.637363135911,1.56896428999,0.040219647888,0.02146886332,0.377430785872,0.291587034963,0.348319952396,0.215508555082,0.410352811306,0.73326598605,0.656364597754,0.226006374012,0.843624698042,0.511240629543,-0.116224840302,0.793196376828,0.00322651283035,0,0.990100194432,5.53135207117,1,0,-9.96478274563e-17,7.9718261965e-17,1.33226762955e-15,0,B6: SSM hybrid,ok,medium,B6
21,2048,0.412676847773,2.17955480505,2.17955480505,2.17955480505,2.99723959902,1.37516138254,0.0209203016058,0.381915113069,0.760926679515,0.22771409163,5.1247939959,0.0141717850809,0.0141717850809,0.00561335472029,0,0.295263201829,0.00561335472029,0.0115898153267,0.136641123562,0.297816817426,0.056869767329,0.0441048694055,0.0127648979235,0.0744626790484,0.636413257569,1.57130604698,0.0402523433227,0.0215511010457,0.38232369467,0.295263201829,0.352132969158,0.215491845597,0.413024925987,0.73122469964,0.655027620479,0.225532759066,0.877695953599,0.538658283618,-0.0684863646872,0.824753227098,0.00308570280379,0,0.985828214919,5.98214085546,1,0,-3.42634035034e-16,-1.11124551903e-16,4.4408920985e-16,0,B6: SSM hybrid,ok,medium,B6
22,2049,0.442575111679,2.29804177335,2.29804177335,2.29804177335,3.22636643533,1.40396335382,0.0209444299759,0.367563946394,0.743605918083,0.227983176005,5.34122121822,0.0192025355956,0.0192025355956,0.00787204217854,0,0.29861222017,0.00787204217854,0.0171886227932,0.140109155833,0.321976692933,0.0569836884578,0.0441999498744,0.0127837385834,0.074760945944,0.635417052819,1.5737695354,0.0402760904817,0.021622748259,0.386794964681,0.29861222017,0.355595908628,0.215486752795,0.415621097175,0.728790827331,0.65336686397,0.224930380713,0.91742485304,0.567766825038,-0.0202498684054,0.858118168497,0.00295895372805,0,0.980797464404,6.45777245347,1,0,1.6345196594e-16,0,8.881784197e-16,0,B6: SSM hybrid,ok,medium,B6
23,2050,0.471897713267,2.42305954987,2.42305954987,2.42305954987,3.47312197967,1.43336220517,0.0209398993742,0.353489097632,0.726618651255,0.228247079419,5.57380421065,0.024964539197,0.024964539197,0.0105750585118,0,0.301716090147,0.0105750585118,0.0244583369353,0.143212633486,0.34701273923,0.0569842523948,0.04418503442,0.0127992179747,0.0748553210299,0.634457493507,1.57614971883,0.0402833289928,0.0216835764192,0.390949074634,0.301716090147,0.358700342542,0.215487709056,0.418054356528,0.725982096343,0.651390714999,0.224201582892,0.953301484571,0.598498475627,0.0281914989603,0.892759504414,0.00284114323289,0,0.975035460803,6.95831000198,1,0,-4.79492095781e-17,6.39322794375e-17,4.4408920985e-16,0,B6: SSM hybrid,ok,medium,B6
24,2051,0.50038416254,2.55425065434,2.55425065434,2.55425065434,3.73757828723,1.46327780356,0.0208709273055,0.339815601981,0.71011578696,0.228503457463,5.82303106375,0.0314223415606,0.0314223415606,0.0137287659747,0,0.304226793466,0.0137287659747,0.033576919935,0.145559556818,0.371795593247,0.056835031186,0.044018486588,0.012816544598,0.0746625532358,0.633584268633,1.57832201572,0.0402819698123,0.0217389560051,0.39433332062,0.304226793466,0.361061824652,0.215502267834,0.420619458851,0.722847740803,0.649131647523,0.22335809244,0.999036222989,0.630802944786,0.0763378169334,0.935523849625,0.00276357160653,0,0.968577658439,7.48347613268,1,0,2.97043416701e-17,-5.94086833402e-17,4.4408920985e-16,0,B6: SSM hybrid,ok,medium,B6
25,2052,0.527804348473,2.69117176835,2.69117176835,2.69117176835,4.01978848182,1.49369450478,0.020786689411,0.326653912733,0.69423063388,0.228750239136,6.08925538549,0.0385337570129,0.0385337570129,0.0173304389666,0,0.306209521754,0.0173304389666,0.044672584111,0.147286792092,0.39637405673,0.056597321963,0.0437638844673,0.0128334374957,0.0742889774611,0.632867220696,1.58011027795,0.0402612781917,0.0217846966847,0.397030297178,0.306209521754,0.362806843717,0.215520051625,0.42317370824,0.719407155282,0.646601335598,0.222403821747,1.04722887786,0.66455363768,0.123974697179,0.97429448277,0.00271216950181,0,0.961466242987,8.03264832064,1,0,0,0,6.66133814775e-16,0,B6: SSM hybrid,ok,medium,B6
26,2053,0.553964962093,2.83331113849,2.83331113849,2.83331113849,4.31961525751,1.52458203366,0.0206786118413,0.314096818195,0.679075180411,0.228985684659,6.37268775326,0.0462512552903,0.0462512552903,0.0213685151697,0,0.307602845063,0.0213685151697,0.058033103695,0.148266060533,0.420083880768,0.0562060880715,0.0433490651362,0.0128570229353,0.0736052850594,0.632288637903,1.58155617554,0.0402360068233,0.0218308015454,0.398958669045,0.307602845063,0.363808933135,0.215542872602,0.425794268175,0.715695518559,0.643825533072,0.221348337336,1.09284270891,0.699641033112,0.170817613522,1.0165090441,0.00269854127289,0,0.95374874471,8.60486884317,1,0,3.21273701024e-17,0,4.4408920985e-16,0,B6: SSM hybrid,ok,medium,B6
27,2054,0.578713367833,2.98010901511,2.98010901511,2.98010901511,4.63708325993,1.55601128563,0.0206149956381,0.30221758344,0.664737851897,0.22920842031,6.67339256778,0.0545234347371,0.0545234347371,0.0258233544191,0,0.308775217722,0.0258233544191,0.073816948632,0.148933231959,0.443837267209,0.0557143218945,0.0428299778431,0.0128843440514,0.0727163881794,0.63183032447,1.58270339563,0.0402035835524,0.0218749345822,0.400594954406,0.308775217722,0.364489539616,0.215556307658,0.428083208291,0.711703981627,0.640797227966,0.220188923207,1.13881520646,0.73587755045,0.216968525665,1.05999975238,0.00268409748753,0,0.945476565263,9.19886862251,1,0,-4.42932007132e-16,-1.6759589459e-16,1.33226762955e-15,0,B6: SSM hybrid,ok,medium,B6
28,2055,0.601938920858,3.12414213259,3.12414213259,3.13097945692,4.96134903535,1.58806764378,0.0206016231659,0.291069317988,0.651282747469,0.229417450288,6.98972173611,0.063296490923,0.063296490923,0.0306684008675,0,0.311438456084,0.0306684008675,0.0919626648682,0.149643292558,0.467506915141,0.0537639684673,0.0408069478141,0.0129570206532,0.0691016685366,0.631341860767,1.58392791947,0.0401844986914,0.0219411593946,0.404159757057,0.311438456084,0.365202424551,0.215559131993,0.429389320856,0.707492388229,0.637577871161,0.218951749643,1.18206737955,0.771404131855,0.260537111579,1.10979336899,0.00266177328345,0,0.936703509077,9.81176170561,1.00218854458,0,-2.79718030498e-17,-1.34264654639e-16,5.55111512313e-16,0,B6: SSM hybrid,ok,medium,B6
29,2056,0.623571972982,3.22389205849,3.22389205849,3.28503694855,5.22581261157,1.62096388985,0.0207146378143,0.280685452969,0.638750215946,0.229612147757,7.31058321162,0.0725156023399,0.0725156023399,0.0358716141076,0,0.323034145702,0.0358716141076,0.111067356456,0.151878218565,0.48963898269,0.0443793379112,0.0311346102849,0.0132447276262,0.0519437021479,0.630526047504,1.58597730254,0.0401804869498,0.0220969583544,0.419313654495,0.323034145702,0.367413483614,0.215535265048,0.426865792352,0.703336666153,0.63445973038,0.217762718272,1.20658191648,0.795830320436,0.290724726662,1.14166226723,0.00260812471293,0,0.92748439766,10.4326234896,1.01896617162,0,-2.12449834532e-16,-4.24899669065e-17,7.77156117238e-16,0,B6: SSM hybrid,ok,medium,B6
30,2057,0.643580985584,3.32759526051,3.32759526051,3.43965973305,5.50483010743,1.65429677484,0.0205636197104,0.27108112692,0.627158528386,0.22979222887,7.63660375062,0.0821261729914,0.0821261729914,0.0413970268535,0,0.322178719027,0.0413970268535,0.132189322953,0.151268024599,0.503358761722,0.0446564644943,0.0314097735126,0.0132466909817,0.0524749290437,0.629977014766,1.58735950132,0.0402143913443,0.0221306648088,0.418301049539,0.322178719027,0.366835183521,0.215567158922,0.428706703063,0.698977366831,0.63111505996,0.216476521699,1.24243607812,0.821547936973,0.319962341249,1.17315083129,0.0026114456641,0,0.917873827009,11.0601365515,1.03367731463,0,7.05885651392e-17,4.03363229367e-17,1.11022302463e-15,0,B6: SSM hybrid,ok,medium,B6
31,2058,0.661968262544,3.43542007132,3.43542007132,3.59449085322,5.7990794387,1.68802630197,0.0203890424271,0.262255233979,0.616506350099,0.229957714363,7.96840887306,0.0920748920978,0.0920748920978,0.047206297837,0,0.320349377952,0.047206297837,0.155501988134,0.149727450042,0.514376687101,0.0449821121692,0.0317473481281,0.0132347640411,0.0530881862529,0.629758890223,1.58790930231,0.0401690859131,0.0221312852838,0.416015307117,0.320349377952,0.365331490121,0.215604040079,0.430887525715,0.694399374893,0.627537641232,0.215090822923,1.27327356006,0.848367369733,0.348764290672,1.20470156919,0.00267419563112,0,0.907925107902,11.6930315579,1.04630315321,0,7.17930558867e-17,3.82896298062e-17,1.11022302463e-15,0,B6: SSM hybrid,ok,medium,B6
32,2059,0.678764834065,3.54752915634,3.54752915634,3.74925261847,6.10982347999,1.72227576173,0.0202896481628,0.254192879649,0.606775704564,0.230108883507,8.30662231405,0.102310590987,0.102310590987,0.0532601531424,0,0.318306904193,0.0532601531424,0.181036130804,0.14790025425,0.524680464182,0.0452183937847,0.0319867567034,0.0132316370812,0.0535137647488,0.629716272719,1.58801676775,0.0401167127281,0.0221364960684,0.413444053807,0.318306904193,0.363525297977,0.215625043728,0.432790629698,0.689575260363,0.623712961735,0.213600603887,1.30537546916,0.87623670707,0.377767095472,1.23613435224,0.00274462111612,0,0.897689409013,12.3301033496,1.05686308787,0,1.31740580639e-16,0,2.22044604925e-16,0,B6: SSM hybrid,ok,medium,B6
33,2060,0.694024979188,3.66408054391,3.66408054391,3.903749009,6.43985717891,1.75756430617,0.0204894856137,0.24686800999,0.597935146666,0.230246224813,8.65186568785,0.112784894464,0.112784894464,0.0595196406699,0,0.318046320572,0.0595196406699,0.208725904371,0.147797857146,0.541543252799,0.0453343555064,0.0320972216729,0.0132371338335,0.0537242174301,0.629541413664,1.58845784931,0.0400868944488,0.022156268336,0.413179292943,0.318046320572,0.363380676079,0.215582818933,0.432523148679,0.684350165767,0.619530413489,0.211964102411,1.34284402704,0.90492419329,0.408678897094,1.27282209747,0.0026306218847,0,0.887215105536,12.9702225838,1.06541026111,0,-8.61993514594e-18,-6.89594811675e-17,8.881784197e-16,0,B6: SSM hybrid,ok,medium,B6
34,2061,0.707820792078,3.78522887891,3.78522887891,4.05786349849,6.78819509346,1.79333808089,0.0203541768569,0.240246019802,0.589942910576,0.230370387129,9.00475838878,0.123452677386,0.123452677386,0.0659471547413,0,0.316115395591,0.0659471547413,0.238835778195,0.145654642906,0.551336160674,0.0451506545982,0.0318874677831,0.0132631868151,0.053391707189,0.629123807692,1.58951225144,0.0401468456841,0.0222076017965,0.410737048451,0.316115395591,0.361266050189,0.215611407284,0.433654120311,0.679007877251,0.615205337841,0.210264886181,1.37995858641,0.935085226006,0.439361091842,1.30821705538,0.00269613877749,0,0.876547322614,13.6123433018,1.07202592718,0,4.49768057e-17,-6.54208082909e-17,8.881784197e-16,0,B6: SSM hybrid,ok,medium,B6
35,2062,0.720237095837,3.91112678955,3.91112678955,4.21155340053,7.15696796132,1.82989924552,0.0203872125449,0.234286193998,0.582749856292,0.230482133863,9.36591773372,0.134272346416,0.134272346416,0.0725072165799,0,0.314323770917,0.0725072165799,0.271415591403,0.144211033314,0.564027635745,0.0454916891237,0.0322436600544,0.0132480290693,0.0540359723725,0.628950976286,1.58994903849,0.0401062530571,0.0222018881099,0.408468451155,0.314323770917,0.359815460041,0.215604426727,0.433814682411,0.673431584954,0.610651863574,0.208470213081,1.42278664207,0.966282746097,0.470968584157,1.35025377996,0.00266391000956,0,0.865727653584,14.2555069403,1.0768133142,0,3.49030737445e-17,0,6.66133814775e-16,0,B6: SSM hybrid,ok,medium,B6
36,2063,0.731366905123,4.04192627799,4.04192627799,4.36484186886,7.54624438651,1.86699208929,0.0202704295701,0.228943885541,0.576302098254,0.230582302146,9.73595933598,0.145205972301,0.145205972301,0.0791670189229,0,0.311737118845,0.0791670189229,0.306043670019,0.141586994579,0.572284194012,0.0454789811397,0.0322251673744,0.0132538137653,0.0540231842425,0.628731423461,1.59050424821,0.0401161637635,0.0222190691716,0.405159797747,0.311737118845,0.357216099985,0.215629105406,0.43461591792,0.66777390774,0.60599074482,0.206627572018,1.47065670874,0.998881123049,0.502532104974,1.39200711747,0.00273693662247,0,0.854794027699,14.8988433764,1.07989150931,0,9.19516192228e-17,-2.94245181513e-17,6.66133814775e-16,0,B6: SSM hybrid,ok,medium,B6
37,2064,0.741307547172,4.17778006867,4.17778006867,4.51780858646,7.95849254488,1.90495727733,0.0203349485276,0.224172377357,0.570543252525,0.230671767925,10.1154976903,0.156219300064,0.156219300064,0.0858967585114,0,0.309752677392,0.0858967585114,0.342928111323,0.139841950586,0.58422891392,0.0457047436993,0.0324633192122,0.0132414244871,0.0544537387754,0.628626593621,1.59076948088,0.040081128871,0.0222110704491,0.402627467026,0.309752677392,0.355457421091,0.215615470506,0.434286438908,0.661930308299,0.601146893803,0.20470864991,1.523676244,1.03256475227,0.535143284493,1.43331898278,0.00270509775283,0,0.843780699936,15.5415696098,1.08138976016,0,3.48754182518e-17,2.79003346014e-17,3.33066907388e-16,0,B6: SSM hybrid,ok,medium,B6
38,2065,0.750157476529,4.31884286954,4.31884286954,4.6705800087,8.39504510876,1.94381813888,0.0203998598863,0.219924411266,0.56541628209,0.230751417289,10.505146942,0.167281664084,0.167281664084,0.0926697890452,0,0.30819905463,0.0926697890452,0.382158390122,0.138236217174,0.597020500855,0.0456389169632,0.0323940762338,0.0132448407295,0.054358200419,0.62833132184,1.59151703129,0.0401004845583,0.0222252272821,0.400649492968,0.30819905463,0.353837971593,0.215601754419,0.433444640598,0.655946385644,0.596160197641,0.202729873516,1.57583772352,1.06753158282,0.568640169041,1.47802748686,0.00265685057036,0,0.832718335916,16.1829866518,1.08144244877,0,1.32247416213e-17,-7.93484497278e-17,2.22044604925e-16,0,B6: SSM hybrid,ok,medium,B6
39,2066,0.758013763996,4.46527252012,4.46527252012,4.82331982517,8.85625625344,1.98336298927,0.0203439044054,0.216153393282,0.560864951572,0.230822123876,10.9055218123,0.178365832937,0.178365832937,0.0994626305617,0,0.305798102969,0.0994626305617,0.423768962642,0.135842856855,0.606575375771,0.045658331867,0.0324187753976,0.0132395564693,0.054429586657,0.628028211161,1.5922851589,0.0401199579659,0.0222285875179,0.397564870834,0.305798102969,0.351456434836,0.215613577981,0.433073015225,0.649924081114,0.5911091297,0.200722026928,1.62673826028,1.10397801857,0.602249727418,1.5276607615,0.00266889923798,0,0.821634167063,16.822475133,1.0801848719,0,1.37896340411e-16,0,1.55431223448e-15,0,B6: SSM hybrid,ok,medium,B6
40,2067,0.764970203992,4.61723101483,4.61723101483,4.97622010413,9.3434656424,2.02360800497,0.0202913011439,0.212814302084,0.556834923676,0.230884731836,11.3172386482,0.189447805738,0.189447805738,0.106254870528,0,0.303022273172,0.106254870528,0.467975387793,0.133208390609,0.615053912557,0.0458108118296,0.0325894776979,0.0132213341317,0.0547464630184,0.627869536009,1.59268756111,0.0401031713216,0.0222102755621,0.393988112985,0.303022273172,0.348833085001,0.215624694392,0.432699516216,0.643870610697,0.586003744444,0.198689516377,1.68056634075,1.14182750955,0.636040493444,1.57976832255,0.00268813647605,0,0.810552194262,17.4594900675,1.07774986527,0,5.34705622306e-17,4.75293886494e-17,1.11022302463e-15,0,B6: SSM hybrid,ok,medium,B6
41,2068,0.771115963868,4.77488540108,4.77488540108,5.12949340581,9.85825057476,2.06460464424,0.0202591802205,0.209864337343,0.553274541676,0.230940043675,11.7409165724,0.200506578236,0.200506578236,0.113028988664,0,0.300215695537,0.113028988664,0.514720342365,0.130476306472,0.623009410957,0.0458920938609,0.0326856190194,0.0132064748415,0.0549261504729,0.627768630262,1.59294356518,0.0400873903432,0.0221926598341,0.390367087855,0.300215695537,0.346107789398,0.215631482926,0.432177139072,0.637794070443,0.580854295991,0.19663694307,1.73915776182,1.18109969033,0.670103554752,1.63457429744,0.00270769864128,0,0.799493421764,18.0935551322,1.07426523884,0,1.68927998361e-17,0,1.11022302463e-15,0,B6: SSM hybrid,ok,medium,B6
42,2069,0.776534690267,4.93840855913,4.93840855913,5.28336600457,10.402159563,2.10637889484,0.0202335351325,0.207263348672,0.550135347123,0.230988812212,12.1771787054,0.211523893328,0.211523893328,0.119770132824,0,0.297311144262,0.119770132824,0.564000243553,0.127615212871,0.630216059518,0.0459409717537,0.0327470389112,0.0131939328424,0.0550422380544,0.627690850587,1.59314095317,0.0400777540661,0.0221767712908,0.386614849021,0.297311144262,0.343252116016,0.215636903144,0.431569172114,0.63171071775,0.575675553783,0.194570534724,1.80097210555,1.221850641,0.704418282611,1.69216149862,0.00273207915412,0,0.788476106672,18.7242567468,1.06985194548,0,1.17403056518e-16,4.2692020552e-17,1.11022302463e-15,0,B6: SSM hybrid,ok,medium,B6
43,2070,0.781303987764,5.10797987514,5.10797987514,5.43807225057,10.9768415572,2.14895943711,0.0202150441086,0.204974085873,0.547372381875,0.23103173589,12.6266534405,0.222483987379,0.222483987379,0.126465868107,0,0.294323323693,0.126465868107,0.615874659504,0.124665663284,0.636789699175,0.0459831510753,0.0328017514432,0.0131813996322,0.0551448702644,0.627630450574,1.59329426908,0.0400700605397,0.0221599927028,0.382750937106,0.294323323693,0.340306474768,0.215640811484,0.430867029369,0.625630347865,0.5704787277,0.192495051641,1.86443740117,1.26412223693,0.73897780807,1.75263418382,0.00275723951918,0,0.777516012621,19.3512381715,1.06462288096,0,-5.05711510381e-17,-8.0913841661e-17,1.11022302463e-15,0,B6: SSM hybrid,ok,medium,B6
44,2071,0.785495190856,5.28378582132,5.28378582132,5.59385002468,11.5839274364,2.19235370777,0.0201931548406,0.202962308389,0.544944320196,0.231069456718,13.0899757532,0.23337334077,0.23337334077,0.133105916282,0,0.291208858586,0.133105916282,0.670625897295,0.121577331178,0.642388578671,0.0460139108662,0.0328449692455,0.0131689416206,0.0552259615792,0.627582811853,1.59341521328,0.0400645132326,0.0221424309624,0.378719327942,0.291208858586,0.337222769452,0.215645438274,0.43013713872,0.619569423854,0.565278456124,0.190416500409,1.93192841976,1.30797460329,0.773718907937,1.81600378858,0.00278820513803,0,0.76662665923,19.974193779,1.05868220512,0,-2.58772526239e-16,-3.83366705539e-17,8.881784197e-16,0,B6: SSM hybrid,ok,medium,B6
45,2072,0.789173359243,5.46602045778,5.46602045778,5.75093719244,12.2246350843,2.23647810664,0.0201264963377,0.201196787563,0.542813471483,0.231102560233,13.5677885301,0.244180438674,0.244180438674,0.139681898115,0,0.287609825987,0.139681898115,0.727928665501,0.117999510847,0.644987740301,0.0460492141343,0.0328930130454,0.0131562010889,0.0553111505058,0.62758346415,1.59341355712,0.0400579464522,0.0221227717117,0.374054862342,0.287609825987,0.333659040121,0.215659529274,0.429712535756,0.613568924821,0.560106937547,0.188347638675,2.00480887682,1.35352377105,0.808354543226,1.88185545962,0.00285464658999,0,0.755819561326,20.5928636116,1.05212507653,0,1.95259775567e-16,7.2654800211e-17,5.55111512313e-16,0,B6: SSM hybrid,ok,medium,B6
46,2073,0.792397436693,5.65488587053,5.65488587053,5.90956893726,12.9008942744,2.2813712902,0.0200731603072,0.199649230387,0.540945688239,0.23113157693,14.0607439069,0.254895545989,0.254895545989,0.146187087285,0,0.283776898476,0.146187087285,0.78785747899,0.114235504236,0.645988738816,0.0461294111105,0.0329884564793,0.0131409546312,0.055472075525,0.627674272128,1.59318303204,0.0400379489013,0.0220973063177,0.369083824958,0.283776898476,0.329906309586,0.215670805351,0.429341313819,0.60762747744,0.554964796768,0.186288991475,2.07813925634,1.40075443212,0.842967904532,1.94871647722,0.00293275403983,0,0.745104454011,21.207028291,1.04503770236,0,-2.151445863e-17,-6.88462676161e-17,6.66133814775e-16,0,B6: SSM hybrid,ok,medium,B6
47,2074,0.795220524113,5.85059255876,5.85059255876,6.06997584359,13.6148883225,2.32709562078,0.0200424765506,0.198294148426,0.53931020787,0.231156984717,14.5695046072,0.265510498821,0.265510498821,0.152616181463,0,0.279925792694,0.152616181463,0.850658057231,0.110415925816,0.645998593948,0.0461674260365,0.0330378064508,0.0131296195857,0.0555483475606,0.627795488752,1.59287541551,0.0400219480922,0.0220755779646,0.364087059555,0.279925792694,0.32609321873,0.215677292914,0.428906393811,0.601741618503,0.54985053575,0.184240302305,2.15485820592,1.44970072802,0.877658193266,2.02054483039,0.00301552232209,0,0.734489501179,21.8165043221,1.037497618,0,1.50857836429e-16,3.26179105793e-17,6.66133814775e-16,0,B6: SSM hybrid,ok,medium,B6
48,2075,0.797690227249,6.05335978349,6.05335978349,6.23238260295,14.3688201571,2.37369339855,0.0200240064703,0.19710869092,0.537879451256,0.231179212045,15.0947452757,0.276018513654,0.276018513654,0.158965093712,0,0.276045253564,0.158965093712,0.916770703386,0.106545631299,0.64495903961,0.0461815760248,0.0330605991415,0.0131209768833,0.0555775700817,0.627915665546,1.59257055505,0.0400127429652,0.0220574348683,0.359050194647,0.276045253564,0.322226829589,0.21568119829,0.428419829606,0.595910784814,0.544766525106,0.182202731418,2.23471238134,1.50042528189,0.912450522795,2.09625693371,0.00310111216615,0,0.723981486346,22.4211398051,1.02957412509,-1.11022302463e-16,2.31798368791e-17,-6.18128983444e-17,1.33226762955e-15,0,B6: SSM hybrid,ok,medium,B6
49,2076,0.799849048082,6.26341588794,6.26341588794,6.39700722449,15.1673282944,2.42157451552,0.0201715676514,0.196072456921,0.536628796009,0.231198641433,15.6371538032,0.28641401447,0.28641401447,0.165230765529,0,0.273459284824,0.165230765529,0.986039138824,0.103992022384,0.651345285218,0.0461827389676,0.0330717322142,0.0131110067534,0.0555960072108,0.627929778204,1.59253476218,0.0400072019411,0.0220405638653,0.355695631617,0.273459284824,0.319642023791,0.215650001408,0.426722791721,0.590035451248,0.539639655054,0.180148415363,2.3220048102,1.5527153165,0.948248916009,2.17816415567,0.00306703317649,0,0.71358598553,23.0208105548,1.02132883062,0,1.61036314819e-16,-2.92793299671e-17,1.33226762955e-15,0,B6: SSM hybrid,ok,medium,B6
50,2077,0.80173479641,6.48099859857,6.48099859857,6.56406064482,16.0123742163,2.47066466267,0.0202719952786,0.195167297723,0.535536338032,0.231215613168,16.1974326399,0.296692477446,0.296692477446,0.171411001583,0,0.271269050237,0.171411001583,1.0585189685,0.101641134962,0.658736053246,0.0460008592262,0.0328913461678,0.0131095130584,0.0552989918265,0.627682409827,1.59316237693,0.0400514702954,0.0220405346674,0.352854525773,0.271269050237,0.317269909463,0.215628774501,0.424776937224,0.584163131483,0.5345054497,0.178091319844,2.41526495339,1.60689575548,0.984621262426,2.2625632195,0.00302078031452,0,0.703307522554,23.6154166158,1.01281624197,0,-1.45604163394e-16,-5.54682527215e-17,9.99200722163e-16,0,B6: SSM hybrid,ok,medium,B6
1,2028,0.00695643999543,0.986523654272,1.01634339757,1.01634339757,0.966793181187,0.98,-0.02,0.576660908802,0.966747989676,0.220173911,3.03720677125,0,0,0,0,0.323612151303,0,0,0.115094557185,0.113543503141,0.0227578759799,0.0227578759799,0,0.036670265526,0.643366307727,1.55432447735,0,0,0.414979898554,0.323612151303,0.346370027283,0.231275470098,0.33704815012,0.740431317514,0.669151686418,0.232347359604,0.434641704909,0.252166547649,-0.781823452748,0.393745100509,0.00354045138169,0,1,0.194589568922,1,-0.029340224351,2.29671256734e-16,5.74178141835e-17,1.33226762955e-15,0,B7: equal citizen-equity comparator,ok,medium,B7
2,2029,0.0148127274627,1.03890078111,1.03890078111,1.03890078111,0.998044115509,0.96067317847,-0.0197212464587,0.572889890818,0.991418641586,0.220370318187,3.08391726068,0,0,0,0,0.2179440964,0,0,0.0788815752094,0.0819501301006,0.085363438472,0.085363438472,0,0.136971353187,0.708584546287,1.41126419598,0,0,0.279548228452,0.2179440964,0.303307534872,0.224425959662,0.371841667027,0.732913751122,0.657263175724,0.226939611665,0.496225862293,0.261341353992,-0.730737362815,0.438800806866,0.00398889672061,0,1,0.397042326348,1,0,0,5.56199374042e-17,1.33226762955e-15,0,B7: equal citizen-equity comparator,ok,medium,B7
3,2030,0.0236626568198,1.06415868889,1.06415868889,1.06415868889,1.02613388954,0.964267735863,0.00374170682938,0.568641924726,0.986291671152,0.22059156642,3.13362665714,0,0,0,0,0.242114596366,0,0,0.0850091202652,0.0904631939655,0.0620744169959,0.0620744169959,0,0.0900689843586,0.751261904098,1.33109371651,0,0,0.310638922977,0.242114596366,0.304189013362,0.219179893097,0.368071781202,0.72918162036,0.651166613638,0.223954978567,0.494121782433,0.265701185473,-0.710703199639,0.460694593799,0.00401437012797,0,1,0.602298544711,1,0,1.62292129118e-16,8.11460645591e-17,1.33226762955e-15,0,B7: equal citizen-equity comparator,ok,medium,B7
4,2031,0.0336032988689,1.09141981469,1.09141981469,1.09141981469,1.06628478107,0.976970334159,0.0131733105068,0.563870416543,0.980532825422,0.220840082472,3.1866382996,0,0,0,0,0.281051400844,0,0,0.0965269828225,0.105351461705,0.0326151352199,0.0326151352199,0,0.045112510519,0.755588315934,1.32347202691,0,0,0.360710804704,0.281051400844,0.313666536064,0.217139553242,0.359227230842,0.728331003572,0.649097784365,0.222840634689,0.488176697697,0.271467126155,-0.686960754016,0.473489258256,0.00385175994301,0,1,0.811067436774,1,0,1.56181028418e-16,1.56181028418e-16,1.33226762955e-15,0,B7: equal citizen-equity comparator,ok,medium,B7
5,2032,0.0447331081546,1.12093105182,1.12093105182,1.12093105182,1.11343429508,0.993312026888,0.0167269078261,0.558528108086,0.974085067384,0.221118327704,3.24329840127,0,0,0,0,0.291983912225,0,0,0.100185451932,0.11230098401,0.0245821609985,0.0245821609985,0,0.0339723983988,0.748174316899,1.33658691218,0,0,0.374875828525,0.291983912225,0.316566073224,0.216380621292,0.358026345615,0.728556743506,0.648673457145,0.222513427113,0.496544579896,0.278354314746,-0.662136085646,0.481378230252,0.00383032216298,0,1,1.02413280067,1,0,-3.48990560409e-16,-7.47836915161e-17,1.33226762955e-15,0,B7: equal citizen-equity comparator,ok,medium,B7
6,2033,0.0571494119133,1.15296684664,1.15296684664,1.15296684664,1.16640632131,1.01165642768,0.0184679137067,0.552568282282,0.9668920131,0.221428735298,3.30400048789,0,0,0,0,0.29342889096,0,0,0.102265804532,0.11790908217,0.0248476460057,0.0248476460057,0,0.0347910652261,0.739043829545,1.35309972159,0,0,0.376881223676,0.29342889096,0.318276536966,0.216010732434,0.359184588949,0.72903327226,0.648826605206,0.222489681913,0.508868283627,0.286064176905,-0.636006655175,0.493071804972,0.00374792700428,0,1,1.24235937813,1,0,0,4.75916069873e-17,1.33226762955e-15,0,B7: equal citizen-equity comparator,ok,medium,B7
7,2034,0.0709452248035,1.18782997871,1.18782997871,1.18782997871,1.22504449778,1.03132983654,0.0194467294627,0.545946292094,0.95889977701,0.22177363062,3.36918982555,0,0,0,0,0.292781113395,0,0,0.103991190548,0.123523853655,0.0270134081585,0.0270134081585,0,0.0383893876466,0.73068204719,1.36858433001,0,0,0.376215873574,0.292781113395,0.319794521553,0.215803331005,0.361125714406,0.72952870544,0.649192349436,0.222594665372,0.522959302479,0.294555359713,-0.60857635696,0.505582145184,0.00366861307315,0,1,1.46669883847,1,0,4.53135794918e-17,4.53135794918e-17,1.33226762955e-15,0,B7: equal citizen-equity comparator,ok,medium,B7
8,2035,0.0862053699267,1.22585154325,1.22585154325,1.22585154325,1.28961140447,1.05201271033,0.0200545674645,0.538621422435,0.950059219112,0.222155134248,3.43936765018,0,0,0,0,0.292045415602,0,0,0.105901348935,0.129819332024,0.02953066978,0.02953066978,0,0.0425453265533,0.723629697156,1.38192227866,0,0,0.375454577719,0.292045415602,0.321576085382,0.215674736448,0.363290198707,0.729962392494,0.649619425399,0.222751509011,0.539266369098,0.30385941526,-0.5797015645,0.5200601684,0.00358132639733,0,1,1.69819501246,1,0,-1.72179467516e-16,4.30448668791e-17,1.33226762955e-15,0,B7: equal citizen-equity comparator,ok,medium,B7
9,2036,0.103001941447,1.26738985832,1.26738985832,1.26738985832,1.36017489607,1.07320954727,0.0201488411105,0.530559068105,0.940328573577,0.222575048536,3.5150949504,0,0,0,0,0.289160370506,0,0,0.105472092752,0.13367426069,0.0319665278328,0.0319665278328,0,0.0465923885041,0.718055583558,1.39264984898,0,0,0.371946346669,0.289160370506,0.321126898339,0.215654805588,0.367534241445,0.730453723872,0.650126506925,0.222953077576,0.556133782213,0.314154083142,-0.550619983575,0.535245886248,0.00369778925151,0,1,1.9379878905,1,0,4.08117745678e-17,-4.08117745678e-17,1.33226762955e-15,0,B7: equal citizen-equity comparator,ok,medium,B7
10,2037,0.121389218408,1.31282799069,1.31282799069,1.31282799069,1.43706193075,1.09463078251,0.0199599745405,0.521733175164,0.92967639529,0.22303473046,3.59699549042,0,0,0,0,0.283988959139,0,0,0.102837395441,0.135007811224,0.0345431748126,0.0345431748126,0,0.0508258811279,0.714180675355,1.40020590658,0,0,0.365510493548,0.283988959139,0.318532133952,0.215694738511,0.37384443211,0.731053125851,0.65071505336,0.223191495562,0.575015549141,0.325512245196,-0.521774902703,0.549754927929,0.0040061735538,0,1,2.1873157823,1,-2.22044604925e-16,0,-1.1588467423e-16,1.33226762955e-15,0,B7: equal citizen-equity comparator,ok,medium,B7
11,2038,0.14139823101,1.36256958599,1.36256958599,1.36256958599,1.5219198169,1.1169483251,0.0203881920191,0.512128849115,0.91808470773,0.223534955775,3.68575769314,0,0,0,0,0.283205095431,0,0,0.104616929709,0.142547846602,0.0370160540457,0.0370160540457,0,0.054890642379,0.711376062263,1.40572624389,0,0,0.364736439248,0.283205095431,0.320221149477,0.215604219767,0.377218299046,0.731457086515,0.651204866829,0.223402056728,0.596770297082,0.337736103629,-0.489885230366,0.567357906991,0.00398045009888,0,1,2.44751492028,1,0,0,7.29488513322e-17,1.33226762955e-15,0,B7: equal citizen-equity comparator,ok,medium,B7
12,2039,0.163031283134,1.4170327126,1.4170327126,1.4170327126,1.61563221047,1.14015166771,0.0207738729623,0.501744984096,0.905552176207,0.224075782078,3.78213494486,0,0,0,0,0.284532313071,0,0,0.107532217622,0.152376670029,0.0385226621638,0.0385226621638,0,0.0574867525538,0.708636391892,1.41116094437,0,0,0.366701162948,0.284532313071,0.323054975235,0.215522757613,0.379969090114,0.731769737069,0.651679378965,0.22361679686,0.616406695602,0.351092724564,-0.455407459049,0.587189384665,0.00390272115651,0,1,2.72001569305,1,2.22044604925e-16,-6.8717559444e-17,-6.8717559444e-17,1.33226762955e-15,0,B7: equal citizen-equity comparator,ok,medium,B7
13,2040,0.186256836159,1.47664149646,1.47664149646,1.47664149646,1.71899962751,1.16412794279,0.0210290225055,0.490596718644,0.892097071779,0.224656420904,3.88694384172,0,0,0,0,0.286264747674,0,0,0.110748606972,0.16353598873,0.0399527589581,0.0399527589581,0,0.0599869254056,0.705977208253,1.4164763229,0,0,0.369210186802,0.286264747674,0.326217506632,0.21546889966,0.382826677863,0.732047522488,0.652167286993,0.22384430184,0.638136024614,0.365721372127,-0.418849816452,0.606041668638,0.00381560446109,0,1,3.00633464254,1,0,1.93756241745e-16,3.22927069575e-17,1.33226762955e-15,0,B7: equal citizen-equity comparator,ok,medium,B7
14,2041,0.211005241898,1.54181544897,1.54181544897,1.54181544897,1.83292976657,1.18881268688,0.0212044940986,0.478717483889,0.877759743265,0.225275131047,4.00105988853,0,0,0,0,0.288236323076,0,0,0.11420085369,0.176076640505,0.0413964066689,0.0413964066689,0,0.062523316356,0.7034919109,1.42148045273,0,0,0.372049916851,0.288236323076,0.329632729745,0.215431876056,0.385839241256,0.73231629907,0.652679835055,0.224087325377,0.662352008327,0.381720246159,-0.380455809275,0.626535482647,0.00372102091705,0,1,3.30806137769,1,0,2.42283811387e-16,6.05709528468e-17,1.33226762955e-15,0,B7: equal citizen-equity comparator,ok,medium,B7
15,2042,0.237165855518,1.61295657717,1.61295657717,1.61295657717,1.95824088332,1.21406918887,0.021245148428,0.466160389351,0.862604289796,0.225861600763,4.1253012497,0.000112539844206,0.000112539844206,3.59487228025e-05,0,0.290508381282,3.59487228025e-05,5.79837288851e-05,0.117864750011,0.190110723746,0.0427796687448,0.0427796687448,0,0.0649678655161,0.701253952993,1.42601691688,0,0,0.375266724359,0.290508381282,0.333288050027,0.215423300016,0.388981212823,0.732516574607,0.653165322764,0.224326011004,0.686338096402,0.399200213748,-0.340294094367,0.646724152525,0.00361830452824,0,0.999887460156,3.62687239238,1,0,-2.26779664153e-16,5.66949160382e-17,1.33226762955e-15,0,B7: equal citizen-equity comparator,ok,medium,B7
16,2043,0.264586041452,1.69041631898,1.69041631898,1.69041631898,2.09556267681,1.23967253112,0.0210888658488,0.452998700103,0.846719136716,0.226303937798,4.26033104422,0.00062977930431,0.00062977930431,0.000208472257576,0,0.292844263601,0.000208472257576,0.000352404906261,0.121530033824,0.205436352423,0.0441420418157,0.0441420418157,0,0.0673614825449,0.699442966737,1.42970913649,0,0,0.378500392993,0.292844263601,0.336986305416,0.215456271592,0.392348471807,0.73246780008,0.653475738958,0.224503708614,0.715892430006,0.418271660069,-0.298425743916,0.676617141581,0.00351523396214,0,0.999370220696,3.96447909492,1,0,-1.58939129368e-16,-2.64898548947e-17,1.33226762955e-15,0,B7: equal citizen-equity comparator,ok,medium,B7
17,2044,0.293072490725,1.77446349539,1.77446349539,1.77446349539,2.2458216159,1.26563416026,0.0209423283037,0.439325204452,0.830216272421,0.226637652417,4.40687142246,0.00177544787755,0.00177544787755,0.00060881872818,0,0.295099911376,0.00060881872818,0.00108032660847,0.125117269079,0.222016026624,0.0455045540906,0.0455045540906,0,0.0697231754521,0.698150590298,1.43235573227,0,0,0.38158039669,0.295099911376,0.340604465467,0.215487196388,0.395888745283,0.732031475548,0.653499025279,0.224574987251,0.746397093469,0.43896634133,-0.255032818321,0.705897166621,0.00341012589227,0,0.998224552122,4.32244094115,1,0,4.94350493718e-17,1.2358762343e-16,4.4408920985e-16,0,B7: equal citizen-equity comparator,ok,medium,B7
18,2045,0.322395092313,1.8653052783,1.8653052783,1.8653052783,2.41000138415,1.29201445586,0.0208435394892,0.42525035569,0.813229005593,0.226901555831,4.56569980686,0.00369728560518,0.00369728560518,0.00131365297354,0,0.297502243741,0.00131365297354,0.00245036382541,0.128619854986,0.239915294399,0.0466256607055,0.0466256607055,0,0.071666785261,0.697215198602,1.43427739671,0,0,0.384818060345,0.297502243741,0.344127904447,0.215508049461,0.399439657558,0.731127978541,0.653173511322,0.224513074996,0.774652790028,0.461325635663,-0.210309427473,0.73240258233,0.00330203930361,0,0.996302714395,4.7021284169,1,0,-9.21346379239e-17,-4.60673189619e-17,1.33226762955e-15,0,B7: equal citizen-equity comparator,ok,medium,B7
19,2046,0.352293356219,1.96307438355,1.96307438355,1.96307438355,2.58884885476,1.31877267436,0.0207104637139,0.410899189015,0.795908244161,0.227170640206,4.73771068293,0.0064052442091,0.0064052442091,0.00236049730803,0,0.298927693564,0.00236049730803,0.00463383179783,0.130874728387,0.25691682675,0.0474831812833,0.0474831812833,0,0.0731580912884,0.696532116911,1.43568397741,0,0,0.386796502715,0.298927693564,0.346410874847,0.21553614646,0.403858350625,0.729846764375,0.652560462218,0.224340455058,0.802927312945,0.485447729268,-0.165210057791,0.760973660024,0.00329284528403,0,0.993594755791,5.10467166097,1,0,3.43078514633e-16,4.28848143291e-17,3.33066907388e-16,0,B7: equal citizen-equity comparator,ok,medium,B7
20,2047,0.382485101996,2.0678300401,2.0678300401,2.0678300401,2.78374114353,1.3462137069,0.0208080081364,0.396407151042,0.778417461838,0.227442365918,4.92376019859,0.00989980556786,0.00989980556786,0.00378385703793,0,0.301608027533,0.00378385703793,0.00782437325048,0.134259499457,0.277625826147,0.0481670225921,0.0481670225921,0,0.0743585320908,0.69593428262,1.43691728511,0,0,0.390401976795,0.301608027533,0.349775050125,0.215515550668,0.407063373839,0.728054634747,0.651570061311,0.224023767188,0.835422365521,0.511180669576,-0.118714115218,0.78900841061,0.00316530697503,0,0.990100194432,5.53099695057,1,0,-1.19647226597e-16,3.98824088657e-17,1.11022302463e-15,0,B7: equal citizen-equity comparator,ok,medium,B7
21,2048,0.412676847773,2.17952766874,2.17952766874,2.17952766874,2.99532349421,1.3742993664,0.0208627050501,0.381915113069,0.760926679515,0.22771409163,5.12464374995,0.0141717850809,0.0141717850809,0.00561335472029,0,0.30446877468,0.00561335472029,0.0122344619273,0.137371654157,0.299405321136,0.0484068830144,0.0484068830144,0,0.0748434454838,0.695182064215,1.43847209454,0,0,0.394243597326,0.30446877468,0.352875657694,0.215504003537,0.410092044941,0.725808129851,0.650240790028,0.223577240891,0.870094772768,0.53863551228,-0.0713938267921,0.822658249136,0.00304279894858,0,0.985828214919,5.98178012236,1,0,-7.41304254296e-17,7.41304254296e-17,5.55111512313e-16,0,B7: equal citizen-equity comparator,ok,medium,B7
22,2049,0.442575111679,2.29801482443,2.29801482443,2.29801482443,3.22410625681,1.40299628294,0.0208811247637,0.367563946394,0.743605918083,0.227983176005,5.34107384313,0.0192025355956,0.0192025355956,0.00787204217854,0,0.307104628178,0.00787204217854,0.0180900696248,0.140126385791,0.322012511842,0.0485218728211,0.0485218728211,0,0.0751284813179,0.694373778383,1.44014654806,0,0,0.397795253462,0.307104628178,0.355626500999,0.215500115208,0.412998437008,0.723128939678,0.64858165593,0.223003254276,0.907387087055,0.567779722673,-0.0236088002096,0.854601562585,0.00292752635013,0,0.980797464404,6.45740614269,1,0,2.06610378727e-16,-3.44350631211e-17,8.881784197e-16,0,B7: equal citizen-equity comparator,ok,medium,B7
23,2050,0.471897713267,2.42303280726,2.42303280726,2.42303280726,3.47045341556,1.43227669273,0.0208699125917,0.353489097632,0.726618651255,0.228247079419,5.57365957414,0.024964539197,0.024964539197,0.0105750585118,0,0.309432476344,0.0105750585118,0.0256237137128,0.142422162151,0.345093571374,0.0484921678441,0.0484921678441,0,0.0751718364569,0.693576419203,1.4418021898,0,0,0.400947593579,0.309432476344,0.357924644188,0.215502482037,0.415795793515,0.720041195257,0.64660481558,0.222305561951,0.94374013215,0.598556129145,0.0243165905821,0.888953341613,0.0028223247146,0,0.975035460803,6.9579381669,1,0,0,3.19907197039e-17,5.55111512313e-16,0,B7: equal citizen-equity comparator,ok,medium,B7
24,2051,0.50038416254,2.55422414219,2.55422414219,2.55422414219,3.73462501641,1.46213676189,0.0208479753375,0.339815601981,0.71011578696,0.228503457463,5.82288904732,0.0314223415606,0.0314223415606,0.0137287659747,0,0.311486665075,0.0137287659747,0.0350663454949,0.144288804598,0.36854594815,0.0483092525456,0.0483092525456,0,0.0749543395236,0.692825005104,1.44336591871,0,0,0.403743436167,0.311486665075,0.35979591762,0.215507113023,0.418409513058,0.716561393208,0.644318766114,0.221486697144,0.987460437426,0.630872598709,0.0721579336372,0.93248746024,0.00272145543657,0,0.968577658439,7.48309884658,1,0,1.7836698781e-16,-8.91834939049e-17,9.99200722163e-16,0,B7: equal citizen-equity comparator,ok,medium,B7
25,2052,0.527804348473,2.69114551496,2.69114551496,2.69114551496,4.01650832839,1.49249020763,0.0207596488428,0.326653912733,0.69423063388,0.228750239136,6.08911588458,0.0385337570129,0.0385337570129,0.0173304389666,0,0.31279744252,0.0173304389666,0.0466387330972,0.145236458119,0.390852442877,0.0479647764871,0.0479647764871,0,0.0744561440629,0.692166502091,1.44473908659,0,0,0.405572174401,0.31279744252,0.360762219007,0.215525760887,0.421237862853,0.712749634229,0.641763638669,0.220561255547,1.03199261046,0.664672419278,0.1193847678,0.970590676511,0.00266617715266,0,0.961466242987,8.03226567717,1,0,-1.10565987555e-16,2.76414968886e-17,4.4408920985e-16,0,B7: equal citizen-equity comparator,ok,medium,B7
26,2053,0.553964962093,2.83328517515,2.83328517515,2.83328517515,4.3159088817,1.52328784958,0.0206350713684,0.314096818195,0.679075180411,0.228985684659,6.37255067717,0.0462512552903,0.0462512552903,0.0213685151697,0,0.313288490311,0.0213685151697,0.0605430972451,0.14526883805,0.411588045258,0.0475324154379,0.0475324154379,0,0.0737909161154,0.691682372373,1.44575030381,0,0,0.40633290988,0.313288490311,0.360820905749,0.215552067699,0.424274783145,0.708643658041,0.638964826842,0.219538389906,1.07728757118,0.699828145099,0.165676531488,1.01034904295,0.00265547439506,0,0.95374874471,8.60448095609,1,0,-1.02895872462e-16,-1.02895872462e-16,6.66133814775e-16,0,B7: equal citizen-equity comparator,ok,medium,B7
27,2054,0.578713367833,2.98008337477,2.98008337477,2.98008337477,4.63284050421,1.5546009697,0.0205562724931,0.30221758344,0.664737851897,0.22920842031,6.67325783926,0.0545234347371,0.0545234347371,0.0258233544191,0,0.313482837096,0.0258233544191,0.0769557491851,0.144904202893,0.431826605977,0.0469900766364,0.0469900766364,0,0.0729246791929,0.691354606675,1.44643572249,0,0,0.406702467121,0.313482837096,0.360472913732,0.215568710839,0.427028859215,0.704231726604,0.635912774723,0.21841422234,1.11880976443,0.73614409831,0.211157625235,1.05047644388,0.00264348595823,0,0.945476565263,9.19847562476,1,0,-1.91713575914e-16,2.39641969892e-17,1.11022302463e-15,0,B7: equal citizen-equity comparator,ok,medium,B7
28,2055,0.601938920858,3.12414213259,3.12414213259,3.13095417298,4.95649860698,1.5865150805,0.0205288118407,0.291069317988,0.651282747469,0.229417450288,6.9895950913,0.063296490923,0.063296490923,0.0306684008675,0,0.315266424207,0.0306684008675,0.0958124432896,0.14456047272,0.451627463533,0.044868559931,0.044868559931,0,0.0694334763048,0.69107788602,1.4470149027,0,0,0.40912738593,0.315266424207,0.360134984138,0.215574511417,0.428764847754,0.69956336439,0.632661051313,0.217211653117,1.15962999842,0.771764157928,0.253973821863,1.0943978616,0.00262195269742,0,0.936703509077,9.81136870785,1.0021804515,0,-1.79194727998e-16,0,3.33066907388e-16,0,B7: equal citizen-equity comparator,ok,medium,B7
29,2056,0.623571972982,3.22389205849,3.22389205849,3.28501314086,5.22069751186,1.61937726734,0.0207134412049,0.280685452969,0.638750215946,0.229612147757,7.31046416551,0.0725156023399,0.0725156023399,0.0358716141076,0,0.327750637616,0.0358716141076,0.115646211847,0.146760727475,0.473140743804,0.0345456075848,0.0345456075848,0,0.0526525466651,0.690650768167,1.4479097774,0,0,0.425435884875,0.327750637616,0.362296245201,0.215535517726,0.425513193724,0.694810625342,0.629427285151,0.216027300787,1.1783826867,0.796172641643,0.28392685781,1.12461802086,0.00250229032059,0,0.92748439766,10.4322304919,1.01895878685,0,-4.25315974389e-17,0,4.4408920985e-16,0,B7: equal citizen-equity comparator,ok,medium,B7
30,2057,0.643580985584,3.32759526051,3.32759526051,3.43963732902,5.49913918805,1.65258655502,0.0205074434164,0.27108112692,0.627158528386,0.22979222887,7.63649184727,0.0821261729914,0.0821261729914,0.0413970268535,0,0.325930121836,0.0413970268535,0.137752550357,0.14480778888,0.481861711962,0.0344566923803,0.0344566923803,0,0.0525510342595,0.690137267764,1.44898710258,0,0,0.423171686983,0.325930121836,0.360386814216,0.215579025336,0.427969005927,0.689893435629,0.626011345509,0.214764937169,1.20722482986,0.822017063334,0.31253734068,1.15131148722,0.00252216588862,0,0.917873827009,11.0597435538,1.03367058183,0,2.01890329861e-16,8.07561319442e-17,6.66133814775e-16,0,B7: equal citizen-equity comparator,ok,medium,B7
31,2058,0.661968262544,3.43542007132,3.43542007132,3.59446978512,5.79329358718,1.68634212612,0.0204259020497,0.262255233979,0.616506350099,0.229957714363,7.96830368391,0.0920748920978,0.0920748920978,0.047206297837,0,0.323607701986,0.047206297837,0.162173463082,0.142815380932,0.490630826146,0.0348039310183,0.0348039310183,0,0.0531280217079,0.68989948887,1.44948650656,0,0,0.420246664401,0.323607701986,0.358411633005,0.215596252073,0.429971637754,0.684672175682,0.622313180742,0.213386054719,1.23827906161,0.848833440632,0.341174183041,1.18391163894,0.00250364530646,0,0.907925107902,11.6926385601,1.0462970206,0,7.66557404984e-17,3.83278702492e-17,1.33226762955e-15,0,B7: equal citizen-equity comparator,ok,medium,B7
32,2059,0.678764834065,3.54752915634,3.54752915634,3.74923282203,6.10482155972,1.72086578874,0.0204725139047,0.254192879649,0.606775704564,0.230108883507,8.30652343625,0.102310590987,0.102310590987,0.0532601531424,0,0.321861080132,0.0532601531424,0.188941946144,0.141251780001,0.50109480794,0.0349771042086,0.0349771042086,0,0.0534251148198,0.689671143268,1.44996642206,0,0,0.418060519516,0.321861080132,0.356838184341,0.215586404339,0.430952873438,0.679087387284,0.618293571088,0.211875959992,1.27450386239,0.876623618663,0.370687460499,1.21818296505,0.00241694814297,0,0.897689409013,12.3297103518,1.05685750752,0,-7.2744011517e-17,-3.63720057585e-17,1.11022302463e-15,0,B7: equal citizen-equity comparator,ok,medium,B7
33,2060,0.694024979188,3.66408054391,3.66408054391,3.90373042252,6.43381539992,1.75591538527,0.0203674201414,0.24686800999,0.597935146666,0.230246224813,8.65177274272,0.112784894464,0.112784894464,0.0595196406699,0,0.318959077781,0.0595196406699,0.218084757359,0.138365202107,0.506981244994,0.0350147332029,0.0350147332029,0,0.0535062344563,0.689419468625,1.45049573664,0,0,0.414365071095,0.318959077781,0.353973810984,0.215608608877,0.432624723584,0.673289727937,0.614067490685,0.210279034988,1.3132896792,0.905694235957,0.400190445983,1.24980452881,0.00242383724383,0,0.887215105536,12.969829586,1.06540518849,0,0,-6.90242386898e-17,1.11022302463e-15,0,B7: equal citizen-equity comparator,ok,medium,B7
34,2061,0.707820792078,3.78522887891,3.78522887891,4.05784606224,6.78121985552,1.79149532893,0.0202629033049,0.240246019802,0.589942910576,0.230370387129,9.00467102036,0.123452677386,0.123452677386,0.0659471547413,0,0.315297336281,0.0659471547413,0.249625074609,0.134886825517,0.510577507332,0.0352201852921,0.0352201852921,0,0.053845240634,0.689320434031,1.45070412921,0,0,0.409674122472,0.315297336281,0.350517521573,0.215630696056,0.434389337493,0.667298400881,0.609652965393,0.208602521187,1.34989452847,0.935961437067,0.42981604716,1.28299540373,0.00245227746045,0,0.876547322614,13.6119503041,1.07202132078,0,-1.96464302579e-16,-9.82321512896e-17,6.66133814775e-16,0,B7: equal citizen-equity comparator,ok,medium,B7
35,2062,0.720237095837,3.91112678955,3.91112678955,4.21153705641,7.14831692742,1.82768734231,0.0202021254465,0.234286193998,0.582749856292,0.230482133863,9.3658356074,0.134272346416,0.134272346416,0.0725072165799,0,0.311405388032,0.0725072165799,0.283584917201,0.131165422873,0.513004599261,0.0354035769517,0.0354035769517,0,0.0541404628106,0.689324417553,1.45069574577,0,0,0.404675968857,0.311405388032,0.346808964983,0.215643542111,0.435901767804,0.661118194426,0.605058336193,0.206850211949,1.38804742963,0.967417914119,0.459819980905,1.31851467284,0.00247605720731,0,0.865727653584,14.2551139425,1.07680913533,0,2.48500011602e-16,9.31875043509e-17,1.11022302463e-15,0,B7: equal citizen-equity comparator,ok,medium,B7
36,2063,0.731366905123,4.04192627799,4.04192627799,4.36482656027,7.53650986249,1.86458370197,0.0201874570154,0.228943885541,0.576302098254,0.230582302146,9.73588213724,0.145205972301,0.145205972301,0.0791670189229,0,0.307526993133,0.0791670189229,0.319987254135,0.127405338114,0.514962984078,0.035524987651,0.035524987651,0,0.0543346339759,0.689343464955,1.45065566128,0,0,0.399687964016,0.307526993133,0.343051980784,0.215646642671,0.436994111256,0.654755130257,0.600292020439,0.205025915475,1.42779607526,1.00008577639,0.490418600005,1.35295424199,0.00248053392842,0,0.854794027699,14.8984503786,1.07988772186,0,0,8.83875728857e-17,1.11022302463e-15,0,B7: equal citizen-equity comparator,ok,medium,B7
37,2064,0.741307547172,4.17778006867,4.17778006867,4.51779425824,7.94729743788,1.90227759893,0.0202157172804,0.224172377357,0.570543252525,0.230671767925,10.1154251234,0.156219300064,0.156219300064,0.0858967585114,0,0.303830879873,0.0858967585114,0.358857765672,0.123782520132,0.517136145459,0.035592309457,0.035592309457,0,0.0544464666977,0.689304324502,1.45073803319,0,0,0.39493010552,0.303830879873,0.33942318933,0.215640669197,0.437540744888,0.648215386228,0.595361564329,0.203133041975,1.47110802539,1.03399073905,0.52179371262,1.39753666112,0.00245362298044,0,0.843780699936,15.541176612,1.08138633054,0,5.58792738439e-17,-5.58792738439e-17,1.22124532709e-15,0,B7: equal citizen-equity comparator,ok,medium,B7
38,2065,0.750157476529,4.31884286954,4.31884286954,4.67056660722,8.38175660554,1.94074127231,0.0202198004129,0.219924411266,0.56541628209,0.230751417289,10.5050787292,0.167281664084,0.167281664084,0.0926697890452,0,0.299939331946,0.0926697890452,0.400226257639,0.119917800502,0.517906137628,0.0356182747144,0.0356182747144,0,0.0544976096758,0.689193264999,1.45097181123,0,0,0.389912102131,0.299939331946,0.33555760666,0.215639806158,0.437936171446,0.641549623609,0.590307612149,0.201187716126,1.51690053779,1.06923875865,0.553724863607,1.44386784406,0.00242937276764,0,0.832718335916,16.182593654,1.08143934575,0,-5.29828329251e-17,-2.64914164626e-17,0,0,B7: equal citizen-equity comparator,ok,medium,B7
39,2066,0.758013763996,4.46527252012,4.46527252012,4.82330729839,8.841060327,1.979959854,0.0202080422797,0.216153393282,0.560864951572,0.230822123876,10.9054576923,0.178365832937,0.178365832937,0.0994626305617,0,0.29577333398,0.0994626305617,0.444127751026,0.115806517729,0.517107661265,0.0356754752053,0.0356754752053,0,0.0546006798903,0.689064320857,1.4512433306,0,0,0.384531774979,0.29577333398,0.331448809186,0.215642291457,0.438230510734,0.634794019614,0.585160029017,0.199201886967,1.56686968803,1.10586839655,0.586089589467,1.49067641945,0.00240798086814,0,0.821634167063,16.8220821353,1.08018206653,0,0,2.51151555031e-17,1.33226762955e-15,0,B7: equal citizen-equity comparator,ok,medium,B7
40,2067,0.764970203992,4.61723101483,4.61723101483,4.97620840174,9.32650508213,2.01993468643,0.0201897186732,0.212814302084,0.556834923676,0.230884731836,11.3171783754,0.189447805738,0.189447805738,0.106254870528,0,0.291372907146,0.106254870528,0.490603283679,0.111473404154,0.51469845899,0.0357466616119,0.0357466616119,0,0.0547255712087,0.688945172333,1.45149431357,0,0,0.378841662891,0.291372907146,0.327119568758,0.215646164604,0.438426550148,0.627976188863,0.579942396322,0.1971850968,1.61823518407,1.14391613662,0.618819431653,1.53994755025,0.00238917968501,0,0.810552194262,17.4590970698,1.07774733076,0,1.90463289706e-16,4.76158224265e-17,8.881784197e-16,0,B7: equal citizen-equity comparator,ok,medium,B7
41,2068,0.771115963868,4.77488540108,4.77488540108,5.12948247929,9.83949145015,2.06067593747,0.0201695883074,0.209864337343,0.553274541676,0.230940043675,11.7408599159,0.200506578236,0.200506578236,0.113028988664,0,0.286774054318,0.113028988664,0.539700467868,0.106941823242,0.510634950562,0.0358181887379,0.0358181887379,0,0.0548495009899,0.68884489074,1.45170562117,0,0,0.372889073159,0.286774054318,0.322592243056,0.215650419814,0.438527624133,0.621118608658,0.574674277124,0.195145319801,1.67286207228,1.18342205354,0.651869497409,1.59171353694,0.00237267721833,0,0.799493421764,18.0931621344,1.07426295051,-2.22044604925e-16,-1.35400049515e-16,-1.35400049515e-16,1.11022302463e-15,0,B7: equal citizen-equity comparator,ok,medium,B7
42,2069,0.776534690267,4.93840855913,4.93840855913,5.28335580732,10.3815130626,2.10219809446,0.0201497752436,0.207263348672,0.550135347123,0.230988812212,12.1771254483,0.211523893328,0.211523893328,0.119770132824,0,0.28200178951,0.119770132824,0.591473849067,0.102231432752,0.504860582516,0.0358842513585,0.0358842513585,0,0.0549630026847,0.688764363537,1.451875348,0,0,0.366707005032,0.28200178951,0.317886040869,0.215654608116,0.438539639931,0.614240122499,0.569372327744,0.193089375434,1.7307239153,1.22442931251,0.685205110319,1.64602306819,0.00235821076296,0,0.788476106672,18.723863749,1.0698498806,0,1.28330776209e-16,8.55538508059e-17,4.4408920985e-16,0,B7: equal citizen-equity comparator,ok,medium,B7
43,2070,0.781303987764,5.10797987514,5.10797987514,5.43806273798,10.9541511224,2.1445172828,0.0201309231796,0.204974085873,0.547372381875,0.23103173589,12.6266033788,0.222483987379,0.222483987379,0.126465868107,0,0.277072292879,0.126465868107,0.645985109183,0.0973568078894,0.497296615407,0.0359431084327,0.0359431084327,0,0.0550634016993,0.68870169805,1.45200745523,0,0,0.360316941298,0.277072292879,0.313015401312,0.215658593423,0.438471965886,0.607357063771,0.564051023585,0.191023205252,1.79096917387,1.26698392882,0.718795150631,1.70293146016,0.00234573301052,0,0.777516012621,19.3508451737,1.06462101866,0,-2.83785063233e-16,-8.10814466381e-17,9.99200722163e-16,0,B7: equal citizen-equity comparator,ok,medium,B7
44,2071,0.785495190856,5.28378582132,5.28378582132,5.59384115414,11.5590658956,2.18764845634,0.0201122993423,0.202962308389,0.544944320196,0.231069456718,13.0899286952,0.23337334077,0.23337334077,0.133105916282,0,0.271989376648,0.133105916282,0.703303153184,0.092321843947,0.487808850045,0.0359949979259,0.0359949979259,0,0.0551512056025,0.688655216912,1.45210545922,0,0,0.353724245999,0.271989376648,0.307984374574,0.215662530627,0.438341751771,0.600484332284,0.558723455523,0.188952181546,1.85404173619,1.31113549772,0.752605475496,1.7624887456,0.00233624954146,0,0.76662665923,19.9738007813,1.05868052629,0,-7.68382521321e-17,0,6.66133814775e-16,0,B7: equal citizen-equity comparator,ok,medium,B7
45,2072,0.789173359243,5.46602045778,5.46602045778,5.75092892342,12.198034762,2.23161161876,0.0200960818408,0.201196787563,0.542813471483,0.231102560233,13.5677442956,0.244180438674,0.244180438674,0.139681898115,0,0.266777244618,0.139681898115,0.76350411268,0.0871527578023,0.4763787571,0.0360414724168,0.0360414724168,0,0.0552290801919,0.688622907624,1.45217359012,0,0,0.346960765924,0.266777244618,0.302818717035,0.215665959233,0.438144600796,0.59363319028,0.553399839806,0.186880533844,1.91964492865,1.35693176796,0.786617752091,1.82451305192,0.00232849367597,0,0.755819561326,20.5924706138,1.05212356372,0,-3.64066194692e-17,0,1.11022302463e-15,0,B7: equal citizen-equity comparator,ok,medium,B7
46,2073,0.792397436693,5.65488587053,5.65488587053,5.90956123128,12.8729338265,2.27642681413,0.0200819869347,0.199649230387,0.540945688239,0.23113157693,14.0607023265,0.254895545989,0.254895545989,0.146187087285,0,0.261449953032,0.146187087285,0.82667129434,0.0818619612121,0.462920047792,0.0360809473609,0.0360809473609,0,0.0552947802432,0.688600899555,1.45222000239,0,0,0.340045117198,0.261449953032,0.297530900393,0.215668939181,0.437886155195,0.586813368509,0.548089141063,0.18481197848,1.98814714858,1.40442511328,0.820812747622,1.88921617657,0.00232182596359,0,0.745104454011,21.2066352932,1.04503633965,0,-6.89958040389e-17,-1.03493706058e-16,8.881784197e-16,0,B7: equal citizen-equity comparator,ok,medium,B7
47,2074,0.795220524113,5.85059255876,5.85059255876,6.06996866422,13.5857421361,2.32211387132,0.0200696358449,0.198294148426,0.53931020787,0.231156984717,14.5694655216,0.265510498821,0.265510498821,0.152616181463,0,0.256016235533,0.152616181463,0.892895095611,0.0764593438061,0.44733246792,0.0361146587922,0.0361146587922,0,0.0553505270732,0.688586472554,1.45225042875,0,0,0.332988959311,0.256016235533,0.292130894325,0.215671550519,0.437572951363,0.580033483503,0.542799153256,0.182749751078,2.05963032085,1.45367033996,0.855171549509,1.95686357358,0.00231610996365,0,0.734489501179,21.8161113244,1.03749639088,0,2.2881521214e-16,9.80636623456e-17,8.881784197e-16,0,B7: equal citizen-equity comparator,ok,medium,B7
48,2075,0.797690227249,6.05335978349,6.05335978349,6.23237591576,14.3385485279,2.3686926006,0.0200587619153,0.19710869092,0.537879451256,0.231179212045,15.0947085353,0.276018513654,0.276018513654,0.158965093712,0,0.250483766013,0.158965093712,0.962272905253,0.0709536194673,0.429507786576,0.0361437030537,0.0361437030537,0,0.0553982418855,0.688577820518,1.4522686764,0,0,0.325802540641,0.250483766013,0.286627469067,0.2156738496,0.437211036186,0.573300900314,0.537536586827,0.180696643469,2.13418112608,1.50472455144,0.889676417019,2.02616135934,0.00231128728721,0,0.723981486346,22.4207468073,1.02957302038,2.22044604925e-16,6.19433981041e-17,3.09716990521e-17,1.22124532709e-15,0,B7: equal citizen-equity comparator,ok,medium,B7
49,2076,0.799849048082,6.26341588794,6.26341588794,6.39700099701,15.1335585186,2.41618292469,0.0200491714599,0.196072456921,0.536628796009,0.231198641433,15.6371192672,0.28641401447,0.28641401447,0.165230765529,0,0.244859548531,0.165230765529,1.03490900199,0.0653525423325,0.409330151963,0.0361688711565,0.0361688711565,0,0.0554393072292,0.688573689401,1.45227738932,0,0,0.318495207901,0.244859548531,0.281028419688,0.215675877355,0.436805780665,0.566621956287,0.532307173979,0.178655047085,2.21189090967,1.55764724158,0.924311101835,2.09779453952,0.00230742035826,0,0.71358598553,23.0204175571,1.02132783635,0,1.76067991928e-16,8.80339959639e-17,6.66133814775e-16,0,B7: equal citizen-equity comparator,ok,medium,B7
50,2077,0.80173479641,6.48099859857,6.48099859857,6.56405484648,15.9730775045,2.46460128969,0.0200391967471,0.195167297723,0.535536338032,0.231215613168,16.1974001761,0.296692477446,0.296692477446,0.171411001583,0,0.23913556509,0.171411001583,1.11091446104,0.0596483896444,0.386581129692,0.0361908109513,0.0361908109513,0,0.0554747596253,0.688574186666,1.45227634054,0,0,0.311056739946,0.23913556509,0.275326376041,0.215677986397,0.436373851106,0.560002945185,0.527116595923,0.17662731365,2.2928130073,1.61250287433,0.959051975536,2.17362064062,0.00230557278064,0,0.703307522554,23.6150236181,1.0128153473,0,1.11209429673e-16,1.11209429673e-16,8.881784197e-16,0,B7: equal citizen-equity comparator,ok,medium,B7
1,2028,0.00695643999543,0.985542013441,1.01634339757,1.01634339757,0.965831173173,0.98,-0.02,0.576660908802,0.96578602663,0.220173911,3.03699063955,0,0,0,0,0.295976798472,0,0,0.087251512159,0.0859900309689,0.0227805437708,0.0227805437708,0,0.036670265526,0.644007127325,1.55277784604,0,0,0.469485640733,0.295976798472,0.318757342243,0.231505830084,0.318485746873,0.736737040681,0.664870686213,0.230534833133,0.456173821544,0.250659204307,-0.76257740272,0.41402052529,0.00449689086773,0,1,0.194395942479,1,-0.0303060798218,5.74750047142e-17,-2.87375023571e-17,1.33226762955e-15,0,B10: capital-tilted tax and universal transfer,ok,medium,B10
2,2029,0.0148127274627,1.03882154318,1.03887120865,1.03887120865,0.997684210069,0.9604,-0.02,0.572889890818,0.991371244684,0.220370318187,3.08369663519,0,0,0,0,0.199373770805,0,0,0.0609472795104,0.0633133469535,0.0860740373548,0.0860740373548,0,0.138061752165,0.709519966476,1.40940360701,0,0,0.314882075223,0.199373770805,0.28544780816,0.224500528649,0.359273862767,0.728470499982,0.651912853229,0.224564787084,0.510775178173,0.260974619028,-0.712520197884,0.457653179787,0.00449392817471,0,1,0.396833258643,1,-4.7807152122e-05,1.11280003574e-16,8.34600026808e-17,1.33226762955e-15,0,B10: capital-tilted tax and universal transfer,ok,medium,B10
3,2030,0.0236626568198,1.06412823599,1.06412823599,1.06412823599,1.02572955413,0.963915362298,0.00366031059767,0.568641924726,0.986291671152,0.22059156642,3.13341255153,0,0,0,0,0.222265800553,0,0,0.0655595939059,0.0697638150153,0.0624914618044,0.0624914618044,0,0.0905515382915,0.752611839475,1.32870617701,0,0,0.349332671967,0.222265800553,0.284757262357,0.219197668451,0.353139022717,0.724013706814,0.644697667505,0.221078690722,0.511694416377,0.265776701766,-0.692063180292,0.477195221438,0.00453462501023,0,1,0.602083603214,1,0,5.411870118e-17,5.411870118e-17,1.33226762955e-15,0,B10: capital-tilted tax and universal transfer,ok,medium,B10
4,2031,0.0336032988689,1.09138998549,1.09138998549,1.09138998549,1.06572261353,0.976481942933,0.0130370166579,0.563870416543,0.980532825422,0.220840082472,3.18643045284,0,0,0,0,0.258453259381,0,0,0.0739762795363,0.0807369706499,0.0326917873202,0.0326917873202,0,0.0451314130266,0.757060583415,1.32089825029,0,0,0.404005203237,0.258453259381,0.291145046701,0.217168767165,0.340964607705,0.722305956464,0.641418032579,0.219422566151,0.507635451315,0.271794927142,-0.666425801045,0.490156029108,0.00445656189953,0,1,0.810846789489,1,0,1.04175609162e-16,-7.81317068716e-17,1.33226762955e-15,0,B10: capital-tilted tax and universal transfer,ok,medium,B10
5,2032,0.0447331081546,1.12090180639,1.12090180639,1.12090180639,1.11282645195,0.992795662919,0.0167066274026,0.558528108086,0.974085067384,0.221118327704,3.24309655862,0,0,0,0,0.269219644367,0,0,0.0775387620107,0.0869133384033,0.0247040551174,0.0247040551174,0,0.0340738236734,0.749719696279,1.33383183737,0,0,0.418295036647,0.269219644367,0.293923699485,0.216384937474,0.33786791377,0.721866275195,0.640091537547,0.218691792972,0.516172548536,0.278773422837,-0.639542707758,0.502084457048,0.00437764460658,0,1,1.02390659445,1,0,-2.49415131776e-16,9.97660527106e-17,1.33226762955e-15,0,B10: capital-tilted tax and universal transfer,ok,medium,B10
6,2033,0.0571494119133,1.15293814472,1.15293814472,1.15293814472,1.16573197295,1.01109671694,0.0184338577422,0.552568282282,0.9668920131,0.221428735298,3.30380440036,0,0,0,0,0.270531193677,0,0,0.0793476609821,0.0914829450403,0.0248344230392,0.0248344230392,0,0.034699756091,0.740528878472,1.35038622945,0,0,0.417521754528,0.270531193677,0.295365616716,0.216017955734,0.338610980566,0.721969419441,0.639741541511,0.218426604118,0.529571222303,0.286548152585,-0.612114358891,0.513303314946,0.00430229433832,0,1,1.24212773938,1,0,4.76191376055e-17,-4.76191376055e-17,1.33226762955e-15,0,B10: capital-tilted tax and universal transfer,ok,medium,B10
7,2034,0.0709452248035,1.18780177983,1.18780177983,1.18780177983,1.22422071088,1.03066078168,0.0193493504825,0.545946292094,0.95889977701,0.22177363062,3.36899924951,0,0,0,0,0.269251734969,0,0,0.0804686070098,0.0955807546266,0.0270408188512,0.0270408188512,0,0.0383476587191,0.732189966268,1.36576577947,0,0,0.412482050128,0.269251734969,0.29629255382,0.215823946811,0.340784991281,0.722295223065,0.639896987005,0.218401084539,0.544790783649,0.295101019437,-0.584072893044,0.526307132012,0.00425898824253,0,1,1.46646187394,1,0,-1.81376285298e-16,9.0688142649e-17,1.33226762955e-15,0,B10: capital-tilted tax and universal transfer,ok,medium,B10
8,2035,0.0862053699267,1.22582380698,1.22582380698,1.22582380698,1.28855283477,1.05117295604,0.0199019645607,0.538621422435,0.950059219112,0.222155134248,3.43918234695,0,0,0,0,0.267667672924,0,0,0.081604362348,0.10003257012,0.0296436962197,0.0296436962197,0,0.0426138810439,0.725278439959,1.378780817,0,0,0.406736817798,0.267667672924,0.297311369143,0.215707006795,0.343371965551,0.722672792192,0.640223185922,0.218491192269,0.562925010755,0.304465107081,-0.555007743495,0.540988877149,0.00422118014923,0,1,1.69795281007,1,-2.22044604925e-16,-1.72320916096e-16,4.3080229024e-17,1.33226762955e-15,0,B10: capital-tilted tax and universal transfer,ok,medium,B10
9,2036,0.103001941447,1.26736254457,1.26736254457,1.26736254457,1.35922893924,1.07248627874,0.0202757525141,0.530559068105,0.940328573577,0.222575048536,3.514914686,0,0,0,0,0.266527021145,0,0,0.0830298803111,0.105228960386,0.0321308395998,0.0321308395998,0,0.0467312812394,0.719696828539,1.38947395674,0,0,0.401427748226,0.266527021145,0.298657860745,0.215627980434,0.346012882932,0.723022387492,0.640599569168,0.218631668948,0.581580173181,0.314707039784,-0.524553722855,0.558746719905,0.00417611732589,0,1,1.93774052029,1,0,3.26721420527e-16,8.16803551317e-17,1.33226762955e-15,0,B10: capital-tilted tax and universal transfer,ok,medium,B10
10,2037,0.121389218408,1.31280106003,1.31280106003,1.31280106003,1.43688601455,1.094519237,0.0205438136518,0.521733175164,0.92967639529,0.22303473046,3.59682003541,0,0,0,0,0.265952990054,0,0,0.0847707993497,0.111287195246,0.0343891518062,0.0343891518062,0,0.0505128160322,0.715189679424,1.39823046776,0,0,0.396728729322,0.265952990054,0.300342141861,0.215571342511,0.348673725659,0.723320110283,0.640976774143,0.218792255998,0.601376771388,0.325914001605,-0.492504591173,0.576589244736,0.00412428831736,0,1,2.18706329751,1,0,0,3.86329539499e-17,1.33226762955e-15,0,B10: capital-tilted tax and universal transfer,ok,medium,B10
11,2038,0.14139823101,1.36254300016,1.36254300016,1.36254300016,1.52230674586,1.1172540945,0.0207715467551,0.512128849115,0.91808470773,0.223534955775,3.68558682257,0,0,0,0,0.266116666682,0,0,0.0870257411383,0.118576314422,0.0364323232176,0.0364323232176,0,0.0539691380154,0.711490783614,1.40549958345,0,0,0.39288028238,0.266116666682,0.3025489899,0.215523248762,0.351198471085,0.723553492727,0.641331302961,0.218957601623,0.625724750716,0.33817273658,-0.458628748554,0.596575420865,0.00404605699333,0,1,2.44725735861,1,0,0,-1.09395464578e-16,1.33226762955e-15,0,B10: capital-tilted tax and universal transfer,ok,medium,B10
12,2039,0.163031283134,1.41700643502,1.41700643502,1.41700643502,1.61624359232,1.14060427136,0.0208996117993,0.501744984096,0.905552176207,0.224075782078,3.78196843835,0,0,0,0,0.266442370664,0,0,0.0892118743107,0.126413799978,0.0382657164547,0.0382657164547,0,0.057101197288,0.708404317256,1.41162324345,0,0,0.38902493895,0.266442370664,0.304708087119,0.215496212808,0.35412004382,0.723771984541,0.641693277184,0.219135357672,0.650457278593,0.351609609409,-0.423176701653,0.616637818469,0.00399468036398,0,1,2.7197530781,1,0,0,1.03037348135e-16,1.33226762955e-15,0,B10: capital-tilted tax and universal transfer,ok,medium,B10
13,2040,0.186256836159,1.47661549286,1.47661549286,1.47661549286,1.7196124547,1.16456346491,0.021005702113,0.490596718644,0.892097071779,0.224656420904,3.88678148373,0,0,0,0,0.267095194296,0,0,0.0916240177723,0.135293444161,0.0400026445768,0.0400026445768,0,0.0600801862153,0.70582355987,1.41678467092,0,0,0.385416728702,0.267095194296,0.307097838873,0.215473821101,0.357216900979,0.723984752355,0.642069068815,0.219326191531,0.678777950762,0.366311939429,-0.386085099702,0.641776565312,0.00394682272489,0,1,3.00606698552,1,-1.11022302463e-16,0,-1.9368719183e-16,1.33226762955e-15,0,B10: capital-tilted tax and universal transfer,ok,medium,B10
14,2041,0.211005241898,1.54178968807,1.54178968807,1.54178968807,1.83342431934,1.18915331548,0.0211150798666,0.478717483889,0.877759743265,0.225275131047,4.00090146873,0,0,0,0,0.268263149358,0,0,0.0943912222712,0.145531413142,0.0415788133224,0.0415788133224,0,0.0628070427561,0.703587586508,1.42128715625,0,0,0.382336856848,0.268263149358,0.30984196268,0.215450740409,0.360339457034,0.724197670915,0.642465729771,0.219532264604,0.70352912137,0.382374514605,-0.347280447187,0.666416131542,0.00388487096587,0,1,3.30778867937,1,0,1.81663842829e-16,3.02773071382e-17,1.33226762955e-15,0,B10: capital-tilted tax and universal transfer,ok,medium,B10
15,2042,0.237165855518,1.61293103137,1.61293103137,1.61293103137,1.95869421399,1.21436947761,0.0212051396572,0.466160389351,0.862604289796,0.225929146388,4.12525551171,0,0,0,0,0.269809702814,0,0,0.0973640429897,0.157041486278,0.0429860800457,0.0429860800457,0,0.065269957096,0.701575145493,1.42536406317,0,0,0.379601513017,0.269809702814,0.312795782859,0.215431739869,0.363605475654,0.724432895516,0.642902623503,0.219760837329,0.730892614819,0.399902671195,-0.306873014414,0.691134334564,0.00382101153313,0,1,3.62656193316,1,2.22044604925e-16,-1.70045382791e-16,0,1.33226762955e-15,0,B10: capital-tilted tax and universal transfer,ok,medium,B10
16,2043,0.264586041452,1.69040925851,1.69040925851,1.69040925851,2.09616505159,1.24003405746,0.021134078481,0.452998700103,0.846719136716,0.226614651036,4.26081168523,0,0,0,0,0.270587532511,0,0,0.0994020363062,0.168030122487,0.0442612356556,0.0442612356556,0,0.0675162285428,0.699825632703,1.42892736886,0,0,0.375638356885,0.270587532511,0.314848768167,0.21544673186,0.36809498502,0.724800193708,0.643497425331,0.220043332683,0.75969233475,0.419051152832,-0.265727397382,0.716822573189,0.00385575555017,0,1,3.96405952421,1,0,1.05928970029e-16,1.05928970029e-16,1.33226762955e-15,0,B10: capital-tilted tax and universal transfer,ok,medium,B10
17,2044,0.293072490725,1.77454580353,1.77454580353,1.77454580353,2.24676234148,1.26610557868,0.0210248428819,0.439325204452,0.830216272421,0.227326812268,4.40856482486,0,0,0,0,0.270861214628,0,0,0.100931990299,0.179108439828,0.0455405573653,0.0455405573653,0,0.0697493486235,0.698457871491,1.43172557833,0,0,0.370899328796,0.270861214628,0.316401771993,0.215469781694,0.373458280483,0.725318702357,0.644245471528,0.220386735375,0.788853704927,0.439870724077,-0.224039341166,0.744469194548,0.00395060096246,0,1,4.32195171784,1,2.22044604925e-16,4.94143507806e-17,2.47071753903e-17,1.33226762955e-15,0,B10: capital-tilted tax and universal transfer,ok,medium,B10
18,2045,0.322395092313,1.86559744201,1.86559744201,1.86559744201,2.41155479973,1.29264478254,0.0209612881446,0.42525035569,0.813229005593,0.228059877308,4.5695188591,0,0,0,0,0.271284865645,0,0,0.102461991998,0.191152830174,0.0466603210186,0.0466603210186,0,0.0717046805763,0.697389403746,1.43391911983,0,0,0.366345773708,0.271284865645,0.317945186664,0.215483194666,0.379119074572,0.725963087317,0.645124837247,0.220786026723,0.819864019207,0.46239255095,-0.181672181383,0.773895869316,0.00406163466266,0,1,4.701868883,1,0,-4.60376444586e-17,4.60376444586e-17,1.33226762955e-15,0,B10: capital-tilted tax and universal transfer,ok,medium,B10
19,2046,0.352293356219,1.96374078856,1.96374078856,1.96374078856,2.59160066004,1.31972645022,0.0209505875443,0.410899189015,0.795908244161,0.228807333905,4.74466602186,0,0,0,0,0.272170940035,0,0,0.104212329849,0.204646002796,0.0475268429633,0.0475268429633,0,0.0732376784097,0.696466623624,1.43581898411,0,0,0.362435317706,0.272170940035,0.319697782999,0.215485453149,0.38477788696,0.726707129891,0.646117742939,0.221234550473,0.85119569647,0.486647743144,-0.138525940766,0.800847837333,0.00417771546101,0,1,5.10535936172,1,2.22044604925e-16,8.56785570203e-17,-8.56785570203e-17,1.33226762955e-15,0,B10: capital-tilted tax and universal transfer,ok,medium,B10
20,2047,0.382485101996,2.0690589948,2.0690589948,2.0690589948,2.78873857821,1.34782941676,0.0212945391387,0.396407151042,0.778417461838,0.22956212755,4.93496364542,0,0,0,0,0.275943287381,0,0,0.108654325733,0.224812209982,0.0481239203065,0.0481239203065,0,0.0743533281382,0.695356821799,1.43811057669,0,0,0.362374115976,0.275943287381,0.324067207687,0.215412881954,0.387841958992,0.727305217612,0.647038701469,0.221660864583,0.894226624536,0.512477476295,-0.0928501651942,0.835364221962,0.00405585538563,0,1,5.53384439276,1,0,1.19432818117e-16,1.19432818117e-16,1.33226762955e-15,0,B10: capital-tilted tax and universal transfer,ok,medium,B10
21,2048,0.412676847773,2.18153200301,2.18153200301,2.18153200301,3.00416223129,1.37708831553,0.0217081615815,0.381915113069,0.760926679515,0.230316921194,5.14130956112,0,0,0,0,0.281976343421,0,0,0.114804570008,0.250449843564,0.0481539020318,0.0481539020318,0,0.0746000884596,0.69364780192,1.44165381514,0,0,0.365242872131,0.281976343421,0.330130245453,0.215325675445,0.388989899492,0.727727553948,0.647855997932,0.222051781908,0.935474047157,0.53994619508,-0.0446335573217,0.875683358787,0.00378775790778,0,1,5.98857249865,1,0,-7.39123215824e-17,1.10868482374e-16,1.33226762955e-15,0,B10: capital-tilted tax and universal transfer,ok,medium,B10
22,2049,0.442575111679,2.30103153243,2.30103153243,2.30103153243,3.23738475938,1.40692759475,0.0216683845821,0.367563946394,0.743605918083,0.231064377792,5.36451740677,0,0,0,0,0.286400848514,0,0,0.119050588841,0.273939158878,0.0479837991272,0.0479837991272,0,0.0745463788336,0.691660928425,1.44579512721,0,0,0.366026786332,0.286400848514,0.334384647641,0.2153340588,0.391961344453,0.728288789231,0.648796262784,0.222493256306,0.977063845003,0.569322064061,0.00336695010044,0.916280011253,0.00369882565267,0,1,6.47057617236,1,0,2.40056766496e-16,1.02881471355e-16,1.33226762955e-15,0,B10: capital-tilted tax and universal transfer,ok,medium,B10
23,2050,0.471897713267,2.42732160634,2.42732160634,2.42732160634,3.48870749155,1.43726627837,0.0215637846127,0.353489097632,0.726618651255,0.231797442832,5.60529330365,0,0,0,0,0.290064105054,0,0,0.122836547968,0.298163806929,0.0481285502011,0.0481285502011,0,0.0749859289624,0.6899629699,1.44935314448,0,0,0.365922697051,0.290064105054,0.338192655255,0.215356107287,0.395467175238,0.728972844004,0.649842262178,0.222977720289,1.01841756978,0.600400861472,0.0509261079978,0.956564083992,0.00364313829324,0,1,6.98063384407,1,0,-1.27293334545e-16,-6.36466672723e-17,1.33226762955e-15,0,B10: capital-tilted tax and universal transfer,ok,medium,B10
24,2051,0.50038416254,2.5600649076,2.5600649076,2.5600649076,3.75865723211,1.46818825607,0.0215144390197,0.339815601981,0.71011578696,0.232509604064,5.86421538347,0,0,0,0,0.294006989264,0,0,0.126747922235,0.324482907824,0.0481074433169,0.0481074433169,0,0.075119840726,0.68851672603,1.45239754126,0,0,0.366302651799,0.294006989264,0.342114432581,0.215366510346,0.398624943514,0.729716253335,0.650941793752,0.223484265799,1.05975691008,0.633035159165,0.0982931226517,0.994697247626,0.0035679448187,0,1,7.5192399077,1,0,2.95377565993e-16,-2.95377565993e-17,1.33226762955e-15,0,B10: capital-tilted tax and universal transfer,ok,medium,B10
25,2052,0.527804348473,2.69883465389,2.69883465389,2.69883465389,4.04735433539,1.49966739517,0.0214408056774,0.326653912733,0.69423063388,0.233195108712,6.14171750097,0,0,0,0,0.297935901774,0,0,0.130372230135,0.351853092593,0.0478183639883,0.0478183639883,0,0.0747857276444,0.687223307879,1.45513108845,0,0,0.366824104978,0.297935901774,0.345754265763,0.215382035628,0.40175966929,0.730528730341,0.652097069186,0.224012909187,1.10549895775,0.667164649687,0.14516916492,1.03722833047,0.00351325532752,0,1,8.08658503874,1,0,-2.74308333945e-16,1.37154166973e-16,1.33226762955e-15,0,B10: capital-tilted tax and universal transfer,ok,medium,B10
26,2053,0.553964962093,2.84313110811,2.84313110811,2.84313110811,4.35519408311,1.53183019618,0.0214466228425,0.314096818195,0.679075180411,0.233849124052,6.43807817011,0,0,0,0,0.302413133045,0,0,0.134408897807,0.382142118562,0.0473765737834,0.0473765737834,0,0.0741826007939,0.686024629748,1.45767361205,0,0,0.368197611543,0.302413133045,0.349789706829,0.215380809021,0.404099008721,0.731331669096,0.6532422554,0.224537242895,1.15171144118,0.702587119138,0.191902529237,1.08203590571,0.00340509931197,0,1,8.68254820223,1,0,0,0,1.33226762955e-15,0,B10: capital-tilted tax and universal transfer,ok,medium,B10
27,2054,0.578713367833,2.99240138165,2.99240138165,2.99240138165,4.68194362896,1.56461083653,0.0213996567143,0.30221758344,0.664737851897,0.234467834196,6.7534153509,0,0,0,0,0.306821179351,0,0,0.138135233208,0.413356062707,0.0467047665464,0.0467047665464,0,0.0731880480387,0.68485222092,1.46016902545,0,0,0.369677003355,0.306821179351,0.353525945897,0.215390712689,0.406331733001,0.73215942994,0.654398133355,0.225064443391,1.19685226389,0.73925466757,0.238014388568,1.12822056265,0.0033135771629,0,1,9.30670075191,1,0,-1.4227719673e-16,-9.48514644865e-17,1.33226762955e-15,0,B10: capital-tilted tax and universal transfer,ok,medium,B10
28,2055,0.601938920858,3.12414213259,3.12414213259,3.14606091984,4.99211353353,1.59791498647,0.021285900088,0.291069317988,0.651282747469,0.235048473021,7.08253526762,0,0,0,0,0.315462271317,0,0,0.141549221212,0.442219885823,0.0415016540251,0.0415016540251,0,0.0646140272431,0.683802649582,1.46241024455,0,0,0.376412179903,0.315462271317,0.356963925342,0.21541470413,0.406471394686,0.733217212997,0.655747502102,0.22566880046,1.22875625078,0.771622484842,0.27711992221,1.16622667595,0.0032829959314,0,1,9.95378212196,1.00701593792,0,-1.77916310143e-16,0,1.33226762955e-15,0,B10: capital-tilted tax and universal transfer,ok,medium,B10
29,2056,0.623571972982,3.22389205849,3.22389205849,3.30255419045,5.26117427251,1.6319325142,0.0212886968436,0.280685452969,0.638750215946,0.235589299325,7.41709762272,0,0,0,0,0.327035052996,0,0,0.145639163658,0.469524943122,0.0340182248882,0.0340182248882,0,0.0524299088344,0.682850649824,1.46444907134,0,0,0.38673694254,0.327035052996,0.361053277884,0.215414114226,0.40424074577,0.734520229837,0.657315453388,0.226362250544,1.25719015129,0.795977440447,0.306503477349,1.20038538902,0.00318785510188,0,1,10.6155409318,1.02439974123,0,-8.44087625401e-17,-4.22043812701e-17,1.33226762955e-15,0,B10: capital-tilted tax and universal transfer,ok,medium,B10
30,2057,0.643580985584,3.32759526051,3.32759526051,3.4597789969,5.54558915113,1.6665455733,0.0212098593557,0.27108112692,0.627158528386,0.23608952464,7.7576821486,0,0,0,0,0.330182726182,0,0,0.148836617918,0.495268024372,0.0340846359504,0.0340846359504,0,0.052613590033,0.681914140248,1.46646027847,0,0,0.387261253782,0.330182726182,0.364267362132,0.215430744214,0.406102264177,0.735878763547,0.658909867908,0.227064255451,1.2946632283,0.821394249986,0.335152120481,1.23348418737,0.00308273328344,0,1,11.2911730991,1.03972350182,0,0,-4.00398585026e-17,1.33226762955e-15,0,B10: capital-tilted tax and universal transfer,ok,medium,B10
31,2058,0.661968262544,3.43542007132,3.43542007132,3.61736276931,5.84624149488,1.70175447937,0.0211268786356,0.262255233979,0.616506350099,0.236549206564,8.10486711177,0,0,0,0,0.332965432277,0,0,0.151758740316,0.521355022479,0.0342415589893,0.0342415589893,0,0.0529362159215,0.681087171076,1.46824083974,0,0,0.387607679245,0.332965432277,0.367206991266,0.21544825095,0.407900956886,0.737193724866,0.660439986047,0.227737369886,1.32317003336,0.847840413544,0.363678664992,1.26414551546,0.00298766170896,0,1,11.9798778793,1.05296082989,0,2.27884467434e-16,1.51922978289e-16,1.33226762955e-15,0,B10: capital-tilted tax and universal transfer,ok,medium,B10
32,2059,0.678764834065,3.54752915634,3.54752915634,3.77501140477,6.16398499379,1.73754315247,0.0210304562352,0.254192879649,0.606775704564,0.236969120852,8.45922995043,0,0,0,0,0.335407084772,0,0,0.154330591894,0.547492274458,0.0343921042201,0.0343921042201,0,0.0532403460736,0.680370328565,1.46978778764,0,0,0.387803652315,0.335407084772,0.369799188992,0.215468597099,0.409684988659,0.738432466973,0.661873097854,0.228367519932,1.35150409505,0.875368276769,0.392308401099,1.29125150766,0.00291122380118,0,1,12.6808719095,1.06412413779,0,-7.20457967203e-17,3.60228983602e-17,1.33226762955e-15,0,B10: capital-tilted tax and universal transfer,ok,medium,B10
33,2060,0.694024979188,3.66408054391,3.66408054391,3.93251223915,6.49912143937,1.77373869419,0.0208314490906,0.24686800999,0.597935146666,0.23735062448,8.82134795865,0,0,0,0,0.336849555868,0,0,0.155888176897,0.571186835995,0.034549222898,0.034549222898,0,0.0535409406859,0.679835287271,1.47094453425,0,0,0.387087863492,0.336849555868,0.371398778766,0.215510601869,0.412259019458,0.739656825339,0.663254880927,0.228971945149,1.38452417694,0.904121486482,0.420574301215,1.32456316504,0.00292482570381,0,1,13.3934004161,1.07326031511,0,-6.83306526879e-17,0,1.33226762955e-15,0,B10: capital-tilted tax and universal transfer,ok,medium,B10
34,2061,0.707820792078,3.78522887891,3.78522887891,4.08973238289,6.85285462191,1.81042014661,0.0206803023107,0.240246019802,0.589942910576,0.237695519802,9.19179902707,0,0,0,0,0.337947017867,0,0,0.157201295362,0.595042883008,0.0347967931114,0.0347967931114,0,0.0539699958272,0.679540091272,1.47158352074,0,0,0.386212161638,0.337947017867,0.372743810978,0.215542515616,0.414780768628,0.740815703751,0.664546862564,0.229535561636,1.42067251156,0.93400155302,0.448894619598,1.35747014668,0.00294684498382,0,1,14.1167456814,1.08044520258,0,-1.29607071608e-16,3.2401767902e-17,1.33226762955e-15,0,B10: capital-tilted tax and universal transfer,ok,medium,B10
35,2062,0.720237095837,3.91112678955,3.91112678955,4.24661350038,7.22724646969,1.84786811028,0.0206846812565,0.234286193998,0.582749856292,0.238005927396,9.57116244416,0,0,0,0,0.339729767291,0,0,0.159152329534,0.622464939659,0.0349641531376,0.0349641531376,0,0.054263684188,0.679302141994,1.47209899422,0,0,0.386336319868,0.339729767291,0.374693920429,0.215541590895,0.416124038865,0.741800286891,0.665664671241,0.230025452619,1.46096689011,0.964906208518,0.478209860978,1.395603552,0.00288409603076,0,1,14.8502329981,1.08577750834,0,6.14465290084e-17,1.53616322521e-16,1.33226762955e-15,0,B10: capital-tilted tax and universal transfer,ok,medium,B10
36,2063,0.731366905123,4.04192627799,4.04192627799,4.4031641506,7.62336333958,1.88607184181,0.0206744904099,0.228943885541,0.576302098254,0.238284172628,9.96001975648,0,0,0,0,0.341588504816,0,0,0.161008350969,0.650783884758,0.0349635891068,0.0349635891068,0,0.0542908670251,0.678968575998,1.47282221203,0,0,0.386741744407,0.341588504816,0.376552093922,0.215543742953,0.417130412441,0.742648403871,0.666638343719,0.230453454795,1.5060133721,0.997026944314,0.508299882457,1.43616150291,0.00281752642024,0,1,15.5932344176,1.08937270196,0,-2.33014846633e-16,8.73805674874e-17,1.33226762955e-15,0,B10: capital-tilted tax and universal transfer,ok,medium,B10
37,2064,0.741307547172,4.17778006867,4.17778006867,4.5594507213,8.0417310065,1.92488136626,0.0205769067704,0.224172377357,0.570543252525,0.238532688679,10.3589556836,0,0,0,0,0.342818666578,0,0,0.162251160412,0.677849664085,0.0349968462504,0.0349968462504,0,0.0543728575084,0.678642368192,1.47353016385,0,0,0.386615937305,0.342818666578,0.377815512829,0.215564352417,0.418549645219,0.743435772414,0.667530148628,0.230844264397,1.55271241325,1.03049696782,0.538575607261,1.47837333228,0.0028023908822,0,1,16.3451706383,1.09135728697,0,1.6566926057e-16,-2.76115434283e-17,1.33226762955e-15,0,B10: capital-tilted tax and universal transfer,ok,medium,B10
38,2065,0.750157476529,4.31884286954,4.31884286954,4.71558782792,8.48402555922,1.96442098393,0.0205413270479,0.219924411266,0.56541628209,0.238753936913,10.7685590806,0,0,0,0,0.34412072062,0,0,0.163671194399,0.70687017088,0.0351223415418,0.0351223415418,0,0.0546002861197,0.678385299264,1.47408854686,0,0,0.386737247325,0.34412072062,0.379243062161,0.215571867762,0.419488844788,0.744116510668,0.668307458943,0.231185581338,1.59651142031,1.06519066602,0.569431756708,1.51862719052,0.00275462619457,0,1,17.1055113819,1.09186371683,0,-1.57032486554e-16,1.30860405461e-16,1.33226762955e-15,0,B10: capital-tilted tax and universal transfer,ok,medium,B10
39,2066,0.758013763996,4.46527252012,4.46527252012,4.87172885226,8.95128439258,2.00464458826,0.0204760612207,0.216153393282,0.560864951572,0.2389503441,11.1894239409,0,0,0,0,0.345184012501,0,0,0.164772602099,0.735754572222,0.0351742445298,0.0351742445298,0,0.0547055939369,0.678147695661,1.47460502542,0,0,0.386740517242,0.345184012501,0.38035825703,0.215585654931,0.420489047454,0.744730597248,0.669004119844,0.231491050539,1.64346100901,1.10125277437,0.600595491118,1.56385549926,0.00272951388316,0,1,17.8737745893,1.09102609758,0,-9.92235729251e-17,-2.48058932313e-17,1.33226762955e-15,0,B10: capital-tilted tax and universal transfer,ok,medium,B10
40,2067,0.764970203992,4.61723101483,4.61723101483,5.02805709867,9.44417706069,2.04542008627,0.020340512353,0.212814302084,0.556834923676,0.2391242551,11.6221504315,0,0,0,0,0.345553276342,0,0,0.165197968975,0.76275718594,0.0352589874072,0.0352589874072,0,0.0548560220101,0.678014078192,1.47489562852,0,0,0.386104003266,0.345553276342,0.380812263749,0.215614294774,0.422068958886,0.745338305252,0.669671235004,0.231781155585,1.69439595819,1.13879288174,0.631589274355,1.61271865046,0.00276521852602,0,1,18.6495247349,1.08897672274,0,-2.35112708601e-16,0,1.33226762955e-15,0,B10: capital-tilted tax and universal transfer,ok,medium,B10
41,2068,0.771115963868,4.77488540108,4.77488540108,5.18477786799,9.96443811494,2.08684340627,0.0202517420636,0.209864337343,0.553274541676,0.239277899097,12.0673459528,0,0,0,0,0.345782462931,0,0,0.165556433556,0.790512997642,0.0354070256155,0.0354070256155,0,0.0550984557698,0.678020781678,1.47488104646,0,0,0.385436359323,0.345782462931,0.381189488546,0.21563305499,0.423533205179,0.745905934759,0.670286304169,0.232047573834,1.74773217911,1.17771208494,0.662705118405,1.66194877692,0.00279877575572,0,1,19.4323705143,1.08584341455,0,4.45674111001e-17,4.45674111001e-17,1.33226762955e-15,0,B10: capital-tilted tax and universal transfer,ok,medium,B10
42,2069,0.776534690267,4.93840855913,4.93840855913,5.3421116031,10.5139425082,2.12901431348,0.0202079883342,0.207263348672,0.550135347123,0.239413367257,12.5256262177,0,0,0,0,0.346102852238,0,0,0.165950523193,0.819531484129,0.0354899738143,0.0354899738143,0,0.0552300526356,0.678074438624,1.47476433713,0,0,0.384981945242,0.346102852238,0.381592826053,0.215642302859,0.424711676968,0.746414140197,0.670836052419,0.232285456361,1.80364693356,1.21804105711,0.694149422579,1.71126559141,0.00282117094189,0,1,20.2219621242,1.08174759928,0,-2.53428745404e-16,-1.26714372702e-16,1.33226762955e-15,0,B10: capital-tilted tax and universal transfer,ok,medium,B10
43,2070,0.781303987764,5.10797987514,5.10797987514,5.50028814875,11.0949386789,2.17207955984,0.0202277862064,0.204974085873,0.547372381875,0.239532599694,12.9976163433,0,0,0,0,0.346774388189,0,0,0.166657658566,0.851283965995,0.0355213886236,0.0355213886236,0,0.05528048828,0.678087866033,1.47473513403,0,0,0.385016074468,0.346774388189,0.382295776812,0.215638118246,0.425290167146,0.746829156395,0.67129509673,0.232485119848,1.86318966354,1.25977537872,0.726238805039,1.76216608272,0.00280153003889,0,1,21.0179883049,1.07680301865,0,-8.00525758101e-17,8.00525758101e-17,1.33226762955e-15,0,B10: capital-tilted tax and universal transfer,ok,medium,B10
44,2071,0.785495190856,5.28378582132,5.28378582132,5.65954208953,11.7089562397,2.2160164389,0.0202280247326,0.202962308389,0.544944320196,0.239637379771,13.4839519522,0,0,0,0,0.34743374713,0,0,0.167289106331,0.883919808095,0.035493427032,0.035493427032,0,0.0552401994371,0.678022371418,1.47487758834,0,0,0.385122692795,0.34743374713,0.382927174162,0.215638067831,0.425757282834,0.747181086035,0.671688077322,0.232656438703,1.92293768444,1.30306650359,0.758746379048,1.81768586151,0.00278366505418,0,1,21.8201732838,1.07111496963,0,-1.51709238897e-16,1.13781929173e-16,1.33226762955e-15,0,B10: capital-tilted tax and universal transfer,ok,medium,B10
45,2072,0.789173359243,5.46602045778,5.46602045778,5.82010908017,12.3576458621,2.260812223,0.0202145540604,0.201196787563,0.542813471483,0.239729333981,13.9852802789,0,0,0,0,0.347988072816,0,0,0.16784500973,0.917444256918,0.0354978519787,0.0354978519787,0,0.0552555126853,0.677928810513,1.47508113609,0,0,0.38518905284,0.347988072816,0.383485924794,0.215640915065,0.426179319347,0.747485498801,0.672029037523,0.232805185857,1.98347324118,1.34795938792,0.791542730938,1.87665732092,0.00276751161727,0,1,22.6282737221,1.06477996654,0,7.18727846394e-17,7.18727846394e-17,1.33226762955e-15,0,B10: capital-tilted tax and universal transfer,ok,medium,B10
46,2073,0.792397436693,5.65488587053,5.65488587053,5.9822230543,13.0428281274,2.30647062133,0.0201955730181,0.199649230387,0.540945688239,0.239809935917,14.5022612804,0,0,0,0,0.348457974882,0,0,0.168333350034,0.951905882649,0.0355203022809,0.0355203022809,0,0.0553004401773,0.677835303157,1.47528462348,0,0,0.385229389261,0.348457974882,0.383978277163,0.215644927128,0.426557545003,0.74775125903,0.672326806251,0.232935086842,2.04678425317,1.39449718287,0.824559980305,1.93716769352,0.00275345386161,0,1,23.442075741,1.05788572772,0,0,1.70242682612e-16,1.33226762955e-15,0,B10: capital-tilted tax and universal transfer,ok,medium,B10
47,2074,0.795220524113,5.85059255876,5.85059255876,6.14611418715,13.7664702306,2.3530044337,0.0201753327965,0.198294148426,0.53931020787,0.239880513103,15.0355687486,0,0,0,0,0.34886320812,0,0,0.168761958474,0.987357458451,0.0355479558663,0.0355479558663,0,0.0553530144296,0.677752472324,1.4754649239,0,0,0.385257751694,0.34886320812,0.384411163986,0.215649205512,0.426891982764,0.747984304455,0.672587683412,0.233048849504,2.11290057131,1.44272787438,0.857758511004,2.00031748184,0.00274100362125,0,1,24.2613920793,1.05051140127,0,0,-9.67762692424e-17,1.33226762955e-15,0,B10: capital-tilted tax and universal transfer,ok,medium,B10
48,2075,0.797690227249,6.05335978349,6.05335978349,6.31200748785,14.5306721723,2.40043094943,0.0201557273086,0.19710869092,0.537879451256,0.239942255681,15.5858914245,0,0,0,0,0.349216173075,0,0,0.169137802031,1.02385196868,0.0355749788428,0.0355749788428,0,0.0554034290088,0.677682867818,1.47561646825,0,0,0.385280811349,0.349216173075,0.384791151918,0.215653349886,0.427185136335,0.748189086882,0.672816614794,0.233148622113,2.18186301281,1.49270346479,0.891111402768,2.06613639931,0.00272997915179,0,1,25.086059418,1.04272795829,-1.11022302463e-16,-1.83373159033e-16,0,1.33226762955e-15,0,B10: capital-tilted tax and universal transfer,ok,medium,B10
49,2076,0.799849048082,6.26341588794,6.26341588794,6.48012190519,15.3376631153,2.44876971124,0.0201375348151,0.196072456921,0.536628796009,0.239996226202,16.1539341153,0,0,0,0,0.349525009525,0,0,0.169467067227,1.06144272135,0.0355992534153,0.0355992534153,0,0.0554482537378,0.67762584606,1.47574064038,0,0,0.385301265488,0.349525009525,0.38512426294,0.215657195713,0.427441221477,0.748369334837,0.673017705762,0.233236197737,2.25458859892,1.54447913223,0.924597967081,2.13466931482,0.00272024749673,0,1,25.9159358901,1.03459869521,0,-5.79083275609e-17,-8.68624913414e-17,1.33226762955e-15,0,B10: capital-tilted tax and universal transfer,ok,medium,B10
50,2077,0.80173479641,6.48099859857,6.48099859857,6.6506698423,16.1898032229,2.49804146331,0.0201210231587,0.195167297723,0.535536338032,0.24004336991,16.7404188124,0,0,0,0,0.349795679573,0,0,0.169755265762,1.1001836395,0.0356202725248,0.0356202725248,0,0.0554867964082,0.677579708473,1.47584112614,0,0,0.385320094636,0.349795679573,0.385415952098,0.215660686336,0.427664305803,0.748528048501,0.673194461546,0.233313111825,2.33239877098,1.59811282915,0.958201093337,2.20597049527,0.00271194613329,0,1,26.7508987876,1.02617979948,2.22044604925e-16,-5.486035917e-17,-1.37150897925e-16,1.33226762955e-15,0,B10: capital-tilted tax and universal transfer,ok,medium,B10
1,2028,0.00695643999543,0.986523654272,1.01634339757,1.01634339757,0.966793181187,0.98,-0.02,0.576660908802,0.966747989676,0.220173911,3.03720677125,0,0,0,0,0.323612151303,0,0,0.115094557185,0.113543503141,0.0227578759799,0.0227578759799,0,0.036670265526,0.643366307727,1.55432447735,0,0,0.414979898554,0.323612151303,0.346370027283,0.231275470098,0.33704815012,0.740431317514,0.669151686418,0.232347359604,0.434641704909,0.252166547649,-0.781823452748,0.393745100509,0.00354045138169,0,1,0.194589568922,1,-0.029340224351,2.29671256734e-16,5.74178141835e-17,1.33226762955e-15,0,B11: matched dividend levy,ok,medium,B11
2,2029,0.0148127274627,1.03890078111,1.03890078111,1.03890078111,0.998044115509,0.96067317847,-0.0197212464587,0.572889890818,0.991418641586,0.220370318187,3.08391726068,0,0,0,0,0.2179440964,0,0,0.0788815752094,0.0819501301006,0.085363438472,0.085363438472,0,0.136971353187,0.708584546287,1.41126419598,0,0,0.279548228452,0.2179440964,0.303307534872,0.224425959662,0.371841667027,0.732913751122,0.657263175724,0.226939611665,0.496225862293,0.261341353992,-0.730737362815,0.438800806866,0.00398889672061,0,1,0.397042326348,1,0,0,5.56199374042e-17,1.33226762955e-15,0,B11: matched dividend levy,ok,medium,B11
3,2030,0.0236626568198,1.06415868889,1.06415868889,1.06415868889,1.02613388954,0.964267735863,0.00374170682938,0.568641924726,0.986291671152,0.22059156642,3.13362665714,0,0,0,0,0.242114596366,0,0,0.0850091202652,0.0904631939655,0.0620744169959,0.0620744169959,0,0.0900689843586,0.751261904098,1.33109371651,0,0,0.310638922977,0.242114596366,0.304189013362,0.219179893097,0.368071781202,0.72918162036,0.651166613638,0.223954978567,0.494121782433,0.265701185473,-0.710703199639,0.460694593799,0.00401437012797,0,1,0.602298544711,1,0,1.62292129118e-16,8.11460645591e-17,1.33226762955e-15,0,B11: matched dividend levy,ok,medium,B11
4,2031,0.0336032988689,1.09141981469,1.09141981469,1.09141981469,1.06628478107,0.976970334159,0.0131733105068,0.563870416543,0.980532825422,0.220840082472,3.1866382996,0,0,0,0,0.281051400844,0,0,0.0965269828225,0.105351461705,0.0326151352199,0.0326151352199,0,0.045112510519,0.755588315934,1.32347202691,0,0,0.360710804704,0.281051400844,0.313666536064,0.217139553242,0.359227230842,0.728331003572,0.649097784365,0.222840634689,0.488176697697,0.271467126155,-0.686960754016,0.473489258256,0.00385175994301,0,1,0.811067436774,1,0,1.56181028418e-16,1.56181028418e-16,1.33226762955e-15,0,B11: matched dividend levy,ok,medium,B11
5,2032,0.0447331081546,1.12093105182,1.12093105182,1.12093105182,1.11343429508,0.993312026888,0.0167269078261,0.558528108086,0.974085067384,0.221118327704,3.24329840127,0,0,0,0,0.291983912225,0,0,0.100185451932,0.11230098401,0.0245821609985,0.0245821609985,0,0.0339723983988,0.748174316899,1.33658691218,0,0,0.374875828525,0.291983912225,0.316566073224,0.216380621292,0.358026345615,0.728556743506,0.648673457145,0.222513427113,0.496544579896,0.278354314746,-0.662136085646,0.481378230252,0.00383032216298,0,1,1.02413280067,1,0,-3.48990560409e-16,-7.47836915161e-17,1.33226762955e-15,0,B11: matched dividend levy,ok,medium,B11
6,2033,0.0571494119133,1.15296684664,1.15296684664,1.15296684664,1.16640632131,1.01165642768,0.0184679137067,0.552568282282,0.9668920131,0.221428735298,3.30400048789,0,0,0,0,0.29342889096,0,0,0.102265804532,0.11790908217,0.0248476460057,0.0248476460057,0,0.0347910652261,0.739043829545,1.35309972159,0,0,0.376881223676,0.29342889096,0.318276536966,0.216010732434,0.359184588949,0.72903327226,0.648826605206,0.222489681913,0.508868283627,0.286064176905,-0.636006655175,0.493071804972,0.00374792700428,0,1,1.24235937813,1,0,0,4.75916069873e-17,1.33226762955e-15,0,B11: matched dividend levy,ok,medium,B11
7,2034,0.0709452248035,1.18782997871,1.18782997871,1.18782997871,1.22504449778,1.03132983654,0.0194467294627,0.545946292094,0.95889977701,0.22177363062,3.36918982555,0,0,0,0,0.292781113395,0,0,0.103991190548,0.123523853655,0.0270134081585,0.0270134081585,0,0.0383893876466,0.73068204719,1.36858433001,0,0,0.376215873574,0.292781113395,0.319794521553,0.215803331005,0.361125714406,0.72952870544,0.649192349436,0.222594665372,0.522959302479,0.294555359713,-0.60857635696,0.505582145184,0.00366861307315,0,1,1.46669883847,1,0,4.53135794918e-17,4.53135794918e-17,1.33226762955e-15,0,B11: matched dividend levy,ok,medium,B11
8,2035,0.0862053699267,1.22585154325,1.22585154325,1.22585154325,1.28961140447,1.05201271033,0.0200545674645,0.538621422435,0.950059219112,0.222155134248,3.43936765018,0,0,0,0,0.292045415602,0,0,0.105901348935,0.129819332024,0.02953066978,0.02953066978,0,0.0425453265533,0.723629697156,1.38192227866,0,0,0.375454577719,0.292045415602,0.321576085382,0.215674736448,0.363290198707,0.729962392494,0.649619425399,0.222751509011,0.539266369098,0.30385941526,-0.5797015645,0.5200601684,0.00358132639733,0,1,1.69819501246,1,0,-1.72179467516e-16,4.30448668791e-17,1.33226762955e-15,0,B11: matched dividend levy,ok,medium,B11
9,2036,0.103001941447,1.26738985832,1.26738985832,1.26738985832,1.36017489607,1.07320954727,0.0201488411105,0.530559068105,0.940328573577,0.222575048536,3.5150949504,0,0,0,0,0.289160370506,0,0,0.105472092752,0.13367426069,0.0319665278328,0.0319665278328,0,0.0465923885041,0.718055583558,1.39264984898,0,0,0.371946346669,0.289160370506,0.321126898339,0.215654805588,0.367534241445,0.730453723872,0.650126506925,0.222953077576,0.556133782213,0.314154083142,-0.550619983575,0.535245886248,0.00369778925151,0,1,1.9379878905,1,0,4.08117745678e-17,-4.08117745678e-17,1.33226762955e-15,0,B11: matched dividend levy,ok,medium,B11
10,2037,0.121389218408,1.31282799069,1.31282799069,1.31282799069,1.43706193075,1.09463078251,0.0199599745405,0.521733175164,0.92967639529,0.22303473046,3.59699549042,0,0,0,0,0.283988959139,0,0,0.102837395441,0.135007811224,0.0345431748126,0.0345431748126,0,0.0508258811279,0.714180675355,1.40020590658,0,0,0.365510493548,0.283988959139,0.318532133952,0.215694738511,0.37384443211,0.731053125851,0.65071505336,0.223191495562,0.575015549141,0.325512245196,-0.521774902703,0.549754927929,0.0040061735538,0,1,2.1873157823,1,-2.22044604925e-16,0,-1.1588467423e-16,1.33226762955e-15,0,B11: matched dividend levy,ok,medium,B11
11,2038,0.14139823101,1.36256958599,1.36256958599,1.36256958599,1.5219198169,1.1169483251,0.0203881920191,0.512128849115,0.91808470773,0.223534955775,3.68575769314,0,0,0,0,0.283205095431,0,0,0.104616929709,0.142547846602,0.0370160540457,0.0370160540457,0,0.054890642379,0.711376062263,1.40572624389,0,0,0.364736439248,0.283205095431,0.320221149477,0.215604219767,0.377218299046,0.731457086515,0.651204866829,0.223402056728,0.596770297082,0.337736103629,-0.489885230366,0.567357906991,0.00398045009888,0,1,2.44751492028,1,0,0,7.29488513322e-17,1.33226762955e-15,0,B11: matched dividend levy,ok,medium,B11
12,2039,0.163031283134,1.4170327126,1.4170327126,1.4170327126,1.61563221047,1.14015166771,0.0207738729623,0.501744984096,0.905552176207,0.224075782078,3.78213494486,0,0,0,0,0.284532313071,0,0,0.107532217622,0.152376670029,0.0385226621638,0.0385226621638,0,0.0574867525538,0.708636391892,1.41116094437,0,0,0.366701162948,0.284532313071,0.323054975235,0.215522757613,0.379969090114,0.731769737069,0.651679378965,0.22361679686,0.616406695602,0.351092724564,-0.455407459049,0.587189384665,0.00390272115651,0,1,2.72001569305,1,2.22044604925e-16,-6.8717559444e-17,-6.8717559444e-17,1.33226762955e-15,0,B11: matched dividend levy,ok,medium,B11
13,2040,0.186256836159,1.47664149646,1.47664149646,1.47664149646,1.71899962751,1.16412794279,0.0210290225055,0.490596718644,0.892097071779,0.224656420904,3.88694384172,0,0,0,0,0.286264747674,0,0,0.110748606972,0.16353598873,0.0399527589581,0.0399527589581,0,0.0599869254056,0.705977208253,1.4164763229,0,0,0.369210186802,0.286264747674,0.326217506632,0.21546889966,0.382826677863,0.732047522488,0.652167286993,0.22384430184,0.638136024614,0.365721372127,-0.418849816452,0.606041668638,0.00381560446109,0,1,3.00633464254,1,0,1.93756241745e-16,3.22927069575e-17,1.33226762955e-15,0,B11: matched dividend levy,ok,medium,B11
14,2041,0.211005241898,1.54181544897,1.54181544897,1.54181544897,1.83292976657,1.18881268688,0.0212044940986,0.478717483889,0.877759743265,0.225275131047,4.00105988853,0,0,0,0,0.288236323076,0,0,0.11420085369,0.176076640505,0.0413964066689,0.0413964066689,0,0.062523316356,0.7034919109,1.42148045273,0,0,0.372049916851,0.288236323076,0.329632729745,0.215431876056,0.385839241256,0.73231629907,0.652679835055,0.224087325377,0.662352008327,0.381720246159,-0.380455809275,0.626535482647,0.00372102091705,0,1,3.30806137769,1,0,2.42283811387e-16,6.05709528468e-17,1.33226762955e-15,0,B11: matched dividend levy,ok,medium,B11
15,2042,0.237165855518,1.61295657717,1.61295657717,1.61295657717,1.95824087344,1.21406918274,0.0212451432752,0.466160389351,0.862604289796,0.225861600763,4.1253012497,0,0.000112539844206,3.59487228025e-05,3.59487228025e-05,0.290550928915,0,5.28233854522e-05,0.11787134805,0.190121366097,0.0427796689607,0.0427796689607,0,0.0649678655161,0.701253956531,1.42601690969,0,0,0.375275248559,0.290514980192,0.333294649153,0.215423301103,0.388980153852,0.73258825182,0.653221272339,0.224346707357,0.686334964781,0.39919998863,-0.340293623917,0.646722460872,0.00361853496516,0,1,3.62687239238,1,-1.11022302463e-16,-1.13389832649e-16,0,1.33226762955e-15,0,B11: matched dividend levy,ok,medium,B11
16,2043,0.264586041452,1.69041631898,1.69041631898,1.69041631898,2.095565026,1.23967392084,0.021090015675,0.452998700103,0.846719136716,0.226303937798,4.26033104422,0,0.00062977930431,0.000208472257576,0.000208472257576,0.29310005838,0,0.000323243644971,0.121577554653,0.205516682407,0.0441419975014,0.0441419975014,0,0.0673614904349,0.69944218781,1.42971072868,0,0,0.378561557221,0.292891586123,0.337033583624,0.215456028972,0.392333986847,0.732866194962,0.653786646599,0.224619733334,0.715892473281,0.418269729692,-0.298416550817,0.676624353953,0.00351568603371,0,1,3.96447909492,1,0,-3.17877902384e-16,-2.64898251987e-17,1.33226762955e-15,0,B11: matched dividend levy,ok,medium,B11
17,2044,0.293072490725,1.77446349539,1.77446349539,1.77446349539,2.24583528827,1.26564186533,0.0209473991939,0.439325204452,0.830216272421,0.226637652417,4.40687142246,0,0.00177544787755,0.00060881872818,0.00060881872818,0.295864916422,0,0.00101985918629,0.125273096557,0.222292536795,0.0455031249586,0.0455031249586,0,0.0697214096413,0.698145192764,1.43236680617,0,0,0.381782354179,0.295256097694,0.340759222653,0.215486126096,0.395830040584,0.733147950757,0.654370002801,0.224903300403,0.746393294466,0.438959423343,-0.254990363494,0.705921362511,0.00340991130623,0,1,4.32244094115,1,0,-4.94347484175e-17,-7.41521226262e-17,4.4408920985e-16,0,B11: matched dividend levy,ok,medium,B11
18,2045,0.322395092313,1.8653052783,1.8653052783,1.8653052783,2.41004616861,1.29203846504,0.020856294688,0.42525035569,0.813229005593,0.226901555831,4.56569980686,0,0.00369728560518,0.00131365297354,0.00131365297354,0.299180969306,0,0.00231572171974,0.128981896797,0.240590612901,0.0466199372364,0.0466199372364,0,0.0716594372652,0.697196316504,1.4343162411,0,0,0.385290280403,0.297867316333,0.344487253569,0.215505356772,0.399286357352,0.73344051546,0.65497682413,0.225199025066,0.774692041754,0.461308490854,-0.210188011053,0.73247247567,0.00329934877049,0,1,4.7021284169,1,0,-9.21329258407e-17,4.60664629203e-17,6.66133814775e-16,0,B11: matched dividend levy,ok,medium,B11
19,2046,0.352293356219,1.96307438355,1.96307438355,1.96307438355,2.58898470858,1.31884187898,0.0207450588097,0.410899189015,0.795908244161,0.227170640206,4.73771068293,0,0.0064052442091,0.00236049730803,0.00236049730803,0.302063743701,0,0.00441281687332,0.131643431658,0.258425848449,0.047469026772,0.047469026772,0,0.0731407428372,0.696478387775,1.43579473183,0,0,0.38780002674,0.299703246393,0.347172273165,0.215528841508,0.403472999104,0.733826463985,0.655663302033,0.225527492712,0.8038351551,0.485407536462,-0.164890191911,0.761626705165,0.00327672296879,0,1,5.10467166097,1,0,8.57651280016e-17,-8.57651280016e-17,6.66133814775e-16,0,B11: matched dividend levy,ok,medium,B11
20,2047,0.382485101996,2.0678300401,2.0678300401,2.0678300401,2.78399036278,1.34633422901,0.0208458272911,0.396407151042,0.778417461838,0.227442365918,4.92376019859,0,0.00989980556786,0.00378385703793,0.00378385703793,0.306583898299,0,0.00740052185887,0.135423729544,0.280033256094,0.0481312547721,0.0481312547721,0,0.0743118000817,0.695824551384,1.43714388636,0,0,0.391944921522,0.302800041261,0.350931296033,0.215507566489,0.406482427466,0.734180395863,0.656343764583,0.225856732777,0.835748564953,0.511119985134,-0.11817518682,0.789686533988,0.00314512331886,0,1,5.53099695057,1,0,-7.97576772872e-17,3.98788386436e-17,2.22044604925e-16,0,B11: matched dividend levy,ok,medium,B11
21,2048,0.412676847773,2.17952766874,2.17952766874,2.17952766874,2.99575867081,1.37449903196,0.0209196218395,0.381915113069,0.760926679515,0.22771409163,5.12464374995,0,0.0141717850809,0.00561335472029,0.00561335472029,0.311870398998,0,0.011584700932,0.139135557656,0.303249797617,0.0483705024576,0.0483705024576,0,0.074803160553,0.695007651209,1.43883308085,0,0,0.396559151162,0.306257044277,0.354627546735,0.215491989079,0.409173807882,0.734537864105,0.657040435172,0.226194673417,0.869754988136,0.538538046097,-0.0705146656563,0.822989773561,0.00300802483236,0,1,5.98178012236,1,0,-1.4823931386e-16,7.41196569299e-17,1.22124532709e-15,0,B11: matched dividend levy,ok,medium,B11
22,2049,0.442575111679,2.29801482443,2.29801482443,2.29801482443,3.22477768865,1.40328846201,0.0209453985649,0.367563946394,0.743605918083,0.227983176005,5.34107384313,0,0.0192025355956,0.00787204217854,0.00787204217854,0.317419825628,0,0.017165660725,0.142528844813,0.32753339829,0.0484676097234,0.0484676097234,0,0.0750680218728,0.694116829114,1.44067966379,0,0,0.400959893396,0.309547783449,0.358015393173,0.215486548359,0.411736278904,0.734915607517,0.657756940626,0.226541440042,0.909219013224,0.567643388538,-0.0223335393815,0.855535406125,0.00288430517565,0,1,6.45740614269,1,0,1.37711573549e-16,0,8.881784197e-16,0,B11: matched dividend levy,ok,medium,B11
23,2050,0.471897713267,2.42303280726,2.42303280726,2.42303280726,3.4714251334,1.43267772644,0.0209431383717,0.353489097632,0.726618651255,0.228247079419,5.57365957414,0,0.024964539197,0.0105750585118,0.0105750585118,0.323200078676,0,0.0244357941403,0.145571391615,0.352724257683,0.0484333968603,0.0484333968603,0,0.0751139115018,0.693232687591,1.44251709116,0,0,0.405084337004,0.312625020165,0.361058417025,0.21548702541,0.414126924178,0.735316154775,0.658488483925,0.226894107304,0.944933597664,0.59837104888,0.0260663831125,0.88921246459,0.00276874348669,0,1,6.9579381669,1,0,0,-1.27927059575e-16,2.22044604925e-16,0,B11: matched dividend levy,ok,medium,B11
24,2051,0.50038416254,2.55422414219,2.55422414219,2.55422414219,3.73578329713,1.46259023843,0.0208787443528,0.339815601981,0.71011578696,0.228503457463,5.82288904732,0,0.0314223415606,0.0137287659747,0.0137287659747,0.328860529571,0,0.0335445020671,0.147876898549,0.377710744346,0.0482457526478,0.0482457526478,0,0.0748951898347,0.692422671809,1.44420458878,0,0,0.408468147583,0.315131763597,0.363377516244,0.215500617695,0.416643073125,0.735767749281,0.659250023637,0.227257337749,0.990298635711,0.630669909476,0.0741920180486,0.932065386568,0.00269235237205,0,1,7.48309884658,1,0,2.37748913429e-16,5.94372283573e-17,2.22044604925e-16,0,B11: matched dividend levy,ok,medium,B11
25,2052,0.527804348473,2.69114551496,2.69114551496,2.69114551496,4.01790502423,1.4930092044,0.0207980097033,0.326653912733,0.69423063388,0.228750239136,6.08911588458,0,0.0385337570129,0.0173304389666,0.0173304389666,0.334484193598,0,0.0446388627265,0.149583113671,0.402549925469,0.0479470206221,0.0479470206221,0,0.0744746270265,0.691750454576,1.44560801281,0,0,0.411220554904,0.317153754632,0.365100775254,0.215517661583,0.419135962175,0.736267079501,0.660034839965,0.227627753305,1.03807681557,0.664414141485,0.121822379391,0.971218681839,0.00264147016099,0,1,8.03226567717,1,0,-1.10527552835e-16,0,2.22044604925e-16,0,B11: matched dividend levy,ok,medium,B11
26,2053,0.553964962093,2.83328517515,2.83328517515,2.83328517515,4.31765324765,1.52390351862,0.0206926481911,0.314096818195,0.679075180411,0.228985684659,6.37255067717,0,0.0462512552903,0.0213685151697,0.0213685151697,0.339966182686,0,0.0580211638412,0.150558239282,0.426574427354,0.0475004802678,0.0475004802678,0,0.0737898524497,0.691226937103,1.44670287907,0,0,0.41321887438,0.318597667516,0.366098147784,0.215539908502,0.421693675821,0.736823741425,0.660846459521,0.228006057515,1.08335971437,0.699494339234,0.168668388907,1.01624239342,0.00262751609817,0,1,8.60448095609,1,0,0,5.14271508593e-17,4.4408920985e-16,0,B11: matched dividend levy,ok,medium,B11
27,2054,0.578713367833,2.98008337477,2.98008337477,2.98008337477,4.63503787237,1.55533832094,0.0206278166176,0.30221758344,0.664737851897,0.22920842031,6.67325783926,0,0.0545234347371,0.0258233544191,0.0258233544191,0.345676964564,0,0.0737897526637,0.151234493616,0.450691400115,0.0469344833415,0.0469344833415,0,0.0728915043281,0.690829595318,1.44753497357,0,0,0.414967701481,0.319853610145,0.366788093486,0.215553599871,0.423910962388,0.737402389436,0.661656505832,0.228380964808,1.12899313352,0.735724064139,0.214815155085,1.05651656869,0.0026127035259,0,1,9.19847562476,1,0,-2.39528360975e-16,0,1.11022302463e-15,0,B11: matched dividend levy,ok,medium,B11
28,2055,0.601938920858,3.12414213259,3.12414213259,3.13095417298,4.95924256044,1.58739338672,0.0206097061607,0.291069317988,0.651282747469,0.229417450288,6.9895950913,0,0.063296490923,0.0306684008675,0.0306684008675,0.353417363982,0,0.0918953621326,0.151990888182,0.47484113754,0.0447993498818,0.0447993498818,0,0.0693845603092,0.690466767563,1.44829562693,0,0,0.418837622568,0.322748963114,0.367548312996,0.215557424814,0.42507261891,0.738047671239,0.662514282116,0.228773695815,1.17178276926,0.771249196831,0.258378683971,1.10544657796,0.00258901584007,0,1,9.81136870785,1.0021804515,0,-1.34321684543e-16,-1.34321684543e-16,7.77156117238e-16,0,B11: matched dividend levy,ok,medium,B11
29,2056,0.623571972982,3.22389205849,3.22389205849,3.28501314086,5.22357800731,1.62027075117,0.0207115417847,0.280685452969,0.638750215946,0.229612147757,7.31046416551,0,0.0725156023399,0.0358716141076,0.0358716141076,0.37140753741,0,0.110988513412,0.154480112184,0.498027206864,0.034480107693,0.034480107693,0,0.0525991307592,0.690006295964,1.4492621384,0,0,0.435541555238,0.335535923302,0.370016030995,0.215535918811,0.421909884218,0.739105714972,0.663771265233,0.229332932907,1.1948999923,0.795658103317,0.288607351924,1.13826614042,0.00252607961626,0,1,10.4322304919,1.01895878685,0,-8.50162875387e-17,-4.25081437693e-17,6.66133814775e-16,0,B11: matched dividend levy,ok,medium,B11
30,2057,0.643580985584,3.32759526051,3.32759526051,3.43963732902,5.50251263099,1.65360033304,0.0205703780317,0.27108112692,0.627158528386,0.22979222887,7.63649184727,0,0.0821261729914,0.0413970268535,0.0413970268535,0.376446509221,0,0.132140318546,0.153959772249,0.512315808444,0.034476021296,0.034476021296,0,0.0526328697705,0.689504360932,1.45031715049,0,0,0.435011817494,0.335049482367,0.369525503663,0.215565731414,0.423588825427,0.740201687168,0.665002101685,0.22987504205,1.23017158131,0.821360285275,0.317983154968,1.17068336373,0.00252630607376,0,1,11.0597435538,1.03367058183,0,8.07066225253e-17,8.07066225253e-17,6.66133814775e-16,0,B11: matched dividend levy,ok,medium,B11
31,2058,0.661968262544,3.43542007132,3.43542007132,3.59446978512,5.79671469703,1.68733796062,0.0204025282961,0.262255233979,0.616506350099,0.229957714363,7.96830368391,0,0.0920748920978,0.047206297837,0.047206297837,0.380540194235,0,0.155442613937,0.15247887778,0.523828997177,0.03474617199,0.03474617199,0,0.0530873229187,0.689255950968,1.45083984925,0,0,0.43287739208,0.333333896398,0.368080068388,0.215601190608,0.425717042988,0.741278674223,0.666167311439,0.230384614462,1.26080472066,0.848167581893,0.346904680487,1.20052513527,0.00258439217956,0,1,11.6926385601,1.0462970206,0,0,1.14915749626e-16,1.11022302463e-15,0,B11: matched dividend levy,ok,medium,B11
32,2059,0.678764834065,3.54752915634,3.54752915634,3.74923282203,6.10740738659,1.72159469801,0.0203022383077,0.254192879649,0.606775704564,0.230108883507,8.30652343625,0,0.102310590987,0.0532601531424,0.0532601531424,0.384565584749,0,0.180964540067,0.15069712955,0.534602460857,0.0350140809394,0.0350140809394,0,0.0535225961623,0.689206579997,1.45094377945,0,0,0.430327645701,0.331305431607,0.366319512546,0.215622382996,0.427613400329,0.742270748242,0.667222737279,0.230844895421,1.29281981346,0.876028662526,0.375963429038,1.23465087036,0.00264991019455,0,1,12.3297103518,1.05685750752,0,2.18139636874e-16,3.63566061456e-17,8.881784197e-16,0,B11: matched dividend levy,ok,medium,B11
33,2060,0.694024979188,3.66408054391,3.66408054391,3.90373042252,6.43725819305,1.75685499156,0.0204811815442,0.24686800999,0.597935146666,0.230246224813,8.65177274272,0,0.112784894464,0.0595196406699,0.0595196406699,0.390509578345,0,0.208731017309,0.150583863058,0.551751402859,0.035178498601,0.035178498601,0,0.0537987176151,0.689069523525,1.45123237331,0,0,0.429994562345,0.330989937675,0.366168436276,0.215584573218,0.427373823227,0.742994615875,0.668034829613,0.231205025934,1.33008470953,0.904719615328,0.406780080723,1.26927790915,0.0025410134426,0,1,12.969829586,1.06540518849,0,-6.89873229459e-17,-3.44936614729e-17,2.22044604925e-16,0,B11: matched dividend levy,ok,medium,B11
34,2061,0.707820792078,3.78522887891,3.78522887891,4.05784606224,6.78546086765,1.79261573995,0.0203549800973,0.240246019802,0.589942910576,0.230370387129,9.00467102036,0,0.123452677386,0.0659471547413,0.0659471547413,0.394981228534,0,0.238892308593,0.148482935373,0.562041894999,0.035060099131,0.035060099131,0,0.0536325589884,0.68876933457,1.45186486943,0,0,0.427522626845,0.329034073793,0.364094172924,0.215611237551,0.428521146373,0.743697693675,0.668790459311,0.231536962452,1.36707077013,0.934866868141,0.437417577457,1.30531496095,0.00260229178741,0,1,13.6119503041,1.07202132078,0,-1.30894339681e-16,-3.27235849202e-17,8.881784197e-16,0,B11: matched dividend levy,ok,medium,B11
35,2062,0.720237095837,3.91112678955,3.91112678955,4.21153705641,7.15408582546,1.82916233873,0.0203873021804,0.234286193998,0.582749856292,0.230482133863,9.3658356074,0,0.134272346416,0.0725072165799,0.0725072165799,0.399933447979,0,0.271462845803,0.14710928065,0.575363048541,0.0352874570375,0.0352874570375,0,0.0540158674552,0.688566922868,1.45229166082,0,0,0.425495294921,0.327426231399,0.362713688437,0.215604407787,0.428627868147,0.744240912727,0.669387818664,0.231801763706,1.40937921003,0.966051597054,0.468984490827,1.34554307749,0.00257035074574,0,1,14.2551139425,1.07680913533,0,0,0,1.22124532709e-15,0,B11: matched dividend levy,ok,medium,B11
36,2063,0.731366905123,4.04192627799,4.04192627799,4.36482656027,7.54325874357,1.86625342096,0.0202776327942,0.228943885541,0.576302098254,0.230582302146,9.73588213724,0,0.145205972301,0.0791670189229,0.0791670189229,0.404019084695,0,0.306026669076,0.144553705534,0.584275420978,0.035329222812,0.035329222812,0,0.054099442071,0.688371499398,1.45270395546,0,0,0.422205086624,0.324852065772,0.360181288584,0.215627583051,0.429437392918,0.744750082786,0.669924712448,0.232037588038,1.45680821352,0.998633847061,0.500530381828,1.38897681617,0.00263829027188,0,1,14.8984503786,1.07988772186,0,-1.17744657832e-16,-2.9436164458e-17,1.55431223448e-15,0,B11: matched dividend levy,ok,medium,B11
37,2064,0.741307547172,4.17778006867,4.17778006867,4.51779425824,7.95533317597,1.90420104582,0.0203335862318,0.224172377357,0.570543252525,0.230671767925,10.1154251234,0,0.156219300064,0.0858967585114,0.0858967585114,0.408850869422,0,0.342909369302,0.1428537978,0.596811749181,0.0355154452734,0.0355154452734,0,0.0544118824529,0.68823032431,1.45300194525,0,0,0.419787156438,0.32295411091,0.358469556184,0.215615758384,0.429109058304,0.745104471291,0.670314144871,0.232211434387,1.50916433883,1.032309694,0.533075307206,1.43157935212,0.00261024050059,0,1,15.541176612,1.08138633054,0,1.67468489387e-16,8.37342446935e-17,8.881784197e-16,0,B11: matched dividend levy,ok,medium,B11
38,2065,0.750157476529,4.31884286954,4.31884286954,4.67056660722,8.39165256221,1.94303261677,0.0203925793601,0.219924411266,0.56541628209,0.230751417289,10.5050787292,0,0.167281664084,0.0926697890452,0.0926697890452,0.414041124128,0,0.3821379819,0.141277209532,0.610154069016,0.0355091671915,0.0355091671915,0,0.0544246699572,0.687955332128,1.45358274484,0,0,0.417773061018,0.321371335083,0.356880502275,0.215603292742,0.428304871857,0.745332124862,0.670580386446,0.232333229368,1.56102183531,1.06726810211,0.566471449433,1.47594416303,0.00256480022777,0,1,16.182593654,1.08143934575,0,0,-5.29203522856e-17,6.66133814775e-16,0,B11: matched dividend levy,ok,medium,B11
39,2066,0.758013763996,4.46527252012,4.46527252012,4.82330729839,8.85267654016,1.98256131071,0.0203438138899,0.216153393282,0.560864951572,0.230822123876,10.9054576923,0,0.178365832937,0.0994626305617,0.0994626305617,0.418528160697,0,0.423746119527,0.138965257981,0.620517747713,0.0355133249542,0.0355133249542,0,0.0544575621563,0.6876417631,1.45424558784,0,0,0.414813712197,0.319065530135,0.354578855089,0.215613597108,0.42792123873,0.745515366456,0.670786892109,0.232427727346,1.61148921386,1.10369443246,0.600037281177,1.52362661133,0.00257540223196,0,1,16.8220821353,1.08018206653,0,2.00657601274e-16,5.01644003184e-17,3.33066907388e-16,0,B11: matched dividend levy,ok,medium,B11
40,2067,0.764970203992,4.61723101483,4.61723101483,4.97620840174,9.33972432283,2.02279770989,0.0202951600876,0.212814302084,0.556834923676,0.230884731836,11.3171783754,0,0.189447805738,0.106254870528,0.106254870528,0.422663402967,0,0.467772292114,0.136416640542,0.629867143649,0.0356319869627,0.0356319869627,0,0.0546685124705,0.687414619277,1.45472611719,0,0,0.41139286338,0.316408532439,0.352040519402,0.21562387886,0.427536315818,0.745649184163,0.670932545083,0.232494876499,1.66479831941,1.14152449919,0.633809432387,1.57552892263,0.00259405168401,0,1,17.4590970698,1.07774733076,0,0,9.50968560741e-17,4.4408920985e-16,0,B11: matched dividend levy,ok,medium,B11
41,2068,0.771115963868,4.77488540108,4.77488540108,5.12948247929,9.85431977927,2.06378142124,0.0202609045609,0.209864337343,0.553274541676,0.230940043675,11.7408599159,0,0.200506578236,0.113028988664,0.113028988664,0.426667856923,0,0.514262897659,0.133740463401,0.638595386225,0.0357327136289,0.0357327136289,0,0.0548453520537,0.687250340755,1.45507385111,0,0,0.407821088174,0.31363886826,0.349371581889,0.215631118488,0.427045664998,0.745731861258,0.671019201618,0.232535864151,1.72275446663,1.1807828301,0.667835679407,1.63008838272,0.00261596203272,0,1,18.0931621344,1.07426295051,0,0,0,6.66133814775e-16,0,B11: matched dividend levy,ok,medium,B11
42,2069,0.776534690267,4.93840855913,4.93840855913,5.28335580732,10.3980472086,2.10554616616,0.0202370001463,0.207263348672,0.550135347123,0.230988812212,12.1771254483,0,0.211523893328,0.119770132824,0.119770132824,0.430568178565,0,0.563488550553,0.130966906183,0.646768090455,0.0358050312225,0.0358050312225,0,0.0549736061233,0.687118156692,1.45535377032,0,0,0.404152827262,0.31079804574,0.346603076963,0.21563617078,0.426444626238,0.745765697857,0.671051130425,0.232552744767,1.78391240669,1.22151349384,0.702125952443,1.68742931448,0.00263881154986,0,1,18.723863749,1.0698498806,0,-1.28126714836e-16,-1.70835619782e-16,4.4408920985e-16,0,B11: matched dividend levy,ok,medium,B11
43,2070,0.781303987764,5.10797987514,5.10797987514,5.43806273798,10.9725354511,2.14811642162,0.0202181534381,0.204974085873,0.547372381875,0.23103173589,12.6266033788,0,0.222483987379,0.126465868107,0.126465868107,0.434348114992,0,0.615342258598,0.128100642006,0.654335501358,0.035858549394,0.035858549394,0,0.0550701805039,0.687001310611,1.4556012988,0,0,0.400383554504,0.307882246885,0.343740796279,0.215640154273,0.425754093387,0.745755413338,0.671033944179,0.232548030563,1.84676259101,1.26376551322,0.736661492965,1.7476400749,0.00266304541371,0,1,19.3508451737,1.06462101866,0,-1.61891191632e-16,-4.0472797908e-17,8.881784197e-16,0,B11: matched dividend levy,ok,medium,B11
44,2071,0.785495190856,5.28378582132,5.28378582132,5.59384115414,11.579413745,2.19149945448,0.0201958480597,0.202962308389,0.544944320196,0.231069456718,13.0899286952,0,0.23337334077,0.133105916282,0.133105916282,0.437944654064,0,0.669938991171,0.125095881473,0.660979844834,0.0359020126827,0.0359020126827,0,0.0551494022718,0.686897512248,1.45582125742,0,0,0.39644508915,0.304838737782,0.340740750464,0.215644868991,0.425039554884,0.745709996054,0.670976209664,0.2325253232,1.91372731988,1.30759740681,0.771380495839,1.81073371231,0.00269317625444,0,1,19.9738007813,1.05868052629,0,-3.8351614307e-17,7.67032286139e-17,8.881784197e-16,0,B11: matched dividend levy,ok,medium,B11
45,2072,0.789173359243,5.46602045778,5.46602045778,5.75092892342,12.2199549156,2.23562187701,0.0201334398839,0.201196787563,0.542813471483,0.231102560233,13.5677442956,0,0.244180438674,0.139681898115,0.139681898115,0.441020865535,0,0.72730843415,0.121627624899,0.66481908593,0.0359467188655,0.0359467188655,0,0.0552268589473,0.686838686119,1.45594594511,0,0,0.39191048355,0.301338967419,0.337285686285,0.215658061386,0.424615102039,0.745661114934,0.67090311938,0.232494568965,1.98579986625,1.35312001935,0.806022514706,1.87634808609,0.00275651051704,0,1,20.5924706138,1.05212356372,2.22044604925e-16,2.54389192957e-16,-3.63413132796e-17,4.4408920985e-16,0,B11: matched dividend levy,ok,medium,B11
46,2073,0.792397436693,5.65488587053,5.65488587053,5.90956123128,12.8960539829,2.28051534163,0.0200809739294,0.199649230387,0.540945688239,0.23113157693,14.0607023265,0,0.254895545989,0.146187087285,0.146187087285,0.443798853548,0,0.787346288145,0.117970608047,0.667110324583,0.0360279951376,0.0360279951376,0,0.0553570050254,0.686857914875,1.45590518555,0,0,0.387077629063,0.297611766263,0.333639761401,0.215669153354,0.42424948919,0.745602138696,0.670811283743,0.232454705233,2.05836041164,1.4003252426,0.840647417087,1.94459310914,0.0028297302749,0,1,21.2066352932,1.04503633965,0,-1.37744215537e-16,-1.03308161653e-16,1.33226762955e-15,0,B11: matched dividend levy,ok,medium,B11
47,2074,0.795220524113,5.85059255876,5.85059255876,6.06996866422,13.6098661864,2.32623722293,0.0200489251099,0.198294148426,0.53931020787,0.231156984717,14.5694655216,0,0.265510498821,0.152616181463,0.152616181463,0.446455868768,0,0.850107649862,0.114252133722,0.668442683376,0.0360883758589,0.0360883758589,0,0.0554494755558,0.686921868822,1.45576963755,0,0,0.382184244982,0.293839687306,0.329928063165,0.215675929443,0.42383075105,0.745525352998,0.670696484926,0.232404370747,2.13450242654,1.44924658239,0.875340804109,2.01394757688,0.0029073279337,0,1,21.8161113244,1.03749639088,0,9.78898404514e-17,0,5.55111512313e-16,0,B11: matched dividend levy,ok,medium,B11
48,2075,0.797690227249,6.05335978349,6.05335978349,6.23237591576,14.3635891968,2.37282925689,0.0200289263298,0.19710869092,0.537879451256,0.231179212045,15.0947085353,0,0.276018513654,0.158965093712,0.158965093712,0.449008448398,0,0.916179918276,0.110485156712,0.668806404312,0.0361219600299,0.0361219600299,0,0.055497457262,0.68699790664,1.45560851108,0,0,0.37725743012,0.290043354686,0.326165314716,0.215680158005,0.42335912975,0.745429248753,0.670558826923,0.232343821706,2.21344009793,1.49994447167,0.910130946159,2.09008357266,0.00298968747912,0,1,22.4207468073,1.02957302038,0,1.23670818976e-16,-3.0917704744e-17,9.99200722163e-16,0,B11: matched dividend levy,ok,medium,B11
49,2076,0.799849048082,6.26341588794,6.26341588794,6.39700099701,15.1616911078,2.42067449759,0.0201637941541,0.196072456921,0.536628796009,0.231198641433,15.6371192672,0,0.28641401447,0.165230765529,0.165230765529,0.452739330818,0,0.98540601624,0.107993969123,0.676411142009,0.0361370484633,0.0361370484633,0,0.0555241518384,0.686971816161,1.45566379359,0,0,0.373969897536,0.287508565289,0.323645613752,0.215651644629,0.421693081281,0.745217728823,0.670327838506,0.232246251024,2.29961401505,1.55221495695,0.945861847593,2.1692994945,0.00295758893874,0,1,23.0204175571,1.02132783635,0,1.17160864628e-16,5.85804323138e-17,4.4408920985e-16,0,B11: matched dividend levy,ok,medium,B11
50,2077,0.80173479641,6.48099859857,6.48099859857,6.56405484648,16.0062183877,2.46971483549,0.0202589559027,0.195167297723,0.535536338032,0.231215613168,16.1974001761,0,0.296692477446,0.171411001583,0.171411001583,0.456740183681,0,1.05784265739,0.105694037906,0.685002911549,0.0359963861447,0.0359963861447,0,0.0553173129071,0.686721886952,1.4561935756,0,0,0.37114331012,0.285329182097,0.321325568242,0.215631530336,0.419788065213,0.744938848582,0.670039849324,0.232125818577,2.3917945521,1.60637220586,0.982151649917,2.25342306865,0.00291527932206,0,1,23.6150236181,1.0128153473,0,5.54895852466e-17,1.6646875574e-16,6.66133814775e-16,0,B11: matched dividend levy,ok,medium,B11
1,2028,0.00695643999543,0.989019897071,1.01634339757,1.01634339757,0.96923949913,0.98,-0.02,0.576660908802,0.969194193269,0.220173911,3.03775637879,0,0,0,0,0.379290869938,0,0,0.13278689108,0.131328877348,-0.0158122378933,-0.0287439375891,0.0129316996958,-0.0464329327864,0.590298105723,1.69405930716,0.04,0.0208898568934,0.486378790462,0.379290869938,0.363478632045,0.230691740965,0.316989736778,0.744325255675,0.672873023573,0.233805277863,0.413951914855,0.253341600221,-0.772099598295,0.398702318189,0.00344831994965,0,1,0.195081947192,1,-0.0268841225993,1.07386676515e-16,0,1.33226762955e-15,0,B12: matched levy and monetary hybrid,ok,medium,B12
2,2029,0.0148127274627,1.03766276966,1.03897597609,1.03897597609,0.996571323978,0.9604,-0.02,0.572889890818,0.990165544909,0.220370318187,3.08416107079,0,0,0,0,0.209756124311,0,0,0.076432091377,0.0793107356288,0.0914498643844,0.0801429474948,0.0113069168895,0.13959543074,0.654251620464,1.52846392538,0.04,0.0196947327604,0.269045842153,0.209756124311,0.301205988695,0.224773897318,0.373912513049,0.737134238591,0.661169335027,0.228483175616,0.499124702315,0.261100146493,-0.728458989923,0.440762302671,0.00421541104092,0,1,0.397293450748,1,-0.00126394302468,-5.57021358087e-17,-5.57021358087e-17,1.33226762955e-15,0,B12: matched levy and monetary hybrid,ok,medium,B12
3,2030,0.0236626568198,1.06419234044,1.06419234044,1.06419234044,1.02522563028,0.963383771263,0.00310680056501,0.568641924726,0.986291671152,0.22059156642,3.13386326189,0,0,0,0,0.232514233882,0,0,0.082129666541,0.087401762056,0.0689340534443,0.0558100371323,0.0131240163121,0.0877563543313,0.691775803458,1.4455550411,0.04,0.0206363565572,0.298321424127,0.232514233882,0.301448287326,0.219318620785,0.370645491944,0.733693007973,0.655469742285,0.225681228408,0.498285912175,0.265776545267,-0.708211415015,0.463059633978,0.00415005942774,0,1,0.602556159863,1,0,1.42131417395e-16,1.35363254662e-16,1.33226762955e-15,0,B12: matched levy and monetary hybrid,ok,medium,B12
4,2031,0.0336032988689,1.09145277704,1.09145277704,1.09145277704,1.06546533997,0.976190049064,0.0132930179886,0.563870416543,0.980532825422,0.220840082472,3.18686798747,0,0,0,0,0.266044404917,0,0,0.0919902155833,0.100402976259,0.0430597116743,0.0289217248604,0.0141379868139,0.0434488908562,0.69457104963,1.43973751934,0.04,0.0212393918056,0.341450322241,0.266044404917,0.309104116592,0.217113901008,0.36364698929,0.733038154805,0.653711147358,0.224724843712,0.494773867712,0.27152853569,-0.684839867347,0.474667522571,0.00401101670178,0,1,0.811331357027,1,0,2.60501910052e-17,1.04200764021e-16,1.33226762955e-15,0,B12: matched levy and monetary hybrid,ok,medium,B12
5,2032,0.0447331081546,1.12096336909,1.12096336909,1.12096336909,1.11288813293,0.992796164097,0.0170111496717,0.558528108086,0.974085067384,0.221118327704,3.24352145381,0,0,0,0,0.275359472461,0,0,0.0951840647657,0.106697849923,0.0361447379305,0.0219426804745,0.014202057456,0.0329978152307,0.686916416497,1.45578119256,0.04,0.0213573208785,0.353531842198,0.275359472461,0.311504210391,0.216320145626,0.363062748626,0.733380077596,0.653510030988,0.22451922209,0.504072359672,0.278425789178,-0.660293927564,0.483047662206,0.00399202646802,0,1,1.02440286376,1,0,-2.02638562857e-16,4.98802616264e-17,1.33226762955e-15,0,B12: matched levy and monetary hybrid,ok,medium,B12
6,2033,0.0571494119133,1.15299856334,1.15299856334,1.15299856334,1.16616523881,1.01141950726,0.0187584761495,0.552568282282,0.9668920131,0.221428735298,3.30421718027,0,0,0,0,0.27678776013,0,0,0.0973260252836,0.112216767327,0.0364873886706,0.0225097027061,0.0139776859645,0.0343379563228,0.678043843832,1.47483088166,0.04,0.0213225903696,0.355507289671,0.27678776013,0.313275148801,0.215949123517,0.364249217269,0.733914488857,0.653807576968,0.224579671024,0.516597595418,0.286144625281,-0.634289801085,0.495093791556,0.00389965265383,0,1,1.24263544436,1,0,4.16512649417e-17,4.76014456477e-17,1.33226762955e-15,0,B12: matched levy and monetary hybrid,ok,medium,B12
7,2034,0.0709452248035,1.18786113954,1.18786113954,1.18786113954,1.2250811017,1.03133359693,0.019689248157,0.545946292094,0.95889977701,0.22177363062,3.36940042704,0,0,0,0,0.276629750959,0,0,0.0992683507559,0.117917016249,0.0383906050252,0.0246729836015,0.0137176214237,0.0382268613636,0.670108751052,1.49229509155,0.04,0.0212532712247,0.355461806286,0.276629750959,0.315020355985,0.215752005229,0.366043630054,0.734430814814,0.654256886167,0.224737571538,0.530653002324,0.29464358749,-0.606894891513,0.507586092563,0.00380564194872,0,1,1.46698078989,1,0,-8.77924370571e-17,9.06244511557e-17,1.33226762955e-15,0,B12: matched levy and monetary hybrid,ok,medium,B12
8,2035,0.0862053699267,1.22588219289,1.22588219289,1.22588219289,1.28988029294,1.05220575062,0.0202380236159,0.538621422435,0.950059219112,0.222155134248,3.43957242455,0,0,0,0,0.276490477315,0,0,0.101426552413,0.124337004488,0.0405720295583,0.0270888110123,0.013483218546,0.0425627049958,0.663533581499,1.50708272781,0.04,0.0211852138178,0.355457096253,0.276490477315,0.317062506874,0.215635954461,0.368030766915,0.734862967629,0.65472255619,0.224922974834,0.546904797266,0.303954212988,-0.578009260101,0.52269987785,0.00370785072105,0,1,1.69848275192,1,0,-7.53128140545e-17,4.30358937454e-17,1.33226762955e-15,0,B12: matched levy and monetary hybrid,ok,medium,B12
9,2036,0.103001941447,1.26742004108,1.26742004108,1.26742004108,1.36060472949,1.07352312997,0.0202597061807,0.530559068105,0.940328573577,0.222575048536,3.51529415624,0,0,0,0,0.274223072742,0,0,0.101190664867,0.128251076624,0.04259896389,0.0292842630575,0.0133147008325,0.046553673959,0.658327270132,1.51900133166,0.0400714070848,0.0211665985994,0.352732533508,0.274223072742,0.316822036632,0.215631371765,0.372099953949,0.735346797875,0.65524526453,0.225138957327,0.56364511468,0.314256681141,-0.548976211825,0.538118285406,0.00382074459863,0,1,1.9382813406,1,0,1.37696225321e-16,-1.63195526307e-16,1.33226762955e-15,0,B12: matched levy and monetary hybrid,ok,medium,B12
10,2037,0.121389218408,1.31285775012,1.31285775012,1.31285775012,1.4375744945,1.09499638812,0.020002604087,0.521733175164,0.92967639529,0.22303473046,3.59718938129,0,0,0,0,0.269387365958,0,0,0.0986193338312,0.129473156732,0.0449176917321,0.0317454765426,0.0131722151895,0.0509493195343,0.654824976578,1.52712562252,0.0400779118542,0.0211405048452,0.346717384314,0.269387365958,0.31430505769,0.215685723858,0.378324189958,0.735923825577,0.655822427598,0.225376989668,0.582523867554,0.325624637237,-0.520279553557,0.551692842086,0.00413555058075,0,1,2.18761488421,1,0,-1.54457807769e-16,-1.15843355827e-16,1.33226762955e-15,0,B12: matched levy and monetary hybrid,ok,medium,B12
11,2038,0.14139823101,1.36259896439,1.36259896439,1.36259896439,1.52252878108,1.11737115679,0.0204336460975,0.512128849115,0.91808470773,0.223534955775,3.68594651766,0,0,0,0,0.269043255221,0,0,0.100581814804,0.137052676688,0.0471331755004,0.0340807462901,0.0130524292102,0.0551212442506,0.652367701773,1.53287784984,0.0400007812261,0.0211106333305,0.346497575419,0.269043255221,0.316176430722,0.215594615918,0.381585282611,0.736292352539,0.656278695171,0.225575533422,0.604326248014,0.337849255205,-0.488366626316,0.569919299248,0.00410332641781,0,1,2.44781963236,1,2.22044604925e-16,0,-7.29196740595e-17,1.33226762955e-15,0,B12: matched levy and monetary hybrid,ok,medium,B12
12,2039,0.163031283134,1.41706175038,1.41706175038,1.41706175038,1.61635771822,1.14064028458,0.0208248867419,0.501744984096,0.905552176207,0.224075782078,3.78231894657,0,0,0,0,0.271111081473,0,0,0.103774814758,0.147055320647,0.0481757205585,0.0351529628383,0.0130227577202,0.057205983174,0.649650973149,1.53928808134,0.0401300938292,0.0211925140549,0.349404072217,0.271111081473,0.319286802032,0.215511987273,0.384148705672,0.736589509465,0.656732076765,0.225781777961,0.623769020066,0.351203027197,-0.45375809731,0.589094662138,0.00401662312675,0,1,2.7203259892,1,0,-1.45959270076e-16,6.86867153298e-17,1.33226762955e-15,0,B12: matched levy and monetary hybrid,ok,medium,B12
13,2040,0.186256836159,1.47667023149,1.47667023149,1.47667023149,1.71983247247,1.16466929162,0.0210662444307,0.490596718644,0.892097071779,0.224656420904,3.88712325884,0,0,0,0,0.273150674043,0,0,0.107148902284,0.158223594339,0.0494592732025,0.0364807874601,0.0129784857425,0.0597492934844,0.647045119398,1.5454872775,0.0402474660226,0.0212565409795,0.352296299869,0.273150674043,0.322609947245,0.215461044962,0.386953922415,0.736854142688,0.657191459464,0.225996018319,0.645558955206,0.365834380959,-0.417113728754,0.607353909352,0.00392403253716,0,1,3.00665051038,1,0,2.09800947929e-16,-3.22770689122e-17,1.33226762955e-15,0,B12: matched levy and monetary hybrid,ok,medium,B12
14,2041,0.211005241898,1.54184391583,1.54184391583,1.54184391583,1.8338570252,1.18939213391,0.021227349657,0.478717483889,0.877759743265,0.225275131047,4.0012349535,0,0,0,0,0.275391911888,0,0,0.110750022288,0.170759248042,0.0507851649864,0.0378623284593,0.0129228365271,0.0623953293773,0.644675832566,1.55116719052,0.0403198733292,0.0212962243583,0.355470597272,0.275391911888,0.326177076875,0.215427054587,0.38992857799,0.73710723457,0.657665652144,0.226220354998,0.66988261391,0.381836212691,-0.378668101719,0.628584843702,0.0038245222245,0,1,3.30838281637,1,0,3.4053933473e-16,9.08104892613e-17,1.33226762955e-15,0,B12: matched levy and monetary hybrid,ok,medium,B12
15,2042,0.237165855518,1.61298480632,1.61298480632,1.61298480632,1.95925442638,1.21467630613,0.0212580624138,0.466160389351,0.862604289796,0.225861600763,4.12547218665,0,0.000112539844206,3.59487228025e-05,3.59487228025e-05,0.278025108039,0,5.28432900984e-05,0.114582474812,0.184819790942,0.0520138914466,0.0391426462745,0.0128712451721,0.064868544977,0.642557541558,1.55628085475,0.0403682048971,0.0213306719352,0.359094910665,0.277989159317,0.330003050763,0.215420575951,0.393019253691,0.737361826056,0.658162730659,0.226457571729,0.693894216772,0.399317290929,-0.338466553593,0.648488740087,0.00371703807336,0,1,3.62719941073,1,2.22044604925e-16,-2.76244737395e-16,-2.83327935789e-17,1.33226762955e-15,0,B12: matched levy and monetary hybrid,ok,medium,B12
16,2043,0.264586041452,1.69044433616,1.69044433616,1.69044433616,2.09665698945,1.24029933704,0.0210945342249,0.452998700103,0.846719136716,0.226303937798,4.26049806535,0,0.00062977930431,0.000208472257576,0.000208472257576,0.280868577998,0,0.000323213637008,0.11844138406,0.200218566851,0.0532363538545,0.0404141358026,0.0128222180519,0.0673066260741,0.640862236679,1.56039776221,0.0403774187241,0.0213544151996,0.36275240298,0.28066010574,0.333896459595,0.215455075535,0.396330625559,0.737619918003,0.658678011925,0.226705265167,0.723586909226,0.41838756663,-0.296565105786,0.680640729042,0.00360970027832,0,1,3.9648117088,1,-1.11022302463e-16,0,-1.05904115953e-16,1.33226762955e-15,0,B12: matched levy and monetary hybrid,ok,medium,B12
17,2044,0.293072490725,1.77449132105,1.77449132105,1.77449132105,2.24699902403,1.26627783262,0.0209453434414,0.439325204452,0.830216272421,0.226637652417,4.40703472867,0,0.00177544787755,0.00060881872818,0.00060881872818,0.283898716103,0,0.00102013287174,0.122280039775,0.216984869319,0.0544767023941,0.0417035690004,0.0127731333936,0.0697403367281,0.639687045378,1.56326442317,0.0403283602675,0.0213603450567,0.366309399805,0.283289897375,0.337766599769,0.215486559994,0.399791435353,0.737876900636,0.659204311909,0.22696000053,0.754211793879,0.439078007653,-0.253124098243,0.708446555419,0.00349971367776,0,1,4.32277916829,1,0,-1.2352286458e-16,4.9409145832e-17,5.55111512313e-16,0,B12: matched levy and monetary hybrid,ok,medium,B12
18,2045,0.322395092313,1.86533292686,1.86533292686,1.86533292686,2.41128320111,1.29268248386,0.0208521783723,0.42525035569,0.813229005593,0.226901555831,4.56585958819,0,0.00369728560518,0.00131365297354,0.00131365297354,0.287528558114,0,0.00231633581774,0.126140386623,0.235293816573,0.0554317072225,0.0426859478521,0.0127457593704,0.0716081923213,0.638790198894,1.56545920982,0.0402836030324,0.0213817622474,0.370217929294,0.286214905141,0.341646612363,0.215506225741,0.403196876316,0.738144773003,0.659752581085,0.227225854407,0.782500013404,0.461426843081,-0.20829171729,0.734600835307,0.00338500790672,0,1,4.70247227198,1,-1.11022302463e-16,2.302141499e-17,-9.20856599601e-17,4.4408920985e-16,0,B12: matched levy and monetary hybrid,ok,medium,B12
19,2046,0.352293356219,1.96310186284,1.96310186284,1.96310186284,2.59027871757,1.31948258346,0.0207321596268,0.410899189015,0.795908244161,0.227170640206,4.73786711987,0,0.0064052442091,0.00236049730803,0.00236049730803,0.290657014555,0,0.00440936472452,0.128914095468,0.25307150096,0.0561491434078,0.0434110713724,0.0127380720354,0.0730029713368,0.638059077851,1.56725299383,0.0402556535117,0.021421196904,0.373040327199,0.288296517246,0.344445660654,0.215531565186,0.40735531095,0.738507033096,0.660380139596,0.227523929685,0.811639402998,0.485528746954,-0.162992341717,0.763110986669,0.00336220726412,0,1,5.10502115088,1,0,9.64375682224e-17,0,1.11022302463e-15,0,B12: matched levy and monetary hybrid,ok,medium,B12
20,2047,0.382485101996,2.06785735097,2.06785735097,2.06785735097,2.78536685888,1.34698211053,0.0208411444089,0.396407151042,0.778417461838,0.227442365918,4.92391346097,0,0.00989980556786,0.00378385703793,0.00378385703793,0.295370892001,0,0.00740198472276,0.132811397314,0.274635024229,0.0567329174337,0.0439939556034,0.0127389618303,0.0741426367656,0.637363135911,1.56896428999,0.040219647888,0.02146886332,0.377430785872,0.291587034963,0.348319952396,0.215508555082,0.410352811306,0.73883539171,0.660998776506,0.227821290408,0.843624698042,0.511240629543,-0.116224840302,0.793196376828,0.00322651283035,0,1,5.53135207117,1,0,-9.96478274563e-17,7.9718261965e-17,1.33226762955e-15,0,B12: matched levy and monetary hybrid,ok,medium,B12
21,2048,0.412676847773,2.17955480505,2.17955480505,2.17955480505,2.99723959902,1.37516138254,0.0209203016058,0.381915113069,0.760926679515,0.22771409163,5.1247939959,0,0.0141717850809,0.00561335472029,0.00561335472029,0.30087655655,0,0.0115898153267,0.136641123562,0.297816817426,0.056869767329,0.0441048694055,0.0127648979235,0.0744626790484,0.636413257569,1.57130604698,0.0402523433227,0.0215511010457,0.38232369467,0.295263201829,0.352132969158,0.215491845597,0.413024925987,0.739173100635,0.66163800329,0.228128957415,0.877695953599,0.538658283618,-0.0684863646872,0.824753227098,0.00308570280379,0,1,5.98214085546,1,0,-3.42634035034e-16,-1.11124551903e-16,4.4408920985e-16,0,B12: matched levy and monetary hybrid,ok,medium,B12
22,2049,0.442575111679,2.29804177335,2.29804177335,2.29804177335,3.22636643533,1.40396335382,0.0209444299759,0.367563946394,0.743605918083,0.227983176005,5.34122121822,0,0.0192025355956,0.00787204217854,0.00787204217854,0.306484262349,0,0.0171886227932,0.140109155833,0.321976692933,0.0569836884578,0.0441999498744,0.0127837385834,0.074760945944,0.635417052819,1.5737695354,0.0402760904817,0.021622748259,0.386794964681,0.29861222017,0.355595908628,0.215486752795,0.415621097175,0.739530747612,0.662295834834,0.228444728595,0.91742485304,0.567766825038,-0.0202498684054,0.858118168497,0.00295895372805,0,1,6.45777245347,1,0,1.6345196594e-16,0,8.881784197e-16,0,B12: matched levy and monetary hybrid,ok,medium,B12
23,2050,0.471897713267,2.42305954987,2.42305954987,2.42305954987,3.47312197967,1.43336220517,0.0209398993742,0.353489097632,0.726618651255,0.228247079419,5.57380421065,0,0.024964539197,0.0105750585118,0.0105750585118,0.312291148659,0,0.0244583369353,0.143212633486,0.34701273923,0.0569842523948,0.04418503442,0.0127992179747,0.0748553210299,0.634457493507,1.57614971883,0.0402833289928,0.0216835764192,0.390949074634,0.301716090147,0.358700342542,0.215487709056,0.418054356528,0.739910235695,0.662966985355,0.22876561271,0.953301484571,0.598498475627,0.0281914989603,0.892759504414,0.00284114323289,0,1,6.95831000198,1,0,-4.79492095781e-17,6.39322794375e-17,4.4408920985e-16,0,B12: matched levy and monetary hybrid,ok,medium,B12
24,2051,0.50038416254,2.55425065434,2.55425065434,2.55425065434,3.73757828723,1.46327780356,0.0208709273055,0.339815601981,0.71011578696,0.228503457463,5.82303106375,0,0.0314223415606,0.0137287659747,0.0137287659747,0.31795555944,0,0.033576919935,0.145559556818,0.371795593247,0.056835031186,0.044018486588,0.012816544598,0.0746625532358,0.633584268633,1.57832201572,0.0402819698123,0.0217389560051,0.39433332062,0.304226793466,0.361061824652,0.215502267834,0.420619458851,0.740340067597,0.663667556179,0.229096869145,0.999036222989,0.630802944786,0.0763378169334,0.935523849625,0.00276357160653,0,1,7.48347613268,1,0,2.97043416701e-17,-5.94086833402e-17,4.4408920985e-16,0,B12: matched levy and monetary hybrid,ok,medium,B12
25,2052,0.527804348473,2.69117176835,2.69117176835,2.69117176835,4.01978848182,1.49369450478,0.020786689411,0.326653912733,0.69423063388,0.228750239136,6.08925538549,0,0.0385337570129,0.0173304389666,0.0173304389666,0.323539960721,0,0.044672584111,0.147286792092,0.39637405673,0.056597321963,0.0437638844673,0.0128334374957,0.0742889774611,0.632867220696,1.58011027795,0.0402612781917,0.0217846966847,0.397030297178,0.306209521754,0.362806843717,0.215520051625,0.42317370824,0.740816196331,0.664390114543,0.229434940095,1.04722887786,0.66455363768,0.123974697179,0.97429448277,0.00271216950181,0,1,8.03264832064,1,0,0,0,6.66133814775e-16,0,B12: matched levy and monetary hybrid,ok,medium,B12
26,2053,0.553964962093,2.83331113849,2.83331113849,2.83331113849,4.31961525751,1.52458203366,0.0206786118413,0.314096818195,0.679075180411,0.228985684659,6.37268775326,0,0.0462512552903,0.0213685151697,0.0213685151697,0.328971360233,0,0.058033103695,0.148266060533,0.420083880768,0.0562060880715,0.0433490651362,0.0128570229353,0.0736052850594,0.632288637903,1.58155617554,0.0402360068233,0.0218308015454,0.398958669045,0.307602845063,0.363808933135,0.215542872602,0.425794268175,0.74134840906,0.665140019909,0.229781386913,1.09284270891,0.699641033112,0.170817613522,1.0165090441,0.00269854127289,0,1,8.60486884317,1,0,3.21273701024e-17,0,4.4408920985e-16,0,B12: matched levy and monetary hybrid,ok,medium,B12
27,2054,0.578713367833,2.98010901511,2.98010901511,2.98010901511,4.63708325993,1.55601128563,0.0206149956381,0.30221758344,0.664737851897,0.22920842031,6.67339256778,0,0.0545234347371,0.0258233544191,0.0258233544191,0.334598572141,0,0.073816948632,0.148933231959,0.443837267209,0.0557143218945,0.0428299778431,0.0128843440514,0.0727163881794,0.63183032447,1.58270339563,0.0402035835524,0.0218749345822,0.400594954406,0.308775217722,0.364489539616,0.215556307658,0.428083208291,0.741901300275,0.665888959769,0.230125036324,1.13881520646,0.73587755045,0.216968525665,1.05999975238,0.00268409748753,0,1,9.19886862251,1,0,-4.42932007132e-16,-1.6759589459e-16,1.33226762955e-15,0,B12: matched levy and monetary hybrid,ok,medium,B12
28,2055,0.601938920858,3.12414213259,3.12414213259,3.13097945692,4.96134903535,1.58806764378,0.0206016231659,0.291069317988,0.651282747469,0.229417450288,6.98972173611,0,0.063296490923,0.0306684008675,0.0306684008675,0.342106856951,0,0.0919626648682,0.149643292558,0.467506915141,0.0537639684673,0.0408069478141,0.0129570206532,0.0691016685366,0.631341860767,1.58392791947,0.0401844986914,0.0219411593946,0.404159757057,0.311438456084,0.365202424551,0.215559131993,0.429389320856,0.742524616883,0.666690395173,0.23048893792,1.18206737955,0.771404131855,0.260537111579,1.10979336899,0.00266177328345,0,1,9.81176170561,1.00218854458,0,-2.79718030498e-17,-1.34264654639e-16,5.55111512313e-16,0,B12: matched levy and monetary hybrid,ok,medium,B12
29,2056,0.623571972982,3.22389205849,3.22389205849,3.28503694855,5.22581261157,1.62096388985,0.0207146378143,0.280685452969,0.638750215946,0.229612147757,7.31058321162,0,0.0725156023399,0.0358716141076,0.0358716141076,0.35890575981,0,0.111067356456,0.151878218565,0.48963898269,0.0443793379112,0.0311346102849,0.0132447276262,0.0519437021479,0.630526047504,1.58597730254,0.0401804869498,0.0220969583544,0.419313654495,0.323034145702,0.367413483614,0.215535265048,0.426865792352,0.743580118261,0.667903596566,0.231025372047,1.20658191648,0.795830320436,0.290724726662,1.14166226723,0.00260812471293,0,1,10.4326234896,1.01896617162,0,-2.12449834532e-16,-4.24899669065e-17,7.77156117238e-16,0,B12: matched levy and monetary hybrid,ok,medium,B12
30,2057,0.643580985584,3.32759526051,3.32759526051,3.43965973305,5.50483010743,1.65429677484,0.0205636197104,0.27108112692,0.627158528386,0.22979222887,7.63660375062,0,0.0821261729914,0.0413970268535,0.0413970268535,0.36357574588,0,0.132189322953,0.151268024599,0.503358761722,0.0446564644943,0.0314097735126,0.0132466909817,0.0524749290437,0.629977014766,1.58735950132,0.0402143913443,0.0221306648088,0.418301049539,0.322178719027,0.366835183521,0.215567158922,0.428706703063,0.744654377649,0.669080106497,0.231540963195,1.24243607812,0.821547936973,0.319962341249,1.17315083129,0.0026114456641,0,1,11.0601365515,1.03367731463,0,7.05885651392e-17,4.03363229367e-17,1.11022302463e-15,0,B12: matched levy and monetary hybrid,ok,medium,B12
31,2058,0.661968262544,3.43542007132,3.43542007132,3.59449085322,5.7990794387,1.68802630197,0.0203890424271,0.262255233979,0.616506350099,0.229957714363,7.96840887306,0,0.0920748920978,0.047206297837,0.047206297837,0.367555675789,0,0.155501988134,0.149727450042,0.514376687101,0.0449821121692,0.0317473481281,0.0132347640411,0.0530881862529,0.629758890223,1.58790930231,0.0401690859131,0.0221312852838,0.416015307117,0.320349377952,0.365331490121,0.215604040079,0.430887525715,0.745696250885,0.670185215632,0.232022136562,1.27327356006,0.848367369733,0.348764290672,1.20470156919,0.00267419563112,0,1,11.6930315579,1.04630315321,0,7.17930558867e-17,3.82896298062e-17,1.11022302463e-15,0,B12: matched levy and monetary hybrid,ok,medium,B12
32,2059,0.678764834065,3.54752915634,3.54752915634,3.74925261847,6.10982347999,1.72227576173,0.0202896481628,0.254192879649,0.606775704564,0.230108883507,8.30662231405,0,0.102310590987,0.0532601531424,0.0532601531424,0.371567057335,0,0.181036130804,0.14790025425,0.524680464182,0.0452183937847,0.0319867567034,0.0132316370812,0.0535137647488,0.629716272719,1.58801676775,0.0401167127281,0.0221364960684,0.413444053807,0.318306904193,0.363525297977,0.215625043728,0.432790629698,0.746647933047,0.671180102721,0.232454213718,1.30537546916,0.87623670707,0.377767095472,1.23613435224,0.00274462111612,0,1,12.3301033496,1.05686308787,0,1.31740580639e-16,0,2.22044604925e-16,0,B12: matched levy and monetary hybrid,ok,medium,B12
33,2060,0.694024979188,3.66408054391,3.66408054391,3.903749009,6.43985717891,1.75756430617,0.0204894856137,0.24686800999,0.597935146666,0.230246224813,8.65186568785,0,0.112784894464,0.0595196406699,0.0595196406699,0.377565961242,0,0.208725904371,0.147797857146,0.541543252799,0.0453343555064,0.0320972216729,0.0132371338335,0.0537242174301,0.629541413664,1.58845784931,0.0400868944488,0.022156268336,0.413179292943,0.318046320572,0.363380676079,0.215582818933,0.432523148679,0.747331047526,0.671934905858,0.232787777121,1.34284402704,0.90492419329,0.408678897094,1.27282209747,0.0026306218847,0,1,12.9702225838,1.06541026111,0,-8.61993514594e-18,-6.89594811675e-17,8.881784197e-16,0,B12: matched levy and monetary hybrid,ok,medium,B12
34,2061,0.707820792078,3.78522887891,3.78522887891,4.05786349849,6.78819509346,1.79333808089,0.0203541768569,0.240246019802,0.589942910576,0.230370387129,9.00475838878,0,0.123452677386,0.0659471547413,0.0659471547413,0.382062550333,0,0.238835778195,0.145654642906,0.551336160674,0.0451506545982,0.0318874677831,0.0132631868151,0.053391707189,0.629123807692,1.58951225144,0.0401468456841,0.0222076017965,0.410737048451,0.316115395591,0.361266050189,0.215611407284,0.433654120311,0.74800544563,0.672646297438,0.233098693895,1.37995858641,0.935085226006,0.439361091842,1.30821705538,0.00269613877749,0,1,13.6123433018,1.07202592718,0,4.49768057e-17,-6.54208082909e-17,8.881784197e-16,0,B12: matched levy and monetary hybrid,ok,medium,B12
35,2062,0.720237095837,3.91112678955,3.91112678955,4.21155340053,7.15696796132,1.82989924552,0.0203872125449,0.234286193998,0.582749856292,0.230482133863,9.36591773372,0,0.134272346416,0.0725072165799,0.0725072165799,0.386830987497,0,0.271415591403,0.144211033314,0.564027635745,0.0454916891237,0.0322436600544,0.0132480290693,0.0540359723725,0.628950976286,1.58994903849,0.0401062530571,0.0222018881099,0.408468451155,0.314323770917,0.359815460041,0.215604426727,0.433814682411,0.748517674975,0.673198868568,0.233342496602,1.42278664207,0.966282746097,0.470968584157,1.35025377996,0.00266391000956,0,1,14.2555069403,1.0768133142,0,3.49030737445e-17,0,6.66133814775e-16,0,B12: matched levy and monetary hybrid,ok,medium,B12
36,2063,0.731366905123,4.04192627799,4.04192627799,4.36484186886,7.54624438651,1.86699208929,0.0202704295701,0.228943885541,0.576302098254,0.230582302146,9.73595933598,0,0.145205972301,0.0791670189229,0.0791670189229,0.390904137768,0,0.306043670019,0.141586994579,0.572284194012,0.0454789811397,0.0322251673744,0.0132538137653,0.0540231842425,0.628731423461,1.59050424821,0.0401161637635,0.0222190691716,0.405159797747,0.311737118845,0.357216099985,0.215629105406,0.43461591792,0.74900302515,0.673700216732,0.233561418026,1.47065670874,0.998881123049,0.502532104974,1.39200711747,0.00273693662247,0,1,14.8988433764,1.07989150931,0,9.19516192228e-17,-2.94245181513e-17,6.66133814775e-16,0,B12: matched levy and monetary hybrid,ok,medium,B12
37,2064,0.741307547172,4.17778006867,4.17778006867,4.51780858646,7.95849254488,1.90495727733,0.0203349485276,0.224172377357,0.570543252525,0.230671767925,10.1154976903,0,0.156219300064,0.0858967585114,0.0858967585114,0.395649435903,0,0.342928111323,0.139841950586,0.58422891392,0.0457047436993,0.0324633192122,0.0132414244871,0.0544537387754,0.628626593621,1.59076948088,0.040081128871,0.0222110704491,0.402627467026,0.309752677392,0.355457421091,0.215615470506,0.434286438908,0.749331728081,0.674054745454,0.233718958265,1.523676244,1.03256475227,0.535143284493,1.43331898278,0.00270509775283,0,1,15.5415696098,1.08138976016,0,3.48754182518e-17,2.79003346014e-17,3.33066907388e-16,0,B12: matched levy and monetary hybrid,ok,medium,B12
38,2065,0.750157476529,4.31884286954,4.31884286954,4.6705800087,8.39504510876,1.94381813888,0.0203998598863,0.219924411266,0.56541628209,0.230751417289,10.505146942,0,0.167281664084,0.0926697890452,0.0926697890452,0.400868843675,0,0.382158390122,0.138236217174,0.597020500855,0.0456389169632,0.0323940762338,0.0132448407295,0.054358200419,0.62833132184,1.59151703129,0.0401004845583,0.0222252272821,0.400649492968,0.30819905463,0.353837971593,0.215601754419,0.433444640598,0.74954176231,0.674295157294,0.233828445649,1.57583772352,1.06753158282,0.568640169041,1.47802748686,0.00265685057036,0,1,16.1829866518,1.08144244877,0,1.32247416213e-17,-7.93484497278e-17,2.22044604925e-16,0,B12: matched levy and monetary hybrid,ok,medium,B12
39,2066,0.758013763996,4.46527252012,4.46527252012,4.82331982517,8.85625625344,1.98336298927,0.0203439044054,0.216153393282,0.560864951572,0.230822123876,10.9055218123,0,0.178365832937,0.0994626305617,0.0994626305617,0.405260733531,0,0.423768962642,0.135842856855,0.606575375771,0.045658331867,0.0324187753976,0.0132395564693,0.054429586657,0.628028211161,1.5922851589,0.0401199579659,0.0222285875179,0.397564870834,0.305798102969,0.351456434836,0.215613577981,0.433073015225,0.74971362305,0.674485005337,0.233913795708,1.62673826028,1.10397801857,0.602249727418,1.5276607615,0.00266889923798,0,1,16.822475133,1.0801848719,0,1.37896340411e-16,0,1.55431223448e-15,0,B12: matched levy and monetary hybrid,ok,medium,B12
40,2067,0.764970203992,4.61723101483,4.61723101483,4.97622010413,9.3434656424,2.02360800497,0.0202913011439,0.212814302084,0.556834923676,0.230884731836,11.3172386482,0,0.189447805738,0.106254870528,0.106254870528,0.4092771437,0,0.467975387793,0.133208390609,0.615053912557,0.0458108118296,0.0325894776979,0.0132213341317,0.0547464630184,0.627869536009,1.59268756111,0.0401031713216,0.0222102755621,0.393988112985,0.303022273172,0.348833085001,0.215624694392,0.432699516216,0.749836450689,0.674626374587,0.233973013294,1.68056634075,1.14182750955,0.636040493444,1.57976832255,0.00268813647605,0,1,17.4594900675,1.07774986527,0,5.34705622306e-17,4.75293886494e-17,1.11022302463e-15,0,B12: matched levy and monetary hybrid,ok,medium,B12
41,2068,0.771115963868,4.77488540108,4.77488540108,5.12949340581,9.85825057476,2.06460464424,0.0202591802205,0.209864337343,0.553274541676,0.230940043675,11.7409165724,0,0.200506578236,0.113028988664,0.113028988664,0.4132446842,0,0.514720342365,0.130476306472,0.623009410957,0.0458920938609,0.0326856190194,0.0132064748415,0.0549261504729,0.627768630262,1.59294356518,0.0400873903432,0.0221926598341,0.390367087855,0.300215695537,0.346107789398,0.215631482926,0.432177139072,0.749908533906,0.674708195,0.234007384936,1.73915776182,1.18109969033,0.670103554752,1.63457429744,0.00270769864128,0,1,18.0935551322,1.07426523884,0,1.68927998361e-17,0,1.11022302463e-15,0,B12: matched levy and monetary hybrid,ok,medium,B12
42,2069,0.776534690267,4.93840855913,4.93840855913,5.28336600457,10.402159563,2.10637889484,0.0202335351325,0.207263348672,0.550135347123,0.230988812212,12.1771787054,0,0.211523893328,0.119770132824,0.119770132824,0.417081277086,0,0.564000243553,0.127615212871,0.630216059518,0.0459409717537,0.0327470389112,0.0131939328424,0.0550422380544,0.627690850587,1.59314095317,0.0400777540661,0.0221767712908,0.386614849021,0.297311144262,0.343252116016,0.215636903144,0.431569172114,0.749935969858,0.674737701249,0.234019928221,1.80097210555,1.221850641,0.704418282611,1.69216149862,0.00273207915412,0,1,18.7242567468,1.06985194548,0,1.17403056518e-16,4.2692020552e-17,1.11022302463e-15,0,B12: matched levy and monetary hybrid,ok,medium,B12
43,2070,0.781303987764,5.10797987514,5.10797987514,5.43807225057,10.9768415572,2.14895943711,0.0202150441086,0.204974085873,0.547372381875,0.23103173589,12.6266534405,0,0.222483987379,0.126465868107,0.126465868107,0.4207891918,0,0.615874659504,0.124665663284,0.636789699175,0.0459831510753,0.0328017514432,0.0131813996322,0.0551448702644,0.627630450574,1.59329426908,0.0400700605397,0.0221599927028,0.382750937106,0.294323323693,0.340306474768,0.215640811484,0.430867029369,0.749921348812,0.674718967515,0.234012396918,1.86443740117,1.26412223693,0.73897780807,1.75263418382,0.00275723951918,0,1,19.3512381715,1.06462288096,0,-5.05711510381e-17,-8.0913841661e-17,1.11022302463e-15,0,B12: matched levy and monetary hybrid,ok,medium,B12
44,2071,0.785495190856,5.28378582132,5.28378582132,5.59385002468,11.5839274364,2.19235370777,0.0201931548406,0.202962308389,0.544944320196,0.231069456718,13.0899757532,0,0.23337334077,0.133105916282,0.133105916282,0.424314774868,0,0.670625897295,0.121577331178,0.642388578671,0.0460139108662,0.0328449692455,0.0131689416206,0.0552259615792,0.627582811853,1.59341521328,0.0400645132326,0.0221424309624,0.378719327942,0.291208858586,0.337222769452,0.215645438274,0.43013713872,0.749873404388,0.674660473527,0.233988240653,1.93192841976,1.30797460329,0.773718907937,1.81600378858,0.00278820513803,0,1,19.974193779,1.05868220512,0,-2.58772526239e-16,-3.83366705539e-17,8.881784197e-16,0,B12: matched levy and monetary hybrid,ok,medium,B12
45,2072,0.789173359243,5.46602045778,5.46602045778,5.75093719244,12.2246350843,2.23647810664,0.0201264963377,0.201196787563,0.542813471483,0.231102560233,13.5677885301,0,0.244180438674,0.139681898115,0.139681898115,0.427291724102,0,0.727928665501,0.117999510847,0.644987740301,0.0460492141343,0.0328930130454,0.0131562010889,0.0553111505058,0.62758346415,1.59341355712,0.0400579464522,0.0221227717117,0.374054862342,0.287609825987,0.333659040121,0.215659529274,0.429712535756,0.749824307754,0.674587653974,0.233957488378,2.00480887682,1.35352377105,0.808354543226,1.88185545962,0.00285464658999,0,1,20.5928636116,1.05212507653,0,1.95259775567e-16,7.2654800211e-17,5.55111512313e-16,0,B12: matched levy and monetary hybrid,ok,medium,B12
46,2073,0.792397436693,5.65488587053,5.65488587053,5.90956893726,12.9008942744,2.2813712902,0.0200731603072,0.199649230387,0.540945688239,0.23113157693,14.0607439069,0,0.254895545989,0.146187087285,0.146187087285,0.429963985761,0,0.78785747899,0.114235504236,0.645988738816,0.0461294111105,0.0329884564793,0.0131409546312,0.055472075525,0.627674272128,1.59318303204,0.0400379489013,0.0220973063177,0.369083824958,0.283776898476,0.329906309586,0.215670805351,0.429341313819,0.749764507136,0.674494743953,0.23391805105,2.07813925634,1.40075443212,0.842967904532,1.94871647722,0.00293275403983,0,1,21.207028291,1.04503770236,0,-2.151445863e-17,-6.88462676161e-17,6.66133814775e-16,0,B12: matched levy and monetary hybrid,ok,medium,B12
47,2074,0.795220524113,5.85059255876,5.85059255876,6.06997584359,13.6148883225,2.32709562078,0.0200424765506,0.198294148426,0.53931020787,0.231156984717,14.5695046072,0,0.265510498821,0.152616181463,0.152616181463,0.432541974156,0,0.850658057231,0.110415925816,0.645998593948,0.0461674260365,0.0330378064508,0.0131296195857,0.0555483475606,0.627795488752,1.59287541551,0.0400219480922,0.0220755779646,0.364087059555,0.279925792694,0.32609321873,0.215677292914,0.428906393811,0.749687285343,0.67437870473,0.233868893702,2.15485820592,1.44970072802,0.877658193266,2.02054483039,0.00301552232209,0,1,21.8165043221,1.037497618,0,1.50857836429e-16,3.26179105793e-17,6.66133814775e-16,0,B12: matched levy and monetary hybrid,ok,medium,B12
48,2075,0.797690227249,6.05335978349,6.05335978349,6.23238260295,14.3688201571,2.37369339855,0.0200240064703,0.19710869092,0.537879451256,0.231179212045,15.0947452757,0,0.276018513654,0.158965093712,0.158965093712,0.435010347276,0,0.916770703386,0.106545631299,0.64495903961,0.0461815760248,0.0330605991415,0.0131209768833,0.0555775700817,0.627915665546,1.59257055505,0.0400127429652,0.0220574348683,0.359050194647,0.276045253564,0.322226829589,0.21568119829,0.428419829606,0.749591782617,0.674240200363,0.233810360397,2.23471238134,1.50042528189,0.912450522795,2.09625693371,0.00310111216615,0,1,22.4211398051,1.02957412509,-1.11022302463e-16,2.31798368791e-17,-6.18128983444e-17,1.33226762955e-15,0,B12: matched levy and monetary hybrid,ok,medium,B12
49,2076,0.799849048082,6.26341588794,6.26341588794,6.39700722449,15.1673282944,2.42157451552,0.0201715676514,0.196072456921,0.536628796009,0.231198641433,15.6371538032,0,0.28641401447,0.165230765529,0.165230765529,0.438690050353,0,0.986039138824,0.103992022384,0.651345285218,0.0461827389676,0.0330717322142,0.0131110067534,0.0555960072108,0.627929778204,1.59253476218,0.0400072019411,0.0220405638653,0.355695631617,0.273459284824,0.319642023791,0.215650001408,0.426722791721,0.749381516599,0.674009244907,0.233715342875,2.3220048102,1.5527153165,0.948248916009,2.17816415567,0.00306703317649,0,1,23.0208105548,1.02132883062,0,1.61036314819e-16,-2.92793299671e-17,1.33226762955e-15,0,B12: matched levy and monetary hybrid,ok,medium,B12
50,2077,0.80173479641,6.48099859857,6.48099859857,6.56406064482,16.0123742163,2.47066466267,0.0202719952786,0.195167297723,0.535536338032,0.231215613168,16.1974326399,0,0.296692477446,0.171411001583,0.171411001583,0.442680051821,0,1.0585189685,0.101641134962,0.658736053246,0.0460008592262,0.0328913461678,0.0131095130584,0.0552989918265,0.627682409827,1.59316237693,0.0400514702954,0.0220405346674,0.352854525773,0.271269050237,0.317269909463,0.215628774501,0.424776937224,0.749110383327,0.673727400108,0.233599986096,2.41526495339,1.60689575548,0.984621262426,2.2625632195,0.00302078031452,0,1,23.6154166158,1.01281624197,0,-1.45604163394e-16,-5.54682527215e-17,9.99200722163e-16,0,B12: matched levy and monetary hybrid,ok,medium,B12
1,2028,0.00695643999543,0.982191339971,1.01634339757,1.01634339757,0.962547513172,0.98,-0.02,0.576660908802,0.962502520119,0.220173911,3.03625290867,0,0,0,0,0.270605183306,0,0,0.0223874177071,0.0219887277962,-0.0159221704135,-0.0289437760636,0.0130216056501,-0.0464329327864,0.59440207626,1.68236289868,0.04,0.0208898568934,0.347007091867,0.270605183306,0.254683012892,0.232295595185,0.370105006709,0.748010025566,0.675711613849,0.234900911526,0.356832289823,0.247901073711,-0.805559221042,0.382299539417,0.00270220651174,0,1,0.193735029684,1,-0.0336028724984,1.94639883062e-16,5.76710764629e-17,1.33226762955e-15,0,B13: usownership and targeted income protection,ok,medium,B13
2,2029,0.0148127274627,1.03518592935,1.03877025829,1.03877025829,0.994192566551,0.9604,-0.02,0.572889890818,0.987997701783,0.220370318187,3.08220198679,0,0,0,0,0.142714545252,0,0,0.0126553424891,0.0131006324759,0.0952078885647,0.0836339678316,0.0115739207331,0.145328475902,0.659116283409,1.51718296934,0.04,0.0201116879178,0.183054273819,0.142714545252,0.237922433817,0.225267091328,0.398538656649,0.741085236889,0.664265432168,0.229589709632,0.46808214206,0.260374407021,-0.75590519391,0.413238822418,0.000263148902931,0,1,0.395463866215,1,-0.00345055021052,1.25629676254e-16,0,1.33226762955e-15,0,B13: usownership and targeted income protection,ok,medium,B13
3,2030,0.0236626568198,1.06392189543,1.06392189543,1.06392189543,1.02372631922,0.962219429466,0.00189444967278,0.568641924726,0.986291671152,0.22059156642,3.13196206504,0,0,0,0,0.162200344375,0,0,0.0135522363288,0.0144185209624,0.0709359010998,0.0574029563281,0.0135329447717,0.0896779301728,0.697504218896,1.4336830845,0.04,0.021141881079,0.208106991645,0.162200344375,0.233136245475,0.219584009146,0.398233856103,0.738046674151,0.658795428055,0.22685819867,0.463593457859,0.265858090671,-0.735133643396,0.43379106929,0.000266219573162,0,1,0.600674411569,1,0,1.55895727983e-16,1.08449202075e-16,1.33226762955e-15,0,B13: usownership and targeted income protection,ok,medium,B13
4,2031,0.0336032988689,1.09118787145,1.09118787145,1.09118787145,1.06265777971,0.973854097455,0.0120914914343,0.563870416543,0.980532825422,0.220840082472,3.18502236066,0,0,0,0,0.187667126009,0,0,0.0152041625751,0.0165905977975,0.0449086890916,0.0302571422154,0.0146515468762,0.0450288260889,0.702207642449,1.42408020014,0.04,0.0218045032649,0.240858290817,0.187667126009,0.2325758151,0.217371652525,0.396383611127,0.737897494529,0.657375701124,0.226016998207,0.454499849603,0.271894008297,-0.716266908954,0.438529039488,0.000419661380517,0,1,0.80939893708,1,0,-6.52975401528e-18,0,1.33226762955e-15,0,B13: usownership and targeted income protection,ok,medium,B13
5,2032,0.0447331081546,1.12070364826,1.12070364826,1.12070364826,1.10897594923,0.989535414604,0.0161023270219,0.558528108086,0.974085067384,0.221118327704,3.24172913558,0,0,0,0,0.194679979576,0,0,0.0158730137436,0.0177889444114,0.037706660945,0.0229057182105,0.0148009427345,0.0340413726166,0.695784525667,1.43722655953,0.04,0.0219964465673,0.249948081333,0.194679979576,0.232386640521,0.216513626777,0.397502282166,0.738592167385,0.657437062179,0.225904108674,0.46093910896,0.278892639503,-0.695220221132,0.444793525713,0.000463524145241,0,1,1.02242107636,1,0,-2.06481934065e-16,1.0011245288e-16,1.33226762955e-15,0,B13: usownership and targeted income protection,ok,medium,B13
6,2033,0.0571494119133,1.15274366959,1.15274366959,1.15274366959,1.16127637968,1.007402088,0.0180556179547,0.552568282282,0.9668920131,0.221428735298,3.30247596032,0,0,0,0,0.194547029168,0,0,0.0161409328542,0.0186063581691,0.0376921169074,0.0230625237036,0.0146295932038,0.0347092739487,0.687510986029,1.45452221175,0.04,0.0220176492735,0.24987697079,0.194547029168,0.232239146076,0.216098213221,0.400104031041,0.739421421676,0.657972389293,0.226052312555,0.47055351972,0.286664281117,-0.672120368498,0.453593233462,0.000484930696889,0,1,1.24060541222,1,0,9.26160708961e-17,0,1.33226762955e-15,0,B13: usownership and targeted income protection,ok,medium,B13
7,2034,0.0709452248035,1.18761071355,1.18761071355,1.18761071355,1.21928364997,1.02666946,0.0191258011381,0.545946292094,0.95889977701,0.22177363062,3.36770814241,0,0,0,0,0.19278971994,0,0,0.0163590565474,0.0194281908193,0.0394406252689,0.0250421386557,0.0143984866132,0.0382437905554,0.679844873741,1.47092379251,0.04,0.0219890447026,0.247729616376,0.19278971994,0.232230345209,0.215871288662,0.40326226194,0.740209139361,0.65865485589,0.22629928631,0.481621731676,0.295200891218,-0.647264970382,0.463035681771,0.000501288820011,0,1,1.46490346105,1,0,-2.56093178714e-16,0,1.33226762955e-15,0,B13: usownership and targeted income protection,ok,medium,B13
8,2035,0.0862053699267,1.22563587559,1.22563587559,1.22563587559,1.28316741609,1.04694015706,0.0197441317252,0.538621422435,0.950059219112,0.222155134248,3.43792695635,0,0,0,0,0.190784214382,0,0,0.0166221868537,0.0203727485387,0.0415783657291,0.0273976327486,0.0141807329806,0.0424113195992,0.673395753239,1.48501085014,0.04,0.0219516629085,0.245272833674,0.190784214382,0.232362580111,0.215740393257,0.406751670843,0.740919543411,0.659369509933,0.226581936653,0.494706107986,0.304547742338,-0.620835163251,0.47445438014,0.000511854990723,0,1,1.69635890724,1,0,1.08152588928e-16,1.29783106713e-16,1.33226762955e-15,0,B13: usownership and targeted income protection,ok,medium,B13
9,2036,0.103001941447,1.2671774763,1.2671774763,1.2671774763,1.35334486334,1.06799946232,0.0201150993346,0.530559068105,0.940328573577,0.222575048536,3.51369342726,0,0,0,0,0.18891739466,0,0,0.0169587450219,0.021489739718,0.0437032890428,0.0297073996308,0.013995889412,0.0465285395844,0.668184340797,1.4965929893,0.04,0.0219207437412,0.243004027983,0.18891739466,0.232620683703,0.215661938681,0.410524297648,0.741561616841,0.660083376174,0.226877691788,0.509107086847,0.31483637213,-0.592916775622,0.487256985061,0.000524317473098,0,1,1.93611160214,1,-2.22044604925e-16,1.12798792104e-16,8.20354851669e-17,1.33226762955e-15,0,B13: usownership and targeted income protection,ok,medium,B13
10,2037,0.121389218408,1.31261858779,1.31261858779,1.31261858779,1.4304026635,1.08973214062,0.0203489599705,0.521733175164,0.92967639529,0.22303473046,3.59563135455,0,0,0,0,0.187349594733,0,0,0.0173863440704,0.0228216384006,0.0456492590091,0.0317892707331,0.013859988276,0.050284496134,0.663977582781,1.50607494279,0.0400345298004,0.0219238287261,0.241129947602,0.187349594733,0.232998853742,0.215612509672,0.414558065541,0.742163009668,0.660803012895,0.227184305204,0.526179600387,0.326153522557,-0.563536352887,0.499364440627,0.000531599465911,0,1,2.18539972485,1,0,9.70201479763e-17,-3.88080591905e-17,1.33226762955e-15,0,B13: usownership and targeted income protection,ok,medium,B13
11,2038,0.14139823101,1.36236286466,1.36236286466,1.36236286466,1.51504831871,1.11207399879,0.0205021558334,0.512128849115,0.91808470773,0.223534955775,3.68442919598,0,0,0,0,0.186019752055,0,0,0.0178877276905,0.0243695759387,0.0474481179629,0.0336814270075,0.0137666909555,0.0537285648239,0.660562623591,1.51386100922,0.0401046879912,0.0219606059816,0.23957260335,0.186019752055,0.233467870018,0.215580142327,0.418909544109,0.74275239328,0.661544230752,0.227505464996,0.543633877721,0.338441447409,-0.532734856103,0.51446135927,0.000541897306181,0,1,2.4455593869,1,0,-1.83199276702e-16,-3.66398553405e-17,1.33226762955e-15,0,B13: usownership and targeted income protection,ok,medium,B13
12,2039,0.163031283134,1.41682838841,1.41682838841,1.41682838841,1.60809798288,1.13499842044,0.0206141153196,0.501744984096,0.905552176207,0.224075782078,3.78084037342,0,0,0,0,0.18486296721,0,0,0.0184783797109,0.0261806929462,0.0491719060843,0.0354817885893,0.013690117495,0.0570134774297,0.657822157724,1.5201677053,0.04015064675,0.0219977976265,0.238248739942,0.18486296721,0.234034873294,0.215556493583,0.423569371673,0.743347821509,0.662319337198,0.227844812681,0.558069062852,0.351879915677,-0.500521151714,0.530189369534,0.000568784243834,0,1,2.71802086735,1,0,-7.76694527323e-17,0,1.33226762955e-15,0,B13: usownership and targeted income protection,ok,medium,B13
13,2040,0.186256836159,1.4764393029,1.4764393029,1.4764393029,1.7104603273,1.15850365399,0.0207094856917,0.490596718644,0.892097071779,0.224656420904,3.88568152049,0,0,0,0,0.184008741977,0,0,0.0192052037464,0.0283553176314,0.0507328147518,0.0371011319186,0.0136316828332,0.0599900411912,0.655555981788,1.52542273701,0.0401842345959,0.0220415165894,0.237325421836,0.184008741977,0.234741556728,0.215536352982,0.428452636461,0.743966824972,0.663147913458,0.228210103532,0.573750259433,0.366580048866,-0.466864844274,0.543650181193,0.000589504751303,0,1,3.00430061176,1,-1.11022302463e-16,3.16425769055e-16,0,1.33226762955e-15,0,B13: usownership and targeted income protection,ok,medium,B13
14,2041,0.211005241898,1.54161514277,1.54161514277,1.54161514277,1.82309855048,1.18258993435,0.0207908540245,0.478717483889,0.877759743265,0.225275131047,3.99982818257,0,0,0,0,0.183425724219,0,0,0.0200513002602,0.0309113881133,0.0521447483898,0.038555142282,0.0135896061078,0.0626858711716,0.653608288411,1.52996835831,0.0402128457075,0.0220950111276,0.236762406332,0.183425724219,0.235570472608,0.215519172348,0.433582803068,0.744627208836,0.664048321972,0.228608708845,0.590963253494,0.382644244418,-0.431813664634,0.558452798057,0.000622459605951,0,1,3.30598814784,1,0,9.89585787638e-17,6.08975869315e-17,1.33226762955e-15,0,B13: usownership and targeted income protection,ok,medium,B13
15,2042,0.237165855518,1.61275794384,1.61275794384,1.61275794384,1.94686447113,1.20716470724,0.0207804685141,0.466160389351,0.862604289796,0.225861600763,4.12409858245,0.000112539844206,0.000112539844206,3.59487228025e-05,0,0.18312882332,3.59487228025e-05,5.28402380312e-05,0.0210433805166,0.0339378790933,0.0534359222561,0.0398748474855,0.0135610747705,0.0651488956004,0.651931999308,1.53390231046,0.0402372562073,0.0221565498093,0.236558247854,0.18312882332,0.236564745576,0.215521365059,0.438896148023,0.745269886281,0.664973240271,0.229023076775,0.606320220804,0.400182341875,-0.395311445929,0.570832534338,0.000657710857259,0,0.999887460156,3.6247599014,1,0,-2.13848288059e-16,1.14052420298e-16,1.33226762955e-15,0,B13: usownership and targeted income protection,ok,medium,B13
16,2043,0.264586041452,1.69021917747,1.69021917747,1.69021917747,2.08242431703,1.23204395311,0.0206096531109,0.452998700103,0.846719136716,0.226303937798,4.25915592311,0.00062977930431,0.00062977930431,0.000208472257576,0,0.182996110997,0.000208472257576,0.000323786731302,0.0221357900561,0.0374143368613,0.0546971150775,0.0411559623768,0.0135411527008,0.0675249031594,0.650649059755,1.53692683484,0.0402341405542,0.0222170731039,0.236521962482,0.182996110997,0.237693226074,0.215557436018,0.444399138045,0.745721815136,0.66577539693,0.229396341139,0.626953907367,0.419299548765,-0.357308927217,0.593174171038,0.00068611909367,0,0.999370220696,3.96232723121,1,0,1.33284918874e-17,-1.06627935099e-16,1.33226762955e-15,0,B13: usownership and targeted income protection,ok,medium,B13
17,2044,0.293072490725,1.77426770183,1.77426770183,1.77426770183,2.23071390122,1.25725892373,0.0204659667874,0.439325204452,0.830216272421,0.226637652417,4.40572243443,0.00177544787755,0.00177544787755,0.00060881872818,0,0.182909275113,0.00060881872818,0.0010137323038,0.0232842351935,0.0413124664657,0.0559627475815,0.0424386333544,0.0135241142271,0.0698697566402,0.649834957531,1.53885227074,0.0401828959333,0.0222657162858,0.236511740822,0.182909275113,0.238872022695,0.215587787501,0.450042490877,0.745851500801,0.666340969802,0.229681818209,0.647175313052,0.44003691158,-0.317942400601,0.613253101407,0.000712258865307,0,0.998224552122,4.32024958008,1,-1.11022302463e-16,-6.84335475753e-17,2.4884926391e-17,2.22044604925e-16,0,B13: usownership and targeted income protection,ok,medium,B13
18,2045,0.322395092313,1.86511073116,1.86511073116,1.86511073116,2.39270803781,1.28287720286,0.0203762953198,0.42525035569,0.813229005593,0.226901555831,4.56457561506,0.00369728560518,0.00369728560518,0.00131365297354,0,0.183134905236,0.00131365297354,0.00230771945898,0.0244706592992,0.0456404892575,0.0569424875881,0.0434115858767,0.0135309017115,0.0716553160624,0.649250597722,1.54023731901,0.0401397900362,0.0223341538708,0.236884327755,0.183134905236,0.240077392824,0.215606733525,0.455687097439,0.745593122494,0.666612922453,0.229853781986,0.662955772033,0.462437745559,-0.277391575974,0.63047385812,0.000746594857176,0,0.996302714395,4.69989745528,1,2.22044604925e-16,-8.1200475043e-17,1.39200814359e-16,5.55111512313e-16,0,B13: usownership and targeted income protection,ok,medium,B13
19,2046,0.352293356219,1.96288102766,1.96288102766,1.96288102766,2.56953552765,1.30906330615,0.020412010779,0.410899189015,0.795908244161,0.227170640206,4.73661001786,0.0064052442091,0.0064052442091,0.00236049730803,0,0.183671294615,0.00236049730803,0.00436338387419,0.0257663915877,0.0505763611989,0.0576942840421,0.0441397303548,0.0135545536873,0.0730099810903,0.648710909468,1.54151870333,0.0401128885959,0.0224201122309,0.237660865607,0.183671294615,0.241365578657,0.21559918707,0.461106348951,0.744933035799,0.666583409165,0.229909085122,0.679057581345,0.486557881834,-0.235760980911,0.647432323845,0.00079242808754,0,0.993594755791,5.10240105026,1,-1.11022302463e-16,3.78062547139e-16,1.72828592978e-16,6.66133814775e-16,0,B13: usownership and targeted income protection,ok,medium,B13
20,2047,0.382485101996,2.06763786954,2.06763786954,2.06763786954,2.76206097737,1.33585335133,0.0204650493646,0.396407151042,0.778417461838,0.227442365918,4.92268186569,0.00989980556786,0.00989980556786,0.00378385703793,0,0.18457230329,0.00378385703793,0.00735682576416,0.027123189782,0.056080934336,0.0581388678114,0.0445401948945,0.0135986729169,0.0738039399453,0.648033652392,1.54312973764,0.0401236032337,0.0225332565713,0.238910723482,0.18457230329,0.242711171102,0.21558798132,0.466246427283,0.743872912349,0.666251499304,0.229846820011,0.695432574194,0.512343894462,-0.193193662666,0.661201312908,0.000834310799392,0,0.990100194432,5.52868671999,1,0,-1.10537505969e-16,8.03909134319e-17,8.881784197e-16,0,B13: usownership and targeted income protection,ok,medium,B13
21,2048,0.412676847773,2.17933672671,2.17933672671,2.17933672671,2.970998747,1.36325823843,0.0205148919007,0.381915113069,0.760926679515,0.22771409163,5.12358663683,0.0141717850809,0.0141717850809,0.00561335472029,0,0.185600496681,0.00561335472029,0.0115427566319,0.028477718853,0.0620625385894,0.05845467405,0.0448072264667,0.0136474475833,0.0743737550939,0.64726741434,1.54495650151,0.0401395148094,0.0226528621442,0.240326146923,0.185600496681,0.244055170731,0.215577451878,0.471127771974,0.74241127498,0.665605030271,0.229660818192,0.712983497881,0.539836786057,-0.149884204908,0.678818177683,0.000875109030331,0,0.985828214919,5.97943039999,1,0,-2.42896422199e-16,-3.73686803384e-17,4.4408920985e-16,0,B13: usownership and targeted income protection,ok,medium,B13
22,2049,0.442575111679,2.29782520117,2.29782520117,2.29782520117,3.19693610692,1.39128777302,0.0205606933439,0.367563946394,0.743605918083,0.227983176005,5.34003692589,0.0192025355956,0.0192025355956,0.00787204217854,0,0.186752791464,0.00787204217854,0.0170492520386,0.0298085015209,0.0684947260038,0.058623487098,0.0449264193534,0.0136970677446,0.074687780026,0.646449444108,1.54691137739,0.0401544675702,0.0227706458122,0.241902489246,0.186752791464,0.245376278562,0.215567777041,0.475681406491,0.740545983571,0.664633892844,0.229345707128,0.73588037384,0.569006238705,-0.106003052349,0.697365326891,0.00092893928517,0,0.980797464404,6.4550171735,1,0,1.12865090492e-16,3.47277201512e-17,8.881784197e-16,0,B13: usownership and targeted income protection,ok,medium,B13
23,2050,0.471897713267,2.42284463584,2.42284463584,2.42284463584,3.44032944348,1.41995462383,0.0206045444847,0.353489097632,0.726618651255,0.228247079419,5.57264192236,0.024964539197,0.024964539197,0.0105750585118,0,0.188044770798,0.0105750585118,0.0241267233249,0.0311157997801,0.0753887485872,0.0586295439713,0.0448827581425,0.0137467858287,0.0747155584196,0.64559777777,1.54895204791,0.0401682080032,0.0228840388197,0.243659292739,0.188044770798,0.246674314769,0.215558514989,0.479805213456,0.738276232947,0.663329507245,0.228897038004,0.752482386204,0.599789981834,-0.0616817125361,0.71566706629,0.000962372610539,0,0.975035460803,6.95551032667,1,0,8.06770865162e-17,9.68125038195e-17,8.881784197e-16,0,B13: usownership and targeted income protection,ok,medium,B13
24,2051,0.50038416254,2.55403759252,2.55403759252,2.55403759252,3.70145041104,1.4492544753,0.0206343575909,0.339815601981,0.71011578696,0.228503457463,5.82188982739,0.0314223415606,0.0314223415606,0.0137287659747,0,0.189390230788,0.0137287659747,0.033087609184,0.0323077264688,0.08251514793,0.058469714126,0.0446725739963,0.0137971401297,0.0744476259592,0.644726281831,1.55104581305,0.0401813633454,0.0229931753601,0.245484224939,0.189390230788,0.247859944914,0.215552218445,0.483555321455,0.735618960668,0.661692793289,0.228313620062,0.780771224512,0.63212827199,-0.0171581213717,0.737514824939,0.000997569972698,0,0.968577658439,7.48063265085,1,0,1.94962754021e-16,0,8.881784197e-16,0,B13: usownership and targeted income protection,ok,medium,B13
25,2052,0.527804348473,2.69096078627,2.69096078627,2.69096078627,3.98044317871,1.47919033195,0.0206560387844,0.326653912733,0.69423063388,0.228750239136,6.08813436112,0.0385337570129,0.0385337570129,0.0173304389666,0,0.19075735238,0.0173304389666,0.0439688037771,0.0333815994546,0.0898285751153,0.0581718866711,0.044325438274,0.0138464483971,0.0739328005438,0.64386228725,1.55312715126,0.0401903072773,0.0230952416365,0.247335379614,0.19075735238,0.248929239051,0.215547639597,0.486877002069,0.73258488404,0.659723261429,0.227594091982,0.811640974907,0.665905612039,0.0274060487534,0.764036722261,0.00104035566977,0,0.961466242987,8.02976178489,1,0,-2.37081533026e-16,-5.57838901238e-17,4.4408920985e-16,0,B13: usownership and targeted income protection,ok,medium,B13
26,2053,0.553964962093,2.83310248746,2.83310248746,2.83310248746,4.27731541044,1.50976374112,0.0206690163572,0.314096818195,0.679075180411,0.228985684659,6.37158621225,0.0462512552903,0.0462512552903,0.0213685151697,0,0.192129685307,0.0213685151697,0.0570862804962,0.0343169929335,0.0972235580423,0.0577322065844,0.0438355844058,0.0138966221786,0.0731599938916,0.643009833529,1.55518616957,0.0401968116353,0.0231929563043,0.249190814598,0.192129685307,0.249861891891,0.215544898958,0.489747254355,0.729189396924,0.65742487942,0.226739152451,0.839351934831,0.701011432354,0.0718604206471,0.791119589596,0.00107824102848,0,0.95374874471,8.60194016789,1,0,1.29780354976e-17,7.78682129858e-17,2.22044604925e-16,0,B13: usownership and targeted income protection,ok,medium,B13
27,2054,0.578713367833,2.97990296001,2.97990296001,2.97990296001,4.59196893163,1.54097935176,0.0206758248307,0.30221758344,0.664737851897,0.22920842031,6.67230988966,0.0545234347371,0.0545234347371,0.0258233544191,0,0.193474179384,0.0258233544191,0.0727866730933,0.0351153686565,0.104640391001,0.0571846504265,0.0432400444805,0.013944605946,0.0721931816247,0.642189190471,1.55717351652,0.0402007049072,0.0232817861739,0.251007126287,0.193474179384,0.25065882981,0.215543461154,0.492141345236,0.725449044834,0.654802498788,0.225749950648,0.867192442825,0.737285944347,0.116093347324,0.816567784428,0.00110138171853,0,0.945476565263,9.19589887602,1,0,-3.02218678185e-16,-1.93419954038e-16,8.881784197e-16,0,B13: usownership and targeted income protection,ok,medium,B13
28,2055,0.601938920858,3.12414213259,3.12414213259,3.13077626616,4.91380113287,1.57284813697,0.0206808645221,0.291069317988,0.651282747469,0.229417450288,6.98870401867,0.063296490923,0.063296490923,0.0306684008675,0,0.196188905242,0.0306684008675,0.0908778785193,0.0359092525214,0.112185608752,0.0552627441702,0.0412331767039,0.0140295674664,0.0687072298823,0.641361820728,1.55918230191,0.0402027474492,0.0233776001297,0.254598167731,0.196188905242,0.251451649413,0.215542396891,0.493637795868,0.721428438862,0.651921171197,0.224653885062,0.892095008403,0.772925254278,0.158061317181,0.842332667254,0.0011530242245,0,0.936703509077,9.80879195911,1.00212350568,0,-1.18618371433e-16,-9.03759020444e-17,8.881784197e-16,0,B13: usownership and targeted income protection,ok,medium,B13
29,2056,0.623571972982,3.22389205849,3.22389205849,3.28484562226,5.17577489551,1.6054429868,0.0207234564294,0.280685452969,0.638750215946,0.229612147757,7.30962655724,0.0725156023399,0.0725156023399,0.0358716141076,0,0.207418596284,0.0358716141076,0.109867828707,0.0376340145004,0.121328000477,0.0457488211318,0.0314050419915,0.0143437791402,0.0515767625989,0.640304096702,1.56175792901,0.0402042593566,0.0235569082088,0.269239183458,0.207418596284,0.253167417416,0.215533402916,0.491801766428,0.717363470361,0.649065594389,0.223577492416,0.899785453043,0.797447816386,0.186488864692,0.861604696839,0.00126231679243,0,0.92748439766,10.4296537431,1.01890682525,2.22044604925e-16,-1.55515204796e-16,-1.71602984602e-16,1.11022302463e-15,0,B13: usownership and targeted income protection,ok,medium,B13
30,2057,0.643580985584,3.32759526051,3.32759526051,3.43947968776,5.45264185775,1.63861330206,0.0206611605223,0.27108112692,0.627158528386,0.22979222887,7.63570449549,0.0821261729914,0.0821261729914,0.0413970268535,0,0.207199266,0.0413970268535,0.130903915021,0.0378026488221,0.125791915055,0.0461499407885,0.0318026952361,0.0143472455524,0.0523250004006,0.639594286113,1.56349114073,0.0402170369288,0.0236055348046,0.269017366178,0.207199266,0.253349206788,0.215546557966,0.493243462001,0.712996903594,0.645841004381,0.222340073109,0.92677579079,0.823174398016,0.214769991132,0.883277216794,0.00128069488053,0,0.917873827009,11.057166805,1.0336232079,0,-4.07223893881e-17,-4.07223893881e-17,1.22124532709e-15,0,B13: usownership and targeted income protection,ok,medium,B13
31,2058,0.661968262544,3.43542007132,3.43542007132,3.59432154437,5.74545514156,1.67241706175,0.0206294918065,0.262255233979,0.616506350099,0.229957714363,7.96756357324,0.0920748920978,0.0920748920978,0.047206297837,0,0.206957918198,0.047206297837,0.154121986489,0.0377870423567,0.129814363748,0.0463823702353,0.0320373065415,0.0143450636938,0.0527799393047,0.639035097058,1.56485927706,0.0401983481567,0.0236328103956,0.268761757708,0.206957918198,0.253340288433,0.215553246076,0.494288169046,0.708309603322,0.642265582039,0.220952028613,0.947506522127,0.849982586719,0.24363011162,0.900520114399,0.00128020287487,0,0.907925107902,11.6900618114,1.04625386991,0,6.7632250021e-17,-3.8647000012e-17,1.22124532709e-15,0,B13: usownership and targeted income protection,ok,medium,B13
32,2059,0.678764834065,3.54752915634,3.54752915634,3.74909352953,6.05522039323,1.7068838976,0.0206089955878,0.254192879649,0.606775704564,0.230108883507,8.30582773222,0.102310590987,0.102310590987,0.0532601531424,0,0.206611835784,0.0532601531424,0.179381726455,0.0375736446111,0.133293599768,0.0465193837172,0.0321734399719,0.0143459437453,0.0530613510203,0.638517593545,1.56612755875,0.0401888475419,0.0236597378911,0.268365008191,0.206611835784,0.253131219501,0.21555757489,0.494995803319,0.703326575325,0.638373689198,0.219428191962,0.971131453584,0.87785383932,0.273279273283,0.925371779551,0.00128671716427,0,0.897689409013,12.3271336031,1.05681824287,0,7.33398920288e-17,7.33398920288e-17,1.11022302463e-15,0,B13: usownership and targeted income protection,ok,medium,B13
33,2060,0.694024979188,3.66408054391,3.66408054391,3.90359964398,6.38293758896,1.74202982507,0.0205906960182,0.24686800999,0.597935146666,0.230246224813,8.65111878093,0.112784894464,0.112784894464,0.0595196406699,0,0.206093253653,0.0595196406699,0.207225087339,0.0371798712123,0.136230042734,0.0466480574772,0.0323040390416,0.0143440184356,0.0533303705678,0.63803842074,1.56730373516,0.0401826986763,0.0236803768599,0.267739191799,0.206093253653,0.25274131113,0.215561439917,0.495397367742,0.698079596085,0.634199243964,0.217782994756,0.996217253255,0.906707950824,0.303778313656,0.946977202809,0.00128535276683,0,0.887215105536,12.9672528373,1.06536949644,0,-4.78324168953e-17,1.04361636863e-16,8.881784197e-16,0,B13: usownership and targeted income protection,ok,medium,B13
34,2061,0.707820792078,3.78522887891,3.78522887891,4.05772337729,6.72962723345,1.7778653415,0.0205711268012,0.240246019802,0.589942910576,0.230370387129,9.00405629628,0.123452677386,0.123452677386,0.0659471547413,0,0.205414912971,0.0659471547413,0.237416256124,0.0366182433961,0.138608432398,0.0467689036833,0.0324308925328,0.0143380111504,0.0535898424413,0.637599541206,1.56838255892,0.0401772088055,0.0236925874826,0.266900999567,0.205414912971,0.252183816655,0.215565573259,0.495517250283,0.692604130913,0.629777282808,0.216031111921,1.02673942602,0.93688429811,0.335117872624,0.976142999652,0.00126857660728,0,0.876547322614,13.6093735553,1.07198890928,2.22044604925e-16,-5.77413941574e-17,-1.31980329503e-16,8.881784197e-16,0,B13: usownership and targeted income protection,ok,medium,B13
35,2062,0.720237095837,3.91112678955,3.91112678955,4.2114220562,7.09634030238,1.81439791759,0.0205485619398,0.234286193998,0.582749856292,0.230482133863,9.36525776677,0.134272346416,0.134272346416,0.0725072165799,0,0.204581869803,0.0725072165799,0.269466060546,0.03589141852,0.140375888489,0.0468798882429,0.0325517677764,0.0143281204666,0.0538356558221,0.63720248261,1.56935986173,0.0401713380404,0.0236965244811,0.265857205928,0.204581869803,0.251461758046,0.215570339526,0.495391924914,0.686938532153,0.625142722144,0.214187109673,1.0607820318,0.968186437691,0.367241873385,1.00801372772,0.00125054073822,0,0.865727653584,14.2525371938,1.07677973198,0,1.56450082341e-17,3.12900164681e-17,4.4408920985e-16,0,B13: usownership and targeted income protection,ok,medium,B13
36,2063,0.731366905123,4.04192627799,4.04192627799,4.36471884643,7.48419175242,1.85163984637,0.0205257779584,0.228943885541,0.576302098254,0.230582302146,9.73533896705,0.145205972301,0.145205972301,0.0791670189229,0,0.203616103742,0.0791670189229,0.30384232224,0.0350230490965,0.141560582479,0.0469820976452,0.032667602648,0.0143144949973,0.0540692415364,0.636848495883,1.57023217683,0.0401645685819,0.0236923993419,0.264636626256,0.203616103742,0.250598201387,0.215575152291,0.495034470781,0.681116904988,0.620326923644,0.212264331857,1.103715933,1.00080555695,0.400100116503,1.04579721181,0.00122544072912,0,0.854794027699,14.8958736299,1.07986107272,0,3.70856019378e-18,1.18673926201e-16,5.55111512313e-16,0,B13: usownership and targeted income protection,ok,medium,B13
37,2064,0.741307547172,4.17778006867,4.17778006867,4.51769344269,7.8943873574,1.88961295895,0.0205078285912,0.224172377357,0.570543252525,0.230671767925,10.1149145435,0.156219300064,0.156219300064,0.0858967585114,0,0.202553370294,0.0858967585114,0.34084733401,0.0340451365908,0.142233093084,0.0470707102657,0.0327729467812,0.0142977634845,0.0542816313963,0.636530533614,1.57101654546,0.0401577333875,0.0236812982501,0.263286022596,0.202553370294,0.24962408056,0.215578943969,0.494446204927,0.6751690798,0.615357954483,0.210274870531,1.15086295127,1.03459006262,0.433657250237,1.08521745774,0.00119715289195,0,0.843780699936,15.5385998633,1.08136219917,0,2.10951713102e-16,1.40634475402e-16,2.22044604925e-16,0,B13: usownership and targeted income protection,ok,medium,B13
38,2065,0.750157476529,4.31884286954,4.31884286954,4.67047231252,8.32816821396,1.92833322849,0.0204911113437,0.219924411266,0.56541628209,0.230751417289,10.504598784,0.167281664084,0.167281664084,0.0926697890452,0,0.201410700587,0.0926697890452,0.380010155722,0.0329695292388,0.142390216265,0.0471413041424,0.0328626609508,0.0142786431915,0.0544646279541,0.63623887383,1.57173671891,0.0401523485773,0.0236645775666,0.261827847479,0.201410700587,0.24855200473,0.215582475491,0.493651391456,0.669121992168,0.610262429857,0.208230054143,1.19863455724,1.0697154122,0.467851931813,1.12304989202,0.00116712269092,0,0.832718335916,16.1800169053,1.08141751242,0,1.19978451022e-16,2.66618780049e-17,8.881784197e-16,0,B13: usownership and targeted income protection,ok,medium,B13
39,2066,0.758013763996,4.46527252012,4.46527252012,4.82321915839,8.78684007871,1.96781720245,0.0204757006576,0.216153393282,0.560864951572,0.230822123876,10.9050065438,0.178365832937,0.178365832937,0.0994626305617,0,0.200201120815,0.0994626305617,0.421810864867,0.0318171904221,0.142072426059,0.047201800711,0.0329449636294,0.0142568370815,0.0546326246647,0.63597225422,1.57239564048,0.0401473334031,0.0236421092444,0.260279354138,0.200201120815,0.247402921526,0.215585731104,0.492663493244,0.66299807966,0.605063738576,0.206139888547,1.2449613088,1.10622865081,0.502629531722,1.16435739459,0.00113119045386,0,0.821634167063,16.8195053865,1.08016232753,0,-6.94928618336e-17,1.01080526303e-16,6.66133814775e-16,0,B13: usownership and targeted income protection,ok,medium,B13
40,2067,0.764970203992,4.61723101483,4.61723101483,4.97612606231,9.27183435915,2.00809409999,0.0204678043718,0.212814302084,0.556834923676,0.230884731836,11.3167542958,0.189447805738,0.189447805738,0.106254870528,0,0.198972397518,0.106254870528,0.466323707899,0.0306356383695,0.141451819639,0.0472506401384,0.0330180084067,0.0142326317317,0.0547829792789,0.635723608601,1.57301063933,0.0401427101973,0.0236145669247,0.258702961381,0.198972397518,0.246223037656,0.215587399286,0.491459801808,0.656816260336,0.599780660299,0.204012684918,1.29479609022,1.14414380267,0.537978753323,1.21175616975,0.00108225093794,0,0.810552194262,17.4565203211,1.07772949768,0,1.91586343176e-16,-2.3948292897e-17,8.881784197e-16,0,B13: usownership and targeted income protection,ok,medium,B13
41,2068,0.771115963868,4.77488540108,4.77488540108,5.1294055991,9.7846249719,2.04918529976,0.0204627859672,0.209864337343,0.553274541676,0.230940043675,11.7404612812,0.200506578236,0.200506578236,0.113028988664,0,0.19773170909,0.113028988664,0.513373390358,0.0294249601736,0.14050081276,0.0472817105804,0.0330750313606,0.0142066792198,0.0549048165581,0.635481767855,1.57360926872,0.0401403413115,0.023583201115,0.25710831446,0.19773170909,0.24501341967,0.215588459496,0.49007117473,0.650593957826,0.594432290944,0.201856680249,1.34991647151,1.18347751609,0.573842779392,1.26329041358,0.00103212538765,0,0.799493421764,18.0905853857,1.07424684956,0,-4.53864313784e-17,-4.53864313784e-17,1.33226762955e-15,0,B13: usownership and targeted income protection,ok,medium,B13
42,2069,0.776534690267,4.93840855913,4.93840855913,5.28328405846,10.3267681345,2.09111255395,0.0204604504026,0.207263348672,0.550135347123,0.230988812212,12.1767507316,0.211523893328,0.211523893328,0.119770132824,0,0.196480777824,0.119770132824,0.563003521565,0.0281964363239,0.139245522479,0.0473046114214,0.0331261955888,0.0141784158326,0.0550159615934,0.6352459192,1.57419350487,0.0401388357902,0.0235475027251,0.255497944561,0.196480777824,0.243785389245,0.215588952921,0.488515583948,0.644349430875,0.589035397976,0.199679155146,1.40943419637,1.22432062343,0.610166857836,1.31837312691,0.000995998836299,0,0.788476106672,18.7212870003,1.06983535185,0,-3.76282350448e-17,0,8.881784197e-16,0,B13: usownership and targeted income protection,ok,medium,B13
43,2070,0.781303987764,5.10797987514,5.10797987514,5.43799580646,10.8998718989,2.13389092466,0.0204572301165,0.204974085873,0.547372381875,0.23103173589,12.6262511451,0.222483987379,0.222483987379,0.126465868107,0,0.19522723837,0.126465868107,0.614949969422,0.0269555609493,0.137688462852,0.0473179558406,0.0331698128675,0.0141481429731,0.0551135144135,0.635015171859,1.57476552422,0.0401381351208,0.0235079373161,0.253882048821,0.19522723837,0.242545194211,0.215589633262,0.48681317317,0.638096599462,0.58360528436,0.197486620263,1.47137488883,1.26668319621,0.64688915034,1.37704738048,0.000949291027375,0,0.777516012621,19.348268425,1.06460791534,0,-1.93527388794e-16,-1.22227824502e-16,2.22044604925e-16,0,B13: usownership and targeted income protection,ok,medium,B13
44,2071,0.785495190856,5.28378582132,5.28378582132,5.59377874027,11.5057025596,2.17754900533,0.0204593778285,0.202962308389,0.544944320196,0.231069456718,13.0895975956,0.23337334077,0.23337334077,0.133105916282,0,0.194004310692,0.133105916282,0.66953722254,0.0257417125323,0.136013695694,0.0473265813605,0.0332109203019,0.0141156610586,0.0552062893735,0.634789484607,1.57532540196,0.0401371690349,0.0234643684069,0.2523040766,0.194004310692,0.241330892053,0.21558917952,0.484937451611,0.631843825951,0.578152984058,0.195284028505,1.53799284081,1.31063692054,0.683999728081,1.43931498833,0.00089452490619,0,0.76662665923,19.9712240325,1.05866871396,0,-5.30713061962e-17,1.54389254389e-16,8.881784197e-16,0,B13: usownership and targeted income protection,ok,medium,B13
45,2072,0.789173359243,5.46602045778,5.46602045778,5.75087074196,12.1461231157,2.22211446326,0.0204658805938,0.201196787563,0.542813471483,0.231102560233,13.5674330619,0.244180438674,0.244180438674,0.139681898115,0,0.192834975889,0.139681898115,0.726891581328,0.0245686685079,0.134292844685,0.0473214983302,0.0332396986238,0.0140817997064,0.0552779450431,0.634559060223,1.57589744231,0.0401378133485,0.0234181711178,0.250794144856,0.192834975889,0.240156474219,0.215587805711,0.482891394096,0.625601285129,0.572688629603,0.193076028854,1.6131443896,1.35624020221,0.721475827641,1.50518678982,0.000852384861259,0,0.755819561326,20.5898938651,1.05211291951,0,8.22649921001e-17,-3.65622187111e-17,8.881784197e-16,0,B13: usownership and targeted income protection,ok,medium,B13
46,2073,0.792397436693,5.65488587053,5.65488587053,5.90950701148,12.8230196473,2.2676000791,0.0204695197229,0.199649230387,0.540945688239,0.23113157693,14.0604097668,0.254895545989,0.254895545989,0.146187087285,0,0.191678961536,0.146187087285,0.787100097546,0.0233997210895,0.132322752163,0.0473077964496,0.033261279342,0.0140465171075,0.0553374992484,0.634323484787,1.57648270005,0.0401397641782,0.0233694898469,0.249300082803,0.191678961536,0.238986757986,0.215587036896,0.480746928646,0.619384233476,0.567224928153,0.1908678478,1.68862434438,1.40352002865,0.759228179857,1.57476024137,0.000821609017698,0,0.745104454011,21.2040585445,1.04502675152,-1.11022302463e-16,-8.65804666266e-18,-6.92643733012e-17,4.4408920985e-16,0,B13: usownership and targeted income protection,ok,medium,B13
47,2074,0.795220524113,5.85059255876,5.85059255876,6.06991814969,13.5384482426,2.31403026387,0.0204754732565,0.198294148426,0.53931020787,0.231156984717,14.5691905155,0.265510498821,0.265510498821,0.152616181463,0,0.190561993948,0.152616181463,0.850247850095,0.0222708044983,0.130297403076,0.0472945896953,0.0332853641646,0.0140092255308,0.055401446411,0.63408852583,1.57706685938,0.0401408559169,0.0233174963526,0.247855531181,0.190561993948,0.237856583643,0.215585779145,0.478472340112,0.61319847848,0.561769389559,0.18866288782,1.76791230801,1.45252586452,0.797238920807,1.64583836157,0.000771020077497,0,0.734489501179,21.8135345756,1.03748775679,0,1.02506487887e-16,6.56041522475e-17,4.4408920985e-16,0,B13: usownership and targeted income protection,ok,medium,B13
48,2075,0.797690227249,6.05335978349,6.05335978349,6.23232886424,14.294589742,2.36143071836,0.0204839388759,0.19710869092,0.537879451256,0.231179212045,15.0944500295,0.276018513654,0.276018513654,0.158965093712,0,0.1895007565,0.158965093712,0.916429011429,0.0211888074244,0.128263474723,0.0472720416358,0.0333012293056,0.0139708123302,0.0554514845662,0.633848348398,1.5776644406,0.040142641977,0.0232634740657,0.246482352545,0.1895007565,0.236772798136,0.215583990712,0.476072723628,0.607049050106,0.556329134997,0.186464309279,1.85301234832,1.50325909401,0.835484754507,1.7251601047,0.000738071027983,0,0.723981486346,22.4181700586,1.02956524759,0,-6.99006225571e-17,6.21338867174e-17,6.66133814775e-16,0,B13: usownership and targeted income protection,ok,medium,B13
49,2076,0.799849048082,6.26341588794,6.26341588794,6.39695718007,15.0937105429,2.40982090491,0.0204918934021,0.196072456921,0.536628796009,0.231198641433,15.6368762718,0.28641401447,0.28641401447,0.165230765529,0,0.188475299483,0.165230765529,0.985740496004,0.0201363683271,0.126122449305,0.0472433791223,0.0333121434122,0.0139312357101,0.055493425794,0.633602050471,1.57827772062,0.0401451816628,0.0232075128139,0.245154743007,0.188475299483,0.235718678605,0.215582310278,0.473587486244,0.600943263518,0.550911955527,0.184275414637,1.93848210171,1.55571956743,0.873912311862,1.8060207766,0.000706369696546,0,0.71358598553,23.0178408083,1.02132084066,0,4.41332045477e-17,0,1.11022302463e-15,0,B13: usownership and targeted income protection,ok,medium,B13
50,2077,0.80173479641,6.48099859857,6.48099859857,6.56401404907,15.9381260684,2.45920838063,0.020494251508,0.195167297723,0.535536338032,0.231215613168,16.1971717604,0.296692477446,0.296692477446,0.171411001583,0,0.18746087625,0.171411001583,1.05852118576,0.0190916244873,0.123732791546,0.0472125603587,0.0333220978291,0.0138904625296,0.0555337500976,0.633355370759,1.57889242938,0.0401475680206,0.0231494871306,0.243840639146,0.18746087625,0.234673436609,0.215581812122,0.471063037895,0.594891248452,0.545525867699,0.18209932205,2.03241269531,1.61007208102,0.912449664856,1.8910892703,0.000683711622896,0,0.703307522554,23.6124468693,1.01280905238,0,2.02009116855e-16,-5.57266529256e-17,1.11022302463e-15,0,B13: usownership and targeted income protection,ok,medium,B13
1,2028,0.0144755795665,0.99710592026,1.03366772825,1.03366772825,0.977163801855,0.98,-0.02,0.573051721808,0.95653963293,0.220361889489,3.03972414461,0,0,0,0,0.217240480504,0,0,0.0178857252876,0.0178339625724,0.0333666163528,0.0333666163528,0,0.0543410828172,0.647388542729,1.54466743539,0,0,0.278642715864,0.217240480504,0.250607096857,0.232721371569,0.384859416944,0.743085407436,0.670958979095,0.233016029739,0.398197943829,0.252659504656,-0.795536563729,0.385543166524,0.00127333902428,0,1,0.199988845845,1,-0.0353709485097,-8.52126600359e-17,5.6808440024e-17,1.33226762955e-15,0,B0: targeted tax-transfer comparator,ok,fast,B0
2,2029,0.0332822997251,1.07907635946,1.08158262414,1.08158262414,1.03634493562,0.9604,-0.02,0.564024496132,0.978446246712,0.220832057493,3.09563534858,0,0,0,0,0.133269716175,0,0,0.0125300204092,0.0135208488071,0.104271500553,0.104271500553,0,0.170819549905,0.714690510619,1.39920704856,0,0,0.171041066893,0.133269716175,0.237541216728,0.225011196319,0.403716457348,0.735370214841,0.658746557663,0.227348496667,0.490770598087,0.271313504092,-0.72205499879,0.427704780623,1.2888901845e-05,0,1,0.418818336726,1,-0.00231721980555,-1.33910895212e-16,-2.67821790425e-17,1.33226762955e-15,0,B0: targeted tax-transfer comparator,ok,fast,B0
3,2030,0.0574191154862,1.14374435174,1.14374435174,1.14374435174,1.10117648295,0.962782007423,0.00248022430577,0.552438824567,0.966735767532,0.221435477887,3.16316280478,0,0,0,0,0.146736543315,0,0,0.0134228646755,0.0153523256568,0.0861420219978,0.0861420219978,0,0.128070659042,0.75875527036,1.31794801178,0,0,0.188470626579,0.146736543315,0.232878565313,0.219455700637,0.407581887265,0.731336321482,0.652058274658,0.224074115326,0.505015387723,0.285766001888,-0.674808456436,0.459532903767,3.32917152212e-05,0,1,0.655501414341,1,0,-2.5205383556e-16,2.5205383556e-17,1.33226762955e-15,0,B0: targeted tax-transfer comparator,ok,fast,B0
4,2031,0.0879151555569,1.22351540931,1.22351540931,1.22351540931,1.19257955835,0.974715601681,0.0123949078461,0.537800725333,0.949068700429,0.222197878889,3.24523556523,0,0,0,0,0.168362403431,0,0,0.0153400562694,0.0187687952252,0.0642841587236,0.0642841587236,0,0.0917556206214,0.764886021457,1.30738433171,0,0,0.216459172406,0.168362403431,0.232646562155,0.217306505885,0.410812093147,0.730203628529,0.649469906681,0.222703635529,0.512244631291,0.304797488836,-0.619761675687,0.484182713726,0.000190138583812,0,1,0.916401554243,1,0,-3.25829883549e-16,-4.65471262212e-17,1.33226762955e-15,0,B0: targeted tax-transfer comparator,ok,fast,B0
5,2032,0.125692255092,1.32637590803,1.32637590803,1.32637590803,1.31435505357,0.990937068148,0.0166422558941,0.519667717556,0.927183545803,0.223142306377,3.34649201056,0,0,0,0,0.168888926357,0,0,0.0162942658837,0.0216123217072,0.0638039780103,0.0638039780103,0,0.0919340453964,0.757823018891,1.31956931245,0,0,0.217400082078,0.168888926357,0.232692904367,0.216398638483,0.418759361607,0.729933958688,0.648474477702,0.222115909561,0.547012020852,0.330047605769,-0.552489442503,0.511764149524,0.000271173342443,0,1,1.21066379611,1,0,-2.11172586435e-16,4.2234517287e-17,1.33226762955e-15,0,B0: targeted tax-transfer comparator,ok,fast,B0
6,2033,0.171360273177,1.45921385569,1.45921385569,1.45921385569,1.47341155814,1.00972969274,0.0189644985477,0.497747068875,0.900726998065,0.224284006829,3.4729808203,0,0,0,0,0.161228703856,0,0,0.0170860216875,0.024932159585,0.0717627790265,0.0717627790265,0,0.106155580289,0.747777914844,1.33729544581,0,0,0.207845017088,0.161228703856,0.232991482882,0.215905461195,0.429759596696,0.729878209658,0.648243207962,0.221890635535,0.594231902029,0.362744045907,-0.472319970263,0.551149135771,0.000324027833479,0,1,1.55036089896,1,0,1.88376258231e-17,-7.53505032923e-17,1.33226762955e-15,0,B0: targeted tax-transfer comparator,ok,fast,B0
7,2034,0.224966092576,1.59997212018,1.59997212018,1.63015463361,1.64834964241,1.03023647826,0.0203091834088,0.472016275563,0.869671896936,0.225624152314,3.62559432442,0,0,0,0,0.165395226751,0,0,0.0191537528838,0.0306454706109,0.069379441418,0.069379441418,0,0.103796672327,0.737796259249,1.35538773403,0,0,0.213585208326,0.165395226751,0.234774668169,0.215620915285,0.440186402265,0.73084029454,0.649449225228,0.222347715888,0.623886212998,0.397284852958,-0.397430292113,0.583577275779,0.000388997080284,0,1,1.94370764716,1.0188643996,0,3.36768060629e-17,1.01030418189e-16,1.33226762955e-15,0,B0: targeted tax-transfer comparator,ok,fast,B0
8,2035,0.285757724698,1.64149142006,1.64149142006,1.84672098869,1.7266956564,1.05190659866,0.021034122606,0.442836292145,0.834453886942,0.227143943117,3.7809134987,0,0,0,0,0.217104933753,0,0,0.0262686747595,0.043119804234,0.024631564392,0.024631564392,0,0.0349721236166,0.728951515391,1.3718333509,0,0,0.280912508635,0.217104933753,0.241736498145,0.215467823385,0.439806023486,0.735277847708,0.654751561625,0.224671342858,0.567010417139,0.406744465241,-0.387257685177,0.570263552142,0.000552538525589,0,1,2.37135005854,1.12502628167,-1.11022302463e-16,-3.85785307507e-16,-3.21487756256e-17,1.33226762955e-15,0,B0: targeted tax-transfer comparator,ok,fast,B0
9,2036,0.352061761364,1.68289415707,1.68289415707,2.109942536,1.80861116681,1.07470286186,0.0216713757996,0.411010354545,0.796042412461,0.228801544034,3.93910747036,0,0,0,0,0.219743211625,0,0,0.029856689761,0.0502456487481,0.0254469064881,0.0254469064881,0,0.0365650155266,0.72138279279,1.38622657762,0,0,0.284937307544,0.219743211625,0.245190118113,0.215333428352,0.451448411497,0.739950258485,0.660460897316,0.227145493171,0.543181899463,0.416586888925,-0.381887745828,0.55906837515,0.000647035543943,0,1,2.83592003809,1.25375831103,-1.11022302463e-16,-3.68312342088e-16,0,1.33226762955e-15,0,B0: targeted tax-transfer comparator,ok,fast,B0
10,2037,0.421371924532,1.72476336033,1.72476336033,2.42165840157,1.89484211606,1.09860990768,0.0222452611439,0.377741476225,0.755889418801,0.230534298113,4.10037813283,0,0,0,0,0.223349322706,0,0,0.0342510981838,0.0590750391985,0.0261143163058,0.0261143163058,0,0.0379263197716,0.714668240418,1.39925065009,0,0,0.290265468829,0.223349322706,0.249463639012,0.215212540828,0.462861980171,0.744592535322,0.66623514262,0.229672221085,0.519069372384,0.426442062347,-0.379099724162,0.533303253587,0.000761924623564,0,1,3.33865339424,1.40405255426,2.22044604925e-16,-5.85918486409e-17,-5.85918486409e-17,1.33226762955e-15,0,B0: targeted tax-transfer comparator,ok,fast,B0
11,2038,0.490682087701,1.76784327787,1.76784327787,2.77874250333,1.9861437317,1.12348405346,0.0226414722914,0.344472597904,0.715736425142,0.232267052193,4.26496719174,0,0,0,0,0.227404265818,0,0,0.0390505679685,0.0690352840802,0.026775461256,0.026775461256,0,0.03927083389,0.70859091063,1.41125152044,0,0,0.296202301161,0.227404265818,0.254179727074,0.215129159105,0.473854337277,0.74906456232,0.671870932317,0.232158227505,0.49596799993,0.436601788484,-0.377537585685,0.508694287298,0.000884162352622,0,1,3.87921086808,1.57182626883,0,5.58984230045e-17,1.11796846009e-16,1.33226762955e-15,0,B0: targeted tax-transfer comparator,ok,fast,B0
12,2039,0.556986124366,1.81292328722,1.81292328722,3.17241169063,2.08339044533,1.14918841852,0.0228791543377,0.312646660304,0.677324950661,0.233924653109,4.43315661132,0,0,0,0,0.231925739537,0,0,0.0444736831012,0.0806273757626,0.0276271140279,0.0276271140279,0,0.0408977990918,0.703143025432,1.42218576283,0,0,0.302745337621,0.231925739537,0.259552853565,0.215079170464,0.483426588506,0.7531717194,0.677134581255,0.234500579756,0.473462202946,0.44734168245,-0.375384970496,0.48940477527,0.00101752025964,0,1,4.45576717047,1.74988744035,0,-3.73024710264e-16,-7.99338664851e-17,1.33226762955e-15,0,B0: targeted tax-transfer comparator,ok,fast,B0
13,2040,0.617777756488,1.86071648969,1.86071648969,3.58915349061,2.18741465223,1.17557653966,0.0229623973875,0.283466676886,0.642106940667,0.235444443912,4.60526257383,0,0,0,0,0.236662925178,0,0,0.0502320671879,0.0934676357277,0.0286308105153,0.0286308105153,0,0.0427514075659,0.69833532191,1.43197682922,0,0,0.309543136915,0.236662925178,0.265293735693,0.215061668505,0.49130322278,0.756771696139,0.681852465036,0.236620115696,0.464830453301,0.458821131187,-0.371074588058,0.473232964043,0.00115344868836,0,1,5.06533438867,1.92890938007,0,0,-1.01510065638e-16,1.33226762955e-15,0,B0: targeted tax-transfer comparator,ok,fast,B0
14,2041,0.671383575888,1.91177293663,1.91177293663,4.01318742767,2.29881640879,1.20245263689,0.0228620564705,0.257735883574,0.611051839538,0.236784589397,4.78162518922,0,0,0,0,0.241160349463,0,0,0.0558111482607,0.106698242807,0.0297335644634,0.0297335644634,0,0.044746197778,0.694227218447,1.44045058077,0,0,0.315979402555,0.241160349463,0.270893913926,0.215082765666,0.497680645822,0.759814357506,0.685937707105,0.238472385415,0.476931405359,0.471172272697,-0.363726217459,0.470588058772,0.00127595762322,0,1,5.70421356649,2.09919669369,0,0,1.20738548366e-16,1.33226762955e-15,0,B0: targeted tax-transfer comparator,ok,fast,B0
15,2042,0.717051593972,1.96644689762,1.96644689762,4.42953875477,2.41805073101,1.22965473105,0.0226221751458,0.235815234893,0.5845952918,0.237926289849,4.96259709241,0,0,0,0,0.245055427451,0,0,0.0608282876659,0.119615597568,0.030906078863,0.030906078863,0,0.0468277607932,0.690900884072,1.44738561356,0,0,0.32156394347,0.245055427451,0.275961506314,0.215133218648,0.502842619735,0.762323410515,0.689376418747,0.240044303745,0.489965751916,0.484482576993,-0.352936996262,0.476314158733,0.0013760681774,0,1,6.3684504016,2.25255955812,0,-1.37741902234e-16,1.83655869645e-16,1.33226762955e-15,0,B0: targeted tax-transfer comparator,ok,fast,B0
16,2043,0.754828693508,2.02491253885,2.02491253885,4.82653393955,2.54551047075,1.25709650264,0.0223166478373,0.217682227116,0.562710137174,0.238870717338,5.14853357756,0,0,0,0,0.248421246674,0,0,0.0652725655714,0.132171236469,0.0320488317867,0.0320488317867,0,0.0488321599967,0.688354671807,1.45273946841,0,0,0.326385086388,0.248421246674,0.280470078461,0.215197512889,0.50681050167,0.764338366625,0.692190021957,0.24134130932,0.50408317898,0.498739563275,-0.338442540217,0.486718703095,0.0014566648593,0,1,7.05420371459,2.38357649871,0,4.36149462901e-17,-4.36149462901e-17,1.33226762955e-15,0,B0: targeted tax-transfer comparator,ok,fast,B0
17,2044,0.785324733578,2.08720782699,2.08720782699,5.19698446948,2.68149475933,1.28472820227,0.021980571554,0.203044127882,0.545043070071,0.239633118339,5.33978568311,0,0,0,0,0.251175239121,0,0,0.0689702187245,0.143955180351,0.0330632597676,0.0330632597676,0,0.0505982468722,0.686510005683,1.45664300844,0,0,0.330334270442,0.251175239121,0.284238498889,0.215268280165,0.509880759719,0.765935118507,0.694449674957,0.242390417803,0.519349628515,0.513987709476,-0.320460815122,0.500262939768,0.00151600482777,0,1,7.75798813557,2.48992189579,0,1.65612559303e-16,1.24209419477e-16,1.33226762955e-15,0,B0: targeted tax-transfer comparator,ok,fast,B0
18,2045,0.809461549339,2.15328566196,2.15328566196,5.53805961681,2.82626272242,1.31253496568,0.0216440826679,0.191458456317,0.531060049892,0.240236538733,5.53669643646,0,0,0,0,0.253386671386,0,0,0.0719690154878,0.154969849155,0.0339215250673,0.0339215250673,0,0.0520791725984,0.685266839804,1.45928555406,0,0,0.333507314189,0.253386671386,0.287308196453,0.215339180966,0.512223870905,0.767184801268,0.696235535446,0.243224691646,0.535542867836,0.530186666365,-0.299352764652,0.51431732233,0.00155770332074,0,1,8.47679643801,2.57191124924,0,7.85647431725e-17,7.85647431725e-17,1.33226762955e-15,0,B0: targeted tax-transfer comparator,ok,fast,B0
19,2046,0.828268269498,2.2230584022,2.2230584022,5.85033504317,2.98008570724,1.34053415074,0.0213321441247,0.182431230641,0.520164878379,0.240706706737,5.73959971715,0,0,0,0,0.255180705146,0,0,0.0743913490957,0.165376313658,0.0346155944997,0.0346155944997,0,0.0532633284513,0.68451103863,1.4608968206,0,0,0.336076595711,0.255180705146,0.289796299645,0.21540495055,0.513952993598,0.768144846923,0.697624059291,0.243877383639,0.552740364477,0.547338322304,-0.275493411059,0.530263873703,0.00158692698054,0,1,9.20813012971,2.6316605256,0,-3.72547347188e-17,-7.45094694377e-17,1.33226762955e-15,0,B0: targeted tax-transfer comparator,ok,fast,B0
20,2047,0.842743849065,2.29643016327,2.29643016327,6.13658141472,3.14327290998,1.36876485959,0.0210592985114,0.175482952449,0.511778837603,0.241068596227,5.94882092991,0,0,0,0,0.256611523757,0,0,0.0762994830879,0.175216434405,0.0351504700011,0.0351504700011,0,0.0541631626494,0.684124205687,1.46172287384,0,0,0.338122157656,0.256611523757,0.291761993758,0.21546251067,0.515228523355,0.768874549378,0.698750240429,0.244381974204,0.5708899149,0.565403361603,-0.249320978508,0.54713695014,0.00160681359061,0,1,9.94997182618,2.67222644645,0,-3.53206055097e-17,3.53206055097e-17,1.33226762955e-15,0,B0: targeted tax-transfer comparator,ok,fast,B0
21,2048,0.853781225432,2.37331690364,2.37331690364,6.40068000166,3.31618622875,1.39727915124,0.0208321330401,0.170185011793,0.50538462811,0.241344530636,6.16467872828,0,0,0,0,0.257742460978,0,0,0.0777757760318,0.18458656395,0.0355437725324,0.0355437725324,0,0.0548132288863,0.683996221961,1.46199637936,0,0,0.339735850311,0.257742460978,0.29328623351,0.215510457478,0.516165395162,0.769424997367,0.699627314312,0.244768759074,0.589922533533,0.584343777298,-0.221264454898,0.564652501606,0.00162023531359,0,1,10.7007275965,2.69693440089,0,-6.69578213069e-17,-3.34789106535e-17,1.33226762955e-15,0,B0: targeted tax-transfer comparator,ok,fast,B0
22,2049,0.862136705534,2.45365689682,2.45365689682,6.64682966259,3.49923125009,1.42612899735,0.0206471599335,0.166174381344,0.500544103658,0.241553417638,6.38748721372,0,0,0,0,0.258639385491,0,0,0.0789086137362,0.193614664312,0.0358187429413,0.0358187429413,0,0.0552573902844,0.684035076664,1.46191333473,0,0,0.341011999403,0.258639385491,0.294458128433,0.215549514696,0.516844721826,0.76983885538,0.700294607254,0.245063246384,0.609803567312,0.604139421408,-0.191706342725,0.583263399429,0.00162923876794,0,1,11.4591588817,2.70894829315,0,3.17276265921e-17,0,1.33226762955e-15,0,B0: targeted tax-transfer comparator,ok,fast,B0
23,2050,0.86842756131,2.53741469604,2.53741469604,6.87905432979,3.69285253879,1.45536027065,0.0204969349607,0.163154770571,0.496899664221,0.241710689033,6.61755823544,0,0,0,0,0.259372532524,0,0,0.0797953020703,0.202473772148,0.0360040147835,0.0360040147835,0,0.0555471627189,0.684174200644,1.46161606073,0,0,0.3420495697,0.259372532524,0.295376547308,0.215581245238,0.517312612996,0.770144424959,0.700797353829,0.245285355027,0.63053256511,0.624780349791,-0.16094813317,0.602994681427,0.0016355591167,0,1,12.2243156764,2.71104850954,0,-3.00641039132e-16,-9.01923117397e-17,1.33226762955e-15,0,B0: targeted tax-transfer comparator,ok,fast,B0
24,2051,0.873144546918,2.62458121677,2.62458121677,7.10094836559,3.89755368881,1.48501927237,0.0203791475668,0.160890617479,0.49416700447,0.241828613673,6.85520357844,0,0,0,0,0.259946211487,0,0,0.0804658515988,0.211189162698,0.0361257709552,0.0361257709552,0,0.0557289128478,0.684366856402,1.46120460195,0,0,0.342859432807,0.259946211487,0.296071982442,0.215606130843,0.517648508563,0.770370727018,0.701175504282,0.245452379886,0.6521142436,0.64625249346,-0.129273450599,0.623245889175,0.00163982546382,0,1,12.9954768491,2.70555482155,0,1.13940498402e-16,2.84851246004e-17,1.33226762955e-15,0,B0: targeted tax-transfer comparator,ok,fast,B0
25,2052,0.876670539484,2.71517180932,2.71517180932,7.31558230646,4.11388480787,1.51514714235,0.0202878646348,0.159198141048,0.492124314759,0.241916763487,7.10073694015,0,0,0,0,0.260398973095,0,0,0.0809728974166,0.219855328384,0.0361993449754,0.0361993449754,0,0.0558305317204,0.684578356601,1.4607531634,0,0,0.3434965457,0.260398973095,0.296598318071,0.215625420654,0.517885798663,0.770538557132,0.701459573694,0.245577672939,0.67458720816,0.66856619742,-0.0969027111806,0.64467194487,0.00164276718188,0,1,13.7720997684,2.69433495197,0,-1.07948868427e-16,-2.69872171068e-17,1.33226762955e-15,0,B0: targeted tax-transfer comparator,ok,fast,B0
26,2053,0.87930018792,2.80922351203,2.80922351203,7.52550342337,4.34244108498,1.545779845,0.020217642097,0.157935909798,0.490600898103,0.241982504698,7.35447566544,0,0,0,0,0.260757302081,0,0,0.081357163375,0.228550456225,0.0362401236478,0.0362401236478,0,0.0558789599658,0.684786976882,1.4603081451,0,0,0.343999055032,0.260757302081,0.296997425729,0.215640262354,0.518050669868,0.770663139209,0.701672710297,0.245671443761,0.697932890432,0.691735051959,-0.0640053654833,0.667009948896,0.00164485001114,0,1,14.553779322,2.67885534603,0,-1.02267181329e-16,-2.55667953323e-17,1.33226762955e-15,0,B0: targeted tax-transfer comparator,ok,fast,B0
27,2054,0.881257984548,2.90679216944,2.90679216944,7.73278466501,4.58386353954,1.57694918396,0.020164151487,0.156996167417,0.489466700866,0.242031449614,7.61674224801,0,0,0,0,0.261036903958,0,0,0.0816448722564,0.23732467535,0.0362595373905,0.0362595373905,0,0.055893912645,0.68498022404,1.45989616182,0,0,0.344390151577,0.261036903958,0.297296441349,0.215651569092,0.518166947301,0.770756569717,0.701832961691,0.245741644245,0.722156724168,0.715773490307,-0.030716376738,0.690157145991,0.00164629957232,0,1,15.3402154014,2.66024683371,0,-2.42202459792e-16,-1.93761967833e-16,1.33226762955e-15,0,B0: targeted tax-transfer comparator,ok,fast,B0
28,2055,0.882713717217,3.00794976627,3.00794976627,7.93909281315,4.83883770269,1.60868301623,0.0201235604795,0.156297415736,0.488623360987,0.24206784293,7.88786562469,0,0,0,0,0.261254888934,0,0,0.0818601385064,0.246231184487,0.0362653995023,0.0362653995023,0,0.0558886743345,0.685151778257,1.45953062042,0,0,0.344694292882,0.261254888934,0.297520288436,0.21566014993,0.518248353119,0.770827205356,0.701953778244,0.245794242406,0.747275495351,0.74069347461,0.00286337826142,0.713996380999,0.0016473174481,0,1,16.1311875544,2.6393701458,0,-4.58880042209e-17,-4.58880042209e-17,1.33226762955e-15,0,B0: targeted tax-transfer comparator,ok,fast,B0
29,2056,0.883795107144,3.1127821263,3.1127821263,8.14575934256,5.10809422996,1.64100602699,0.0200928401845,0.155778348571,0.487996886587,0.242094877679,8.16818229532,0,0,0,0,0.261424361669,0,0,0.0820210816406,0.255313756911,0.0362633645495,0.0362633645495,0,0.0558726346671,0.68529960144,1.45921579102,0,0,0.344930195046,0.261424361669,0.297687726218,0.215666644577,0.518305047514,0.770881145932,0.702045182869,0.245833708264,0.773309716961,0.766516530272,0.0366585926981,0.738896636249,0.00164803648517,0,1,16.9265354683,2.61687423406,0,4.34691677422e-17,8.69383354844e-17,1.33226762955e-15,0,B0: targeted tax-transfer comparator,ok,fast,B0
30,2057,0.884597849001,3.22138701277,3.22138701277,8.35384571833,5.39240998063,1.67394043598,0.0200696453609,0.155393032479,0.487531839511,0.242114946225,8.45803730097,0,0,0,0,0.261555740167,0,0,0.0821413340023,0.264609026567,0.0362571423421,0.0362571423421,0,0.0558517899462,0.685424203542,1.45895052266,0,0,0.345112677529,0.261555740167,0.297812882509,0.215671548507,0.518344340596,0.770922841855,0.702114639533,0.245863383286,0.800283066404,0.793267073656,0.0706131937743,0.764695097039,0.0016485474429,0,1,17.7261440791,2.59324498585,0,-2.47063490042e-16,-4.11772483403e-17,1.33226762955e-15,0,B0: targeted tax-transfer comparator,ok,fast,B0
31,2058,0.885193430923,3.33387260964,3.33387260964,8.5641997682,5.69260940077,1.70750657488,0.0200521704204,0.155107153157,0.487186805016,0.242129835773,8.75778509037,0,0,0,0,0.26165731331,0,0,0.0822311364149,0.274148133353,0.0362490663718,0.0362490663718,0,0.0558297741686,0.685527465069,1.45873075982,0,0,0.345253482272,0.26165731331,0.297906379681,0.215675243267,0.51837147676,0.770955505467,0.702167702256,0.245885760777,0.828221957451,0.820972036088,0.104685531518,0.791342270582,0.00164891276125,0,1,18.5299322839,2.5688443354,0,-7.80115371678e-17,0,1.33226762955e-15,0,B0: targeted tax-transfer comparator,ok,fast,B0
32,2059,0.885635141644,3.45035633853,3.45035633853,8.77750245072,6.00956620483,1.74172335122,0.0200390305017,0.154895132011,0.486930911696,0.242140878541,9.06779030004,0,0,0,0,0.261735645569,0,0,0.0822981698199,0.283958011887,0.0362405457985,0.0362405457985,0,0.0558086617945,0.685611891272,1.45855113181,0,0,0.345361872884,0.261735645569,0.297976191368,0.215678021548,0.518390131334,0.770981460491,0.702208500946,0.245902698214,0.857155209967,0.849660576293,0.138844734058,0.819012697605,0.00164917553526,0,1,19.3378444251,2.54394085408,0,3.69485246284e-17,7.38970492568e-17,1.33226762955e-15,0,B0: targeted tax-transfer comparator,ok,fast,B0
33,2060,0.885962639835,3.57096395901,3.57096395901,8.99430566139,6.34420516468,1.77660856774,0.0200291375219,0.154737932879,0.486741184357,0.242149065996,9.38842846941,0,0,0,0,0.261796227101,0,0,0.0823484980244,0.294063518524,0.0362323842724,0.0362323842724,0,0.0557895254782,0.685680178671,1.45840587362,0,0,0.345445542592,0.261796227101,0.298028611373,0.215680113349,0.518402615909,0.771002349196,0.702240068974,0.245915565187,0.887113799717,0.87936388076,0.173068295811,0.847660004844,0.00164936939166,0,1,20.1498438885,2.51873325092,0,-6.99991879712e-17,3.49995939856e-17,1.33226762955e-15,0,B0: targeted tax-transfer comparator,ok,fast,B0
34,2061,0.886205405265,3.69582890193,3.69582890193,9.21506226155,6.69750462972,1.81217929927,0.0200217043715,0.154621405473,0.486600544683,0.242155135132,9.72008670842,0,0,0,0,0.261842986744,0,0,0.0823863266862,0.304485767291,0.0362250250055,0.0362250250055,0,0.0557728582766,0.685734950171,1.45828938681,0,0,0.345510009875,0.261842986744,0.29806801175,0.215681685063,0.518410857411,0.771019380276,0.702264676751,0.245925385205,0.918130668971,0.910114961541,0.207339434888,0.877315859359,0.00164951467717,0,1,20.965908303,2.49336820131,0,-1.65766667738e-16,1.3261333419e-16,1.33226762955e-15,0,B0: targeted tax-transfer comparator,ok,fast,B0
35,2062,0.88638533205,3.82509179101,3.82509179101,9.44014964083,7.07049921622,1.84845216861,0.0200161591925,0.154535040616,0.486496308901,0.242159633301,10.0631643314,0,0,0,0,0.261878772862,0,0,0.0824145291184,0.315243138791,0.0362186138439,0.0362186138439,0,0.0557586943924,0.685778547744,1.45819667776,0,0,0.345559281835,0.261878772862,0.298097386706,0.215682857587,0.518416416138,0.771033485208,0.702284054254,0.245932933159,0.95024059329,0.941948556055,0.241645380419,0.908013745312,0.00164962233461,0,1,21.7860259483,2.46795375291,0,6.28087488973e-17,9.42131233459e-17,1.33226762955e-15,0,B0: targeted tax-transfer comparator,ok,fast,B0
36,2063,0.886518669972,3.95890011519,3.95890011519,9.66988804862,7.46428226835,1.88544344418,0.0200120274669,0.154471038414,0.486419063134,0.242162966749,10.4180734684,0,0,0,0,0.261906148911,0,0,0.0824355548308,0.326354127516,0.0362131371655,0.0362131371655,0,0.0557468368389,0.685812992853,1.45812343951,0,0,0.345596925751,0.261906148911,0.298119286077,0.215683731246,0.51842012052,0.771045341069,0.702299479166,0.245938781535,0.983480094228,0.974901096091,0.275976810903,0.939788879322,0.00164970258752,0,1,22.6101930697,2.4425693418,0,-1.18990465228e-16,-1.48738081534e-16,1.33226762955e-15,0,B0: targeted tax-transfer comparator,ok,fast,B0
37,2064,0.886617473776,4.09740802071,4.09740802071,9.90455477076,7.8800087951,1.92316917311,0.0200089422207,0.154423612587,0.486361823786,0.242165436844,10.7852396636,0,0,0,0,0.261927170718,0,0,0.0824513467916,0.337836809662,0.0362085597039,0.0362085597039,0,0.0557370769703,0.685840037925,1.4580659406,0,0,0.345625791501,0.261927170718,0.298135730422,0.21568438363,0.518422464175,0.771055421999,0.702311883806,0.24594334897,1.01788737562,1.00901063621,0.310327043514,0.972678079738,0.00164976423397,0,1,23.4384118736,2.41727324218,0,-1.12712871622e-16,0,1.33226762955e-15,0,B0: targeted tax-transfer comparator,ok,fast,B0
38,2065,0.886690682963,4.24077619828,4.24077619828,10.1443950482,8.31889883452,1.96164533226,0.0200066430363,0.154388472178,0.486319411997,0.242167267074,11.165102466,0,0,0,0,0.261943242161,0,0,0.0824631795322,0.349707888995,0.0362048071731,0.0362048071731,0,0.0557291661206,0.685861166552,1.45802102345,0,0,0.345647833328,0.261943242161,0.298148049334,0.215684869802,0.518423935787,0.771064091563,0.702321972235,0.245946949455,1.053502288,1.04431681299,0.344691070201,1.00671970383,0.00164981139654,0,1,24.2706890327,2.39210808915,0,-5.33831723025e-17,-5.33831723025e-17,1.33226762955e-15,0,B0: targeted tax-transfer comparator,ok,fast,B0
39,2066,0.886744925089,4.38917184573,4.38917184573,10.3896304634,8.78224092369,2.00088791972,0.0200049350491,0.154362435957,0.486287988269,0.242168623127,11.5581160206,0,0,0,0,0.261955457636,0,0,0.0824719923762,0.361983746999,0.0362017657042,0.0362017657042,0,0.0557228144361,0.685877595444,1.45798609933,0,0,0.345664570813,0.261955457636,0.29815722334,0.215685230964,0.518424877276,0.771071631211,0.70233027766,0.245949818886,1.09036631377,1.08086085059,0.379065141933,1.04195364699,0.00164984685086,0,1,25.1070345706,2.3671049639,0,0,1.01133460972e-16,1.33226762955e-15,0,B0: targeted tax-transfer comparator,ok,fast,B0
40,2067,0.886785112721,4.54276869071,4.54276869071,10.6404653718,9.27139574035,2.04091301398,0.0200036663039,0.154343145894,0.486264706637,0.242169627818,11.9647496624,0,0,0,0,0.261964732516,0,0,0.0824785551835,0.374680998142,0.0361993219138,0.0361993219138,0,0.0557177526089,0.685890313005,1.45795906581,0,0,0.345677267806,0.261964732516,0.29816405443,0.215685499246,0.518425466533,0.771078249346,0.702337196216,0.245952131718,1.12852256965,1.11868557413,0.413446541547,1.07842134317,0.00164987349512,0,1,25.9474610315,2.34228641083,0,-9.57977034498e-17,-9.57977034498e-17,1.33226762955e-15,0,B0: targeted tax-transfer comparator,ok,fast,B0
41,2068,0.886814886688,4.70174706168,4.70174706168,10.8970918299,9.78780003698,2.08173683284,0.0200027235759,0.15432885439,0.486247457883,0.242170372167,12.3854885185,0,0,0,0,0.261971762433,0,0,0.0824834410484,0.387816276586,0.0361973772069,0.0361973772069,0,0.0557137516024,0.685900119633,1.45793822071,0,0,0.345686883716,0.261971762433,0.29816913964,0.215685698592,0.518425826654,0.771084102402,0.702343024093,0.24595401745,1.16801582158,1.15783542443,0.447833293604,1.11616576977,0.00164989347088,0,1,26.7919828612,2.31766866378,0,-4.5371708471e-17,1.36115125413e-16,1.33226762955e-15,0,B0: targeted tax-transfer comparator,ok,fast,B0
42,2069,0.886836945014,4.86629399787,4.86629399787,11.1596933731,10.3329708175,2.12337578083,0.0200020229936,0.154318266393,0.486234678981,0.242170923625,12.8208341194,0,0,0,0,0.261977081987,0,0,0.0824870774544,0.401406369918,0.0361958422015,0.0361958422015,0,0.0557106110868,0.68590765644,1.45792220077,0,0,0.34569415473,0.261977081987,0.298172924189,0.215685846734,0.518426039596,0.771089309812,0.702347984284,0.245955572617,1.20889250949,1.1983564868,0.482223959514,1.15523147429,0.00164990841992,0,1,27.6406159461,2.29326328783,0,1.71911531618e-16,0,1.33226762955e-15,0,B0: targeted tax-transfer comparator,ok,fast,B0
43,2070,0.886853286897,5.03660339118,5.03660339118,11.428447914,10.9085097589,2.16584648654,0.0200015023672,0.154310422289,0.486225211747,0.242171332172,13.2713050251,0,0,0,0,0.261981101421,0,0,0.0824897832384,0.415468321997,0.0361946386419,0.0361946386419,0,0.0557081602286,0.685913431964,1.45790992478,0,0,0.345699644976,0.261981101421,0.298175740062,0.215685956824,0.518426159418,0.771093964251,0.702352245959,0.245956869517,1.25120078109,1.240296528,0.516617490172,1.19566460972,0.00164991959472,0,1,28.4933772706,2.26907839002,0,-3.25682770362e-16,-4.07103462953e-17,1.33226762955e-15,0,B0: targeted tax-transfer comparator,ok,fast,B0
44,2071,0.886865393632,5.21287615471,5.21287615471,11.7035299701,11.516107889,2.20916583231,0.020001115517,0.154304611056,0.486218198033,0.242171634841,13.7374374642,0,0,0,0,0.261984134545,0,0,0.0824917960987,0.430019516842,0.0361937001801,0.0361937001801,0,0.0557062568615,0.68591784643,1.45790054189,0,0,0.345703785434,0.261984134545,0.298177834725,0.215686038626,0.518426221418,0.771098139737,0.702355938534,0.24595796259,1.29499053256,1.2837050392,0.551013119522,1.23751297639,0.00164992794297,0,1,29.350284661,2.2451195123,0,-1.15687317485e-16,0,1.33226762955e-15,0,B0: targeted tax-transfer comparator,ok,fast,B0
45,2072,0.886874362725,5.3953204137,5.3953204137,11.9851123816,12.157550533,2.25335097841,0.0200008281187,0.154300305892,0.486213002028,0.242171859068,14.2197859912,0,0,0,0,0.261986420711,0,0,0.0824932931675,0.44507774862,0.036192971855,0.036192971855,0,0.0557047848191,0.68592121284,1.4578933867,0,0,0.345706904456,0.261986420711,0.298179392566,0.215686099398,0.518426248439,0.771101896222,0.702359161929,0.24595889307,1.34031345509,1.32863328412,0.58541028754,1.28082606939,0.00164993417759,0,1,30.2113565959,2.22139029059,-1.11022302463e-16,3.65278522712e-17,3.65278522712e-17,1.33226762955e-15,0,B0: targeted tax-transfer comparator,ok,fast,B0
46,2073,0.886881007304,5.584151716,5.584151716,12.2733676406,12.8347225451,2.29841938362,0.0200006149248,0.154297116494,0.486209152669,0.242172025183,14.7189241618,0,0,0,0,0.261988145821,0,0,0.0824944102274,0.460661302432,0.0361924088865,0.0361924088865,0,0.0557036504635,0.685923774521,1.45788794199,0,0,0.345709256621,0.261988145821,0.298180554707,0.21568614448,0.518426251942,0.771105282966,0.702361993667,0.245959692272,1.38722308612,1.37513435136,0.619808589339,1.32565513037,0.0016499389324,0,1,31.076612065,2.19789294146,2.22044604925e-16,0,-6.92012169782e-17,1.33226762955e-15,0,B0: targeted tax-transfer comparator,ok,fast,B0
47,2074,0.886885929791,5.77959325962,5.77959325962,12.5684689265,13.5496138271,2.34438882089,0.0200004566614,0.154294753701,0.486206300958,0.242172148245,15.2354452277,0,0,0,0,0.261989445421,0,0,0.0824952424659,0.476788947306,0.0361919749908,0.0361919749908,0,0.0557027786814,0.685925719833,1.45788380736,0,0,0.345711027661,0.261989445421,0.298181420411,0.215686177946,0.518426243514,0.771108341703,0.702364495264,0.245960384398,1.43577486607,1.42326321205,0.654207723304,1.37205320486,0.00164994252171,0,1,31.9460704633,2.17462862211,0,6.55500910233e-17,-3.27750455117e-17,1.33226762955e-15,0,B0: targeted tax-transfer comparator,ok,fast,B0
48,2075,0.886889576492,5.98187613578,5.98187613578,12.8705909168,14.3043251663,2.39127739218,0.0200003390529,0.154293003284,0.486204188339,0.242172239412,15.7699628537,0,0,0,0,0.261990422105,0,0,0.082495861122,0.493480022946,0.0361916418319,0.0361916418319,0,0.0557021109309,0.685927194526,1.45788067302,0,0,0.345712358045,0.261990422105,0.298182063937,0.215686202815,0.518426230532,0.771111107868,0.702366715894,0.245960988254,1.48602619772,1.47307677937,0.688607466199,1.42007520097,0.0016499451929,0,1,32.8197515135,2.15159769689,0,-3.10457994129e-17,-3.10457994129e-17,1.33226762955e-15,0,B0: targeted tax-transfer comparator,ok,fast,B0
49,2076,0.886892278053,6.19123958621,6.19123958621,13.1799104296,15.101074403,2.43910354183,0.0200002516657,0.154291706535,0.486202623261,0.242172306951,16.323111856,0,0,0,0,0.261991155313,0,0,0.0824963209051,0.510754487704,0.0361913868854,0.0361913868854,0,0.0557016009888,0.685928310833,1.45787830041,0,0,0.345713356369,0.261991155313,0.298182542198,0.215686221293,0.518426216234,0.771113612037,0.702368695097,0.245961518511,1.53803650966,1.52463397217,0.723007655327,1.46977795232,0.00164994717959,0,1,33.697675208,2.12879993514,0,-8.82233670264e-17,2.94077890088e-17,1.33226762955e-15,0,B0: targeted tax-transfer comparator,ok,fast,B0
50,2077,0.886894279428,6.40793127389,6.40793127389,13.4966069367,15.9422029422,2.48788606818,0.0200001867552,0.154290745874,0.486201463818,0.242172356986,16.8955489646,0,0,0,0,0.261991705327,0,0,0.0824966625611,0.528632944017,0.0361911922536,0.0361911922536,0,0.0557012124021,0.68592915473,1.45787650679,0,0,0.345714104971,0.261991705327,0.29818289758,0.215686235019,0.518426202331,0.771115880775,0.702370465074,0.24596198674,1.59186732343,1.57799578215,0.757408171862,1.52122028428,0.0016499486579,0,1,34.5798617653,2.10623465824,0,-3.89986814273e-16,-5.57124020389e-17,1.33226762955e-15,0,B0: targeted tax-transfer comparator,ok,fast,B0
1,2028,0.0144755795665,1.00257665043,1.03366772825,1.03366772825,0.982525117425,0.98,-0.02,0.573051721808,0.961787791753,0.220361889489,3.04092968505,0,0,0,0,0.309077309048,0,0,0.110810366992,0.111095886572,0.0331845457303,0.0331845457303,0,0.0543410828172,0.643855956933,1.55314242143,0,0,0.396436891529,0.309077309048,0.342261854778,0.231451487786,0.34316605924,0.739790432561,0.668433832825,0.232045189261,0.446098017169,0.256140835801,-0.767995736992,0.39919788989,0.00370605679252,0,1,0.201086106418,1,-0.030078406212,-1.129969102e-16,-8.47476826497e-17,1.33226762955e-15,0,B2: universal transfer + residual tax,ok,fast,B2
2,2029,0.0332822997251,1.08165888446,1.08175418409,1.08175418409,1.03882519263,0.9604,-0.02,0.564024496132,0.980632389028,0.220832057493,3.09733886091,0,0,0,0,0.198172258156,0,0,0.0739394546697,0.0799772680555,0.10027677112,0.10027677112,0,0.164668464146,0.709238369449,1.40996319866,0,0,0.254338310581,0.198172258156,0.298449029277,0.224509574607,0.3803537173,0.731498554492,0.655696904349,0.226254868181,0.52248971871,0.272021171342,-0.697058562028,0.454642053417,0.00419066269841,0,1,0.42043931615,1,-8.80973063166e-05,-5.34364699902e-17,1.33591174975e-16,1.33226762955e-15,0,B2: universal transfer + residual tax,ok,fast,B2
3,2030,0.0574191154862,1.14399606922,1.14399606922,1.14399606922,1.10311014835,0.964260435883,0.00401961253931,0.552438824567,0.966735767532,0.221435477887,3.16481984554,0,0,0,0,0.215712756447,0,0,0.0805137922409,0.0921074618416,0.0839202614073,0.0839202614073,0,0.125646678421,0.751826985741,1.33009325146,0,0,0.277064713739,0.215712756447,0.299633017854,0.219119225613,0.380534864778,0.726740085239,0.648514095425,0.222809431911,0.542089688392,0.285628780996,-0.648856264397,0.489084575111,0.00415381965451,0,1,0.657174483436,1,0,-2.01289603995e-16,7.54836014981e-17,1.33226762955e-15,0,B2: universal transfer + residual tax,ok,fast,B2
4,2031,0.0879151555569,1.22377174767,1.22377174767,1.22377174767,1.1967571523,0.977925135607,0.0141711712057,0.537800725333,0.949068700429,0.222197878889,3.24685014138,0,0,0,0,0.24953792672,0,0,0.094532938858,0.115686739799,0.0619209179877,0.0619209179877,0,0.0893524834739,0.754916966674,1.32464899339,0,0,0.320824435864,0.24953792672,0.311458844707,0.216925905849,0.37570330801,0.724565734371,0.645170110835,0.221167290887,0.559794964226,0.304303520322,-0.586272343591,0.521750719149,0.00378278248737,0,1,0.918129284452,1,0,-3.71077130392e-16,-9.27692825981e-17,1.33226762955e-15,0,B2: universal transfer + residual tax,ok,fast,B2
5,2032,0.125692255092,1.3266398296,1.3266398296,1.3266398296,1.31972530869,0.994787944133,0.0172434554678,0.519667717556,0.927183545803,0.223142306377,3.34806860421,0,0,0,0,0.247584890402,0,0,0.0927620495457,0.123061829603,0.0614479041829,0.0614479041829,0,0.0897605287831,0.746023908981,1.34043961321,0,0,0.318700442094,0.247584890402,0.309032794585,0.216270745039,0.385432983468,0.723785632293,0.643668301836,0.220383063715,0.599362931757,0.329537946221,-0.516150057574,0.557455694396,0.00425862911748,0,1,1.21245007846,1,0,-4.20626556645e-17,1.26187966993e-16,1.33226762955e-15,0,B2: universal transfer + residual tax,ok,fast,B2
6,2033,0.171360273177,1.45948880203,1.45948880203,1.45948880203,1.48028630607,1.01424985516,0.0195638790559,0.497747068875,0.900726998065,0.224284006829,3.4745244844,0,0,0,0,0.241842655783,0,0,0.0967860055945,0.141258091359,0.0707218846525,0.0707218846525,0,0.106331821999,0.735827431827,1.35901429703,0,0,0.311767009979,0.241842655783,0.312564540436,0.215778534842,0.393979897094,0.722942618688,0.642578467698,0.21984871967,0.657630601798,0.362108644293,-0.431581707323,0.603964637051,0.00415319431578,0,1,1.55221118734,1,0,0,0,1.33226762955e-15,0,B2: universal transfer + residual tax,ok,fast,B2
7,2034,0.224966092576,1.59997212018,1.59997212018,1.63044442184,1.6574153266,1.03590262961,0.0213485605555,0.472016275563,0.869671896936,0.225624152314,3.62704536868,0,0,0,0,0.254033280884,0,0,0.106767618946,0.170825213652,0.0681358263459,0.0681358263459,0,0.103677658892,0.725324916783,1.37869246852,0,0,0.328049075449,0.254033280884,0.32216910723,0.215401488284,0.398559841255,0.722780525631,0.64263811353,0.219864017468,0.703903840957,0.396346157627,-0.349492048248,0.648551435495,0.00389540890329,0,1,1.94555793554,1.0190455204,2.22044604925e-16,-2.00955609643e-16,-1.67463008036e-16,1.33226762955e-15,0,B2: universal transfer + residual tax,ok,fast,B2
8,2035,0.285757724698,1.64149142006,1.64149142006,1.84701659021,1.73982833018,1.05990705094,0.0231724687712,0.442836292145,0.834453886942,0.227143943117,3.7822774803,0,0,0,0,0.322659274832,0,0,0.131357557153,0.215622303025,0.0237157957063,0.0237157957063,0,0.0343225978217,0.714683181961,1.39922139661,0,0,0.417489481979,0.322659274832,0.346375070538,0.215017513386,0.385285052948,0.725671582358,0.646390084227,0.22150488763,0.674939890631,0.405376353931,-0.326202421904,0.657028354306,0.00329573796947,0,1,2.37320034692,1.12520636273,0,-3.82873300325e-16,6.38122167208e-17,1.33226762955e-15,0,B2: universal transfer + residual tax,ok,fast,B2
9,2036,0.352061761364,1.68289415707,1.68289415707,2.11024696487,1.82524063005,1.08458432896,0.02328249255,0.411010354545,0.796042412461,0.228801544034,3.94038961307,0,0,0,0,0.331333401068,0,0,0.139767586878,0.235214055303,0.0234285804185,0.0234285804185,0,0.0343911059163,0.704668098434,1.41910780724,0,0,0.429634419656,0.331333401068,0.354761981487,0.214994394609,0.392443626278,0.729237861361,0.650717929659,0.223396021603,0.668479924979,0.415247169776,-0.309918018211,0.662258729375,0.00314250391873,0,1,2.83777032647,1.25393920706,0,-3.04130591426e-16,6.08261182851e-17,1.33226762955e-15,0,B2: universal transfer + residual tax,ok,fast,B2
10,2037,0.421371924532,1.72476336033,1.72476336033,2.42197364858,1.91464616649,1.11009209178,0.0235184689047,0.377741476225,0.755889418801,0.230534298113,4.10158334697,0,0,0,0,0.339298749857,0,0,0.149229632821,0.257385802965,0.0248757097394,0.0248757097394,0,0.0370304738022,0.696638914072,1.43546388208,0,0,0.440953702062,0.339298749857,0.364174459596,0.214944826775,0.399437646287,0.73287255582,0.655085119422,0.22531497988,0.666248269506,0.425137520079,-0.296383867881,0.657468319542,0.00286872515651,0,1,3.34050368262,1.40423533123,0,5.79858066757e-17,-5.79858066757e-17,1.33226762955e-15,0,B2: universal transfer + residual tax,ok,fast,B2
11,2038,0.490682087701,1.76784327787,1.76784327787,2.77906915179,2.00881871697,1.13631040835,0.0236181455278,0.344472597904,0.715736425142,0.232267052193,4.26610009304,0,0,0,0,0.34727743902,0,0,0.158267686111,0.279792464995,0.0259141432338,0.0259141432338,0,0.0390284536317,0.689894927058,1.44949609104,0,0,0.452341455466,0.34727743902,0.373191582254,0.214923896143,0.406435156209,0.736415830553,0.659318211904,0.227182577095,0.66572881208,0.435352640311,-0.284142841124,0.655306993561,0.00262887443203,0,1,3.88106115646,1.57201104113,0,0,8.29011857997e-17,1.33226762955e-15,0,B2: universal transfer + residual tax,ok,fast,B2
12,2039,0.556986124366,1.81292328722,1.81292328722,3.17274870368,2.10818357276,1.16286419156,0.023368423818,0.312646660304,0.677324950661,0.233924653109,4.43422153853,0,0,0,0,0.353114188768,0,0,0.165141349781,0.299388598702,0.0270035027486,0.0270035027486,0,0.0410775780358,0.684381664749,1.46117298506,0,0,0.460939240769,0.353114188768,0.380117691517,0.214976341735,0.414625480405,0.739851847197,0.663350412184,0.228961470784,0.665431177343,0.446234582145,-0.272944765584,0.653701967121,0.00253800922611,0,1,4.45761745885,1.75007333517,0,-2.63312701743e-16,-7.89938105229e-17,1.33226762955e-15,0,B2: universal transfer + residual tax,ok,fast,B2
13,2040,0.617777756488,1.86071648969,1.86071648969,3.58949828898,2.21351020912,1.18960100659,0.0229922077098,0.283466676886,0.642106940667,0.235444443912,4.60626360542,0,0,0,0,0.357326648046,0,0,0.170649403563,0.317530159165,0.0283781570551,0.0283781570551,0,0.0435370427716,0.680194524189,1.4701676718,0,0,0.467365183865,0.357326648046,0.385704805101,0.215055401539,0.422898794766,0.743059497719,0.667057023131,0.23059595282,0.664397836725,0.457878403049,-0.261590388948,0.654045381323,0.00251811584178,0,1,5.06718467704,1.92909468415,2.22044604925e-16,1.00313341231e-16,5.01566706154e-17,1.33226762955e-15,0,B2: universal transfer + residual tax,ok,fast,B2
14,2041,0.671383575888,1.91177293663,1.91177293663,4.01353627231,2.32570769607,1.21651878814,0.022627571258,0.257735883574,0.611051839538,0.236784589397,4.78256615891,0,0,0,0,0.360860598606,0,0,0.175477195129,0.335472552643,0.0297486799742,0.0297486799742,0,0.0459523968637,0.677129056289,1.47682334809,0,0,0.472816184779,0.360860598606,0.39060927858,0.215132083452,0.43018939058,0.745912494682,0.670330134463,0.232040108625,0.668939731339,0.470352305068,-0.248689396291,0.655827931433,0.00249925309555,0,1,5.70606385487,2.09937916549,0,0,-4.77369974956e-17,1.33226762955e-15,0,B2: universal transfer + residual tax,ok,fast,B2
15,2042,0.717051593972,1.96644689762,1.96644689762,4.42988732393,2.44551503438,1.24362119177,0.0222786560318,0.235815234893,0.5845952918,0.237926289849,4.96348160391,0,0,0,0,0.363931746363,0,0,0.179681215314,0.353333568415,0.0309549794075,0.0309549794075,0,0.0480700170654,0.67491105218,1.48167672876,0,0,0.477554521978,0.363931746363,0.394886725771,0.215205510456,0.436261332574,0.74835540642,0.673126079445,0.233275125935,0.674613147286,0.483739927369,-0.233390840323,0.656600139056,0.00247846000045,0,1,6.37030068998,2.25273681649,2.22044604925e-16,-3.63186652797e-16,9.07966631993e-17,1.33226762955e-15,0,B2: universal transfer + residual tax,ok,fast,B2
16,2043,0.754828693508,2.02491253885,2.02491253885,4.82687792523,2.57375221699,1.27104364638,0.0220504883565,0.217682227116,0.562710137174,0.238870717338,5.14936501838,0,0,0,0,0.367304321512,0,0,0.18404146664,0.372667873468,0.031990699141,0.031990699141,0,0.0498854148294,0.67327431381,1.48527870363,0,0,0.482578097938,0.367304321512,0.399295020653,0.215253554014,0.440269369749,0.75031041893,0.675393779181,0.234281222002,0.68603961248,0.498010626108,-0.214683991861,0.664953567186,0.00237240265507,0,1,7.05605400296,2.38374637552,0,0,-1.29409080326e-16,1.33226762955e-15,0,B2: universal transfer + residual tax,ok,fast,B2
17,2044,0.785324733578,2.08720782699,2.08720782699,5.19732004457,2.71074049846,1.29874009833,0.0217903232707,0.203044127882,0.545043070071,0.239633118339,5.34056723748,0,0,0,0,0.370291691038,0,0,0.18774189846,0.391856359919,0.0327585686279,0.0327585686279,0,0.0512453049298,0.672008714038,1.48807594174,0,0,0.486990819786,0.370291691038,0.403050259666,0.215308361206,0.443199817667,0.751855855193,0.677202300949,0.235086435818,0.70424463633,0.513263279989,-0.192917550888,0.678744552246,0.00227565936321,0,1,7.75983842394,2.49008267282,0,2.45738688434e-16,8.19128961445e-17,1.33226762955e-15,0,B2: universal transfer + residual tax,ok,fast,B2
18,2045,0.809461549339,2.15328566196,2.15328566196,5.53838370548,2.8568688968,1.32674867402,0.0215659589876,0.191458456317,0.531060049892,0.240236538733,5.53743109757,0,0,0,0,0.373058424352,0,0,0.191138910948,0.411576676386,0.0334361355042,0.0334361355042,0,0.0524376884092,0.671071708667,1.49015371544,0,0,0.491019170269,0.373058424352,0.406494559856,0.215355648908,0.444955093401,0.753023426803,0.678659097334,0.235709730961,0.722519186503,0.529445369766,-0.168206005861,0.691316304321,0.00215209680425,0,1,8.47864672639,2.57206175815,0,-1.55446128574e-16,3.88615321435e-17,1.33226762955e-15,0,B2: universal transfer + residual tax,ok,fast,B2
19,2046,0.828268269498,2.2230584022,2.2230584022,5.85064540556,3.01224047546,1.35499835383,0.0212924123174,0.182431230641,0.520164878379,0.240706706737,5.74029029859,0,0,0,0,0.375106150385,0,0,0.193653541135,0.430503131737,0.0339607212976,0.0339607212976,0,0.0533589536579,0.670418503348,1.49160560904,0,0,0.494020102263,0.375106150385,0.409066871683,0.215413330547,0.446425794553,0.753922460118,0.679815397967,0.236194258251,0.743706828841,0.546598150365,-0.141385990379,0.710720710889,0.00207034115711,0,1,9.20998041809,2.63180013614,0,-2.21142309256e-16,-7.37141030852e-17,1.33226762955e-15,0,B2: universal transfer + residual tax,ok,fast,B2
20,2047,0.842743849065,2.29643016327,2.29643016327,6.13687659958,3.17707004174,1.38348210738,0.0210212458707,0.175482952449,0.511778837603,0.241068596227,5.94947007647,0,0,0,0,0.37650397437,0,0,0.195470834869,0.448885121232,0.0344374012827,0.0344374012827,0,0.0541778203333,0.670073923219,1.49237265524,0,0,0.496097503013,0.37650397437,0.410941375653,0.215470540784,0.447699229924,0.754620740306,0.680715253177,0.236570471703,0.76719487435,0.564671416316,-0.112971265108,0.732684031391,0.00201772087372,0,1,9.95182211456,2.6723549872,0,2.79558967234e-16,1.39779483617e-16,1.33226762955e-15,0,B2: universal transfer + residual tax,ok,fast,B2
21,2048,0.853781225432,2.37331690364,2.37331690364,6.40095922758,3.35172184,1.4122521248,0.0207953664646,0.170185011793,0.50538462811,0.241344530636,6.16528892604,0,0,0,0,0.377549409898,0,0,0.19685302607,0.467194614306,0.0348218358154,0.0348218358154,0,0.0548239251949,0.66997949174,1.49258300042,0,0,0.497655952068,0.377549409898,0.412371245713,0.215518219643,0.448669411106,0.755156254652,0.681407793095,0.23685930629,0.791603295224,0.583613742696,-0.0832251322435,0.755278169362,0.00197679716995,0,1,10.7025778849,2.69705205308,0,-1.32495842749e-16,6.62479213743e-17,1.33226762955e-15,0,B2: universal transfer + residual tax,ok,fast,B2
22,2049,0.862136705534,2.45365689682,2.45365689682,6.64709267561,3.5366139882,1.4413645171,0.0206141607302,0.166174381344,0.500544103658,0.241553417638,6.38806079961,0,0,0,0,0.378367465757,0,0,0.197902174833,0.485584036174,0.0350911930689,0.0350911930689,0,0.0552657815592,0.670044541756,1.4924380958,0,0,0.498871607515,0.378367465757,0.413458658826,0.215556483993,0.449384685043,0.755563061995,0.681936666425,0.237079267191,0.816326663545,0.603404316834,-0.0523961474194,0.77673308554,0.00194511813827,0,1,11.46100917,2.7090554854,0,-6.27845180916e-17,6.27845180916e-17,1.33226762955e-15,0,B2: universal transfer + residual tax,ok,fast,B2
23,2050,0.86842756131,2.53741469604,2.53741469604,6.87930126656,3.73220093587,1.47086754944,0.0204688210298,0.163154770571,0.496899664221,0.241710689033,6.61809740618,0,0,0,0,0.378995844898,0,0,0.198679110424,0.504131294587,0.0352704500297,0.0352704500297,0,0.0555500794471,0.670201135652,1.49208938452,0,0,0.499803754869,0.378995844898,0.414266294928,0.215587184504,0.449924398446,0.755872205777,0.682339689526,0.237246302163,0.841758130958,0.624034700766,-0.0207225662954,0.800579068279,0.00192260921948,0,1,12.2261659647,2.71114582779,0,0,-2.97471396557e-17,1.33226762955e-15,0,B2: universal transfer + residual tax,ok,fast,B2
24,2051,0.873144546918,2.62458121677,2.62458121677,7.10117963638,3.93905801084,1.50083296553,0.0203726134991,0.160890617479,0.49416700447,0.241828613673,6.85571039893,0,0,0,0,0.379602246945,0,0,0.199381088857,0.523291860795,0.0353863534131,0.0353863534131,0,0.0557260179508,0.67039231139,1.49166388547,0,0,0.500681315321,0.379602246945,0.414988600358,0.215607511501,0.450178265431,0.756094563627,0.682636611975,0.237369039882,0.868493487757,0.645484481366,0.0117206078376,0.826458154249,0.0018933180144,0,1,12.9973271375,2.70564293876,0,1.12739951691e-16,8.45549637682e-17,1.33226762955e-15,0,B2: universal transfer + residual tax,ok,fast,B2
25,2052,0.876670539484,2.71517180932,2.71517180932,7.31579850215,4.15772378126,1.53129307213,0.0202954674538,0.159198141048,0.492124314759,0.241916763487,7.10121335142,0,0,0,0,0.380120138156,0,0,0.199935484828,0.542859192086,0.0354391605743,0.0354391605743,0,0.0557978748521,0.670573754288,1.49126027317,0,0,0.501422693245,0.380120138156,0.41555929873,0.215623813903,0.450316635639,0.756255145898,0.682855577052,0.237459184336,0.897734829235,0.667775371264,0.0447241138457,0.85310442376,0.00186907431091,0,1,13.7739500568,2.69441457703,0,-1.60215985915e-16,-2.67026643191e-17,1.33226762955e-15,0,B2: universal transfer + residual tax,ok,fast,B2
26,2053,0.87930018792,2.80922351203,2.80922351203,7.52570524514,4.38874161413,1.562261456,0.0202236818211,0.157935909798,0.490600898103,0.241982504698,7.35492349203,0,0,0,0,0.380473237798,0,0,0.200304955423,0.562701390349,0.0354707033881,0.0354707033881,0,0.0558351424211,0.670746299545,1.49087665586,0,0,0.501932000457,0.380473237798,0.415943941186,0.215638985764,0.450466629261,0.756377807198,0.683022140154,0.237527286644,0.928383955467,0.690925984128,0.0780738934962,0.88121799732,0.00185572228692,0,1,14.5556296103,2.67892718857,0,0,-1.26485348448e-16,1.33226762955e-15,0,B2: universal transfer + residual tax,ok,fast,B2
27,2054,0.881257984548,2.90679216944,2.90679216944,7.73297287317,4.63271199287,1.59375411891,0.0201583818068,0.156996167417,0.489466700866,0.242031449614,7.617163205,0,0,0,0,0.380665315829,0,0,0.200510464664,0.582842248576,0.0354979375813,0.0354979375813,0,0.0558650414273,0.670921033571,1.49048837339,0,0,0.502217823728,0.380665315829,0.416163253411,0.215652788747,0.450661353274,0.756478333423,0.683154076101,0.237580741865,0.960151296717,0.71494888578,0.111626930841,0.910667849918,0.00185316439748,0,1,15.3420656898,2.66031158143,0,-4.79297235112e-17,9.58594470223e-17,1.33226762955e-15,0,B2: universal transfer + residual tax,ok,fast,B2
28,2055,0.882713717217,3.00794976627,3.00794976627,7.93926819115,4.8903524619,1.62580921954,0.0201129523325,0.156297415736,0.488623360987,0.24206784293,7.88826132427,0,0,0,0,0.380804886449,0,0,0.20066217134,0.603581731383,0.0355196774696,0.0355196774696,0,0.0558859278327,0.671094299689,1.49010355246,0,0,0.502426085101,0.380804886449,0.416324563919,0.215662392578,0.450808160305,0.75655846865,0.683257110284,0.237622118812,0.993197599995,0.739847630976,0.145368142659,0.941443181583,0.00185133610679,0,1,16.1330378428,2.63942845063,0,-1.81618487955e-16,-9.08092439777e-17,1.33226762955e-15,0,B2: universal transfer + residual tax,ok,fast,B2
29,2056,0.883795107144,3.1127821263,3.1127821263,8.14592267245,5.16241927994,1.65845827638,0.0200817269669,0.155778348571,0.487996886587,0.242094877679,8.16855425292,0,0,0,0,0.38092136853,0,0,0.200775818216,0.624971378337,0.0355234438307,0.0355234438307,0,0.0558784852754,0.671250122097,1.48975764336,0,0,0.502597696349,0.38092136853,0.416444812361,0.215668994144,0.450911070284,0.756621811915,0.683337285461,0.237654011745,1.02751887531,0.765645026993,0.17926789623,0.973538793863,0.00184998787255,0,1,16.9283857567,2.61692670477,0,8.60234680232e-17,-8.60234680232e-17,1.33226762955e-15,0,B2: universal transfer + residual tax,ok,fast,B2
30,2057,0.884597849001,3.22138701277,3.22138701277,8.35399776448,5.44970595164,1.69172655444,0.0200597618481,0.155393032479,0.487531839511,0.242114946225,8.45838694111,0,0,0,0,0.381016832506,0,0,0.200860962247,0.647050895154,0.0355177679215,0.0355177679215,0,0.0558574471403,0.671382271938,1.48946441066,0,0,0.502736965993,0.381016832506,0.416534600428,0.215673638181,0.450983032186,0.756672003355,0.683399817182,0.237678624025,1.06313600929,0.792367066332,0.213293252847,1.00695265601,0.00184898193962,0,1,17.7279943675,2.59329218482,0,0,0,1.33226762955e-15,0,B2: universal transfer + residual tax,ok,fast,B2
31,2058,0.885193430923,3.33387260964,3.33387260964,8.56434126711,5.75304891923,1.72563549747,0.0200439857956,0.155107153157,0.487186805016,0.242129835773,8.7581137521,0,0,0,0,0.38109301301,0,0,0.200924636728,0.66985714299,0.0355085975184,0.0355085975184,0,0.0558327021574,0.671490667994,1.48922397237,0,0,0.502847362251,0.38109301301,0.416601610529,0.215676973801,0.451033772236,0.756712083354,0.683448878149,0.237697706441,1.10007559701,0.820041545351,0.247414891072,1.04185133573,0.00184822803763,0,1,18.5317825723,2.5688867782,0,-7.71919752612e-17,3.85959876306e-17,1.33226762955e-15,0,B2: universal transfer + residual tax,ok,fast,B2
32,2059,0.885635141644,3.45035633853,3.45035633853,8.77763410491,6.07333202583,1.76020428905,0.0200324991178,0.154895132011,0.486930911696,0.242140878541,9.06809924207,0,0,0,0,0.381152734771,0,0,0.200972183147,0.69342564599,0.0354988509346,0.0354988509346,0,0.0558088754545,0.671577801559,1.48903075367,0,0,0.50293349249,0.381152734771,0.416651585706,0.215679402559,0.451069792378,0.756744436313,0.683487691752,0.237712606682,1.13836815591,0.84869803599,0.281609052388,1.07814471851,0.00184766212679,0,1,19.3396947135,2.54397901077,0,0,7.31211809204e-17,1.33226762955e-15,0,B2: universal transfer + residual tax,ok,fast,B2
33,2060,0.885962639835,3.57096395901,3.57096395901,8.99442813621,6.41148987086,1.79545073668,0.0200240664382,0.154737932879,0.486741184357,0.242149065996,9.38871887492,0,0,0,0,0.381199039772,0,0,0.201007648605,0.717791068655,0.0354897944431,0.0354897944431,0,0.0557877810198,0.671646920508,1.48887751803,0,0,0.503000026348,0.381199039772,0.416688834215,0.21568118561,0.451095469597,0.756770863936,0.683518704749,0.237724345082,1.1780481085,0.878367893705,0.315857320406,1.11574886458,0.00184723718366,0,1,20.1516941769,2.51876754833,0,-1.38529177709e-16,0,1.33226762955e-15,0,B2: universal transfer + residual tax,ok,fast,B2
34,2061,0.886205405265,3.69582890193,3.69582890193,9.21517618396,6.76851071633,1.83139179219,0.0200178455342,0.154621405473,0.486600544683,0.242155135132,9.7203596896,0,0,0,0,0.381234687139,0,0,0.201034082711,0.742987573155,0.0354818965818,0.0354818965818,0,0.0557699118749,0.671701237602,1.48875712001,0,0,0.503051092397,0.381234687139,0.416716583721,0.21568250101,0.451113832528,0.756792727552,0.683543758156,0.237733687356,1.21915364946,0.909084215009,0.350145737327,1.15470029762,0.00184691816004,0,1,20.9677585914,2.4933990259,0,-1.31222133926e-16,-1.31222133926e-16,1.33226762955e-15,0,B2: universal transfer + residual tax,ok,fast,B2
35,2062,0.88638533205,3.82509179101,3.82509179101,9.44025559941,7.14543931475,1.86804388108,0.0200132429568,0.154535040616,0.486496308901,0.242159633301,10.0634209337,0,0,0,0,0.381261995193,0,0,0.201053774265,0.769049141492,0.0354752533004,0.0354752533004,0,0.0557551734138,0.671743623181,1.48866318263,0,0,0.503090112306,0.381261995193,0.416737248493,0.215683474229,0.451126990516,0.756811047008,0.683564231903,0.237741205652,1.26172648455,0.940881780439,0.384463851857,1.19503885517,0.00184667876454,0,1,21.7878762367,2.46798145383,0,6.21500218934e-17,1.55375054734e-16,1.33226762955e-15,0,B2: universal transfer + residual tax,ok,fast,B2
36,2063,0.886518669972,3.95890011519,3.95890011519,9.66998659445,7.54337982861,1.90542312489,0.0200098317773,0.154471038414,0.486419063134,0.242162966749,10.4183146746,0,0,0,0,0.381282839086,0,0,0.201068436662,0.796009857063,0.0354697931063,0.0354697931063,0,0.0557432317748,0.6717765155,1.48859029294,0,0,0.503119829669,0.381282839086,0.416752632192,0.21568419553,0.45113643164,0.756826577604,0.683581159579,0.237747326863,1.30581155075,0.973797005465,0.418803891635,1.23680743372,0.00184649922329,0,1,22.6120433581,2.44259423402,0,5.88713839075e-17,2.94356919537e-17,1.33226762955e-15,0,B2: universal transfer + residual tax,ok,fast,B2
37,2064,0.886617473776,4.09740802071,4.09740802071,9.90464641881,7.96349891538,1.9435454988,0.020007300955,0.154423612587,0.486361823786,0.242165436844,10.7854663974,0,0,0,0,0.381298704033,0,0,0.201079350418,0.823904143203,0.0354653770673,0.0354653770673,0,0.0557336791874,0.671801925889,1.48853398816,0,0,0.503142404122,0.381298704033,0.4167640811,0.215684730682,0.451143212211,0.756839888619,0.683595316522,0.237752369686,1.35145677104,1.00786790703,0.453160099747,1.28005174859,0.00184636465215,0,1,23.440262162,2.4172956095,0,-1.67296767879e-16,0,1.33226762955e-15,0,B2: universal transfer + residual tax,ok,fast,B2
38,2065,0.886690682963,4.24077619828,4.24077619828,10.144480279,8.40702901137,1.98242694693,0.0200054221304,0.154388472178,0.486319411997,0.242167267074,11.1653155958,0,0,0,0,0.381310751557,0,0,0.201087471454,0.852766962714,0.0354618478645,0.0354618478645,0,0.0557261113793,0.671821482277,1.48849065768,0,0,0.503159516592,0.381310751557,0.416772599421,0.215685127968,0.451148086095,0.756851407935,0.683607286245,0.237756572574,1.39871286002,1.0431340865,0.487528222477,1.32482013959,0.00184626384806,0,1,24.2725393211,2.39212818708,0,-2.64117805023e-16,-7.9235341507e-17,1.33226762955e-15,0,B2: universal transfer + residual tax,ok,fast,B2
39,2066,0.886744925089,4.38917184573,4.38917184573,10.389709725,8.875271831,2.02208346881,0.0200040268518,0.154362435957,0.486287988269,0.242168623127,11.5583163626,0,0,0,0,0.381319882479,0,0,0.201093512794,0.882633984716,0.0354590533219,0.0354590533219,0,0.0557201615974,0.671836484854,1.48845741865,0,0,0.503172465691,0.381319882479,0.416778935801,0.215685423007,0.451151592668,0.756861461139,0.683617510005,0.237760114582,1.44763317985,1.0796367275,0.521905121545,1.37116342691,0.00184618838239,0,1,25.108884859,2.36712302234,0,0,-7.50550323933e-17,1.33226762955e-15,0,B2: universal transfer + residual tax,ok,fast,B2
40,2067,0.886785112721,4.54276869071,4.54276869071,10.6405390814,9.36960209177,2.06253118521,0.0200029904929,0.154343145894,0.486264706637,0.242169627818,11.9649379839,0,0,0,0,0.381326791312,0,0,0.201098005961,0.913541725245,0.0354568568003,0.0354568568003,0,0.0557155128645,0.671847961851,1.48843199173,0,0,0.503182249365,0.381326791312,0.416783648112,0.215685642151,0.45115411711,0.756870298581,0.683626323561,0.237763130825,1.49827364072,1.11741860623,0.556288483781,1.41913481287,0.00184613191785,0,1,25.9493113199,2.34230263653,0,-9.47936114043e-17,4.73968057021e-17,1.33226762955e-15,0,B2: universal transfer + residual tax,ok,fast,B2
41,2068,0.886814886688,4.70174706168,4.70174706168,10.897160376,9.89147147351,2.10378638914,0.0200022206806,0.15432885439,0.486247457883,0.242170372167,12.3856655406,0,0,0,0,0.381332011136,0,0,0.201101346979,0.945527667259,0.0354551407755,0.0354551407755,0,0.0557118994061,0.671856720213,1.48841258845,0,0,0.503189631456,0.381332011136,0.416787151911,0.215685804932,0.451155935531,0.756878114974,0.683633984319,0.237765723887,1.55069263863,1.15652411236,0.590676605185,1.46878982199,0.00184608969295,0,1,26.7938331495,2.31768324265,0,-1.7958469012e-16,-1.7958469012e-16,1.33226762955e-15,0,B2: universal transfer + residual tax,ok,fast,B2
42,2069,0.886836945014,4.86629399787,4.86629399787,11.1597571173,10.4424128203,2.14586558579,0.0200016488692,0.154318266393,0.486234678981,0.242170923625,12.8210005203,0,0,0,0,0.381335949697,0,0,0.201103830797,0.978630364756,0.0354538069457,0.0354538069457,0,0.0557091029519,0.671863389349,1.48839781398,0,0,0.503195194781,0.381335949697,0.416789756642,0.215685925845,0.451157246085,0.756885063496,0.683640691355,0.237767972233,1.60495102395,1.19699927854,0.625068230936,1.5201862724,0.00184605813273,0,1,27.6424662345,2.29327638696,0,1.7010980795e-16,-4.25274519874e-17,1.33226762955e-15,0,B2: universal transfer + residual tax,ok,fast,B2
43,2070,0.886853286897,5.03660339118,5.03660339118,11.4285071927,11.0240445947,2.18878552438,0.0200012241585,0.154310422289,0.486225211747,0.242171332172,13.2714614419,0,0,0,0,0.381338917985,0,0,0.20110567701,1.01288953482,0.0354527746785,0.0354527746785,0,0.0557069469278,0.671868457707,1.48838658599,0,0,0.503199382887,0.381338917985,0.416791692663,0.215686015653,0.451158191149,0.756891266528,0.683646600159,0.237769936389,1.66111209482,1.23889181716,0.659462437159,1.5733842721,0.00184603455503,0,1,28.495227559,2.26909015959,0,-1.61134765389e-16,-4.02836913472e-17,1.33226762955e-15,0,B2: universal transfer + residual tax,ok,fast,B2
44,2071,0.886865393632,5.21287615471,5.21287615471,11.7035850962,11.6380755937,2.2325632239,0.0200009087361,0.154304611056,0.486218198033,0.242171634841,13.737584496,0,0,0,0,0.381341152628,0,0,0.201107049062,1.0483461406,0.0354519787854,0.0354519787854,0,0.0557052901224,0.671872302735,1.48837806817,0,0,0.503202532604,0.381341152628,0.416793131413,0.215686082351,0.451158873034,0.756896822937,0.683651833496,0.237771663499,1.71924161106,1.28225116319,0.693858543699,1.62844623515,0.00184601694887,0,1,29.3521349493,2.24513008728,0,0,3.8158302571e-17,1.33226762955e-15,0,B2: universal transfer + residual tax,ok,fast,B2
45,2072,0.886874362725,5.3953204137,5.3953204137,11.9851636461,12.2863099402,2.27721599425,0.0200006745057,0.154300305892,0.486213002028,0.242171859068,14.2199242011,0,0,0,0,0.381342833301,0,0,0.201108068568,1.08504246771,0.0354513671485,0.0354513671485,0,0.0557040206236,0.671875215044,1.48837161665,0,0,0.503204899242,0.381342833301,0.416794200449,0.215686131881,0.451159365301,0.756901813927,0.683656489423,0.237773190672,1.77940782445,1.3271285222,0.72825604983,1.68543691374,0.0018460038075,0,1,30.2132068843,2.22139979224,0,-2.89160349698e-16,-7.22900874244e-17,1.33226762955e-15,0,B2: universal transfer + residual tax,ok,fast,B2
46,2073,0.886881007304,5.584151716,5.584151716,12.2734153141,12.9706523597,2.32276145409,0.0200005005894,0.154297116494,0.486209152669,0.242172025183,14.7190540791,0,0,0,0,0.381344096191,0,0,0.201108826002,1.12302219582,0.0354508984679,0.0354508984679,0,0.0557030503882,0.671877417677,1.48836673728,0,0,0.503206676004,0.381344096191,0.416794994659,0.215686168657,0.451159720868,0.756906307054,0.683660647208,0.237774547449,1.84168152273,1.37357692291,0.762654586898,1.74442344311,0.00184599400268,0,1,31.0784623533,2.19790147875,0,2.05428006642e-16,3.4238001107e-17,1.33226762955e-15,0,B2: universal transfer + residual tax,ok,fast,B2
47,2074,0.886885929791,5.77959325962,5.77959325962,12.5685132607,13.6931137595,2.36921754601,0.0200003714729,0.154294753701,0.486206300958,0.242172148245,15.23556735,0,0,0,0,0.381345044358,0,0,0.201109388652,1.1623304671,0.0354505402531,0.0354505402531,0,0.0557023105721,0.671879081349,1.48836305186,0,0,0.503208008883,0.381345044358,0.416795584611,0.215686195959,0.451159977834,0.756910359272,0.683664371714,0.23777575763,1.90613608485,1.42165127379,0.797053883465,1.80547539687,0.00184598669009,0,1,31.9479207516,2.17463629293,0,-1.29726289476e-16,-6.48631447382e-17,1.33226762955e-15,0,B2: universal transfer + residual tax,ok,fast,B2
48,2075,0.886889576492,5.98187613578,5.98187613578,12.8706321459,14.4558171233,2.41660254996,0.0200002756284,0.154293003284,0.486204188339,0.242172239412,15.7700776487,0,0,0,0,0.381345755682,0,0,0.201109806553,1.20301395249,0.035450267097,0.035450267097,0,0.0557017476186,0.671880336398,1.48836027165,0,0,0.503209008055,0.381345755682,0.416796022779,0.215686216226,0.451160163652,0.756914019132,0.683667716658,0.237776840621,1.97284754579,1.47140842331,0.831453739647,1.86866485103,0.00184598123821,0,1,32.8216018019,2.15160458921,0,0,-6.14409003744e-17,1.33226762955e-15,0,B2: universal transfer + residual tax,ok,fast,B2
49,2076,0.886892278053,6.19123958621,6.19123958621,13.179948771,15.2610037384,2.46493509513,0.020000204491,0.154291706535,0.486202623261,0.242172306951,16.3232197632,0,0,0,0,0.38134628894,0,0,0.201110116905,1.24512091697,0.0354500592337,0.0354500592337,0,0.0557013200469,0.671881282118,1.48835817668,0,0,0.503209756568,0.38134628894,0.416796348173,0.215686231269,0.45116029809,0.756917328343,0.683670727048,0.237777812436,2.04189466946,1.5229072236,0.865854008235,1.93406645546,0.00184597717499,0,1,33.6995254964,2.12880612799,0,5.81992138214e-17,1.74597641464e-16,1.33226762955e-15,0,B2: universal transfer + residual tax,ok,fast,B2
50,2077,0.886894279428,6.40793127389,6.40793127389,13.4966425929,16.111039774,2.51423417096,0.0200001516981,0.154290745874,0.486201463818,0.242172356986,16.8956503974,0,0,0,0,0.381346688437,0,0,0.201110347358,1.28870128434,0.0354499013526,0.0354499013526,0,0.0557009958514,0.671881994005,1.4883565997,0,0,0.503210316953,0.381346688437,0.41679658979,0.215686242432,0.451160395408,0.756920323233,0.683673441009,0.237778686448,2.11335902871,1.57620859729,0.900254580793,2.00175751164,0.00184597414769,0,1,34.5817120537,2.10624022262,0,0,2.75642799025e-17,1.33226762955e-15,0,B2: universal transfer + residual tax,ok,fast,B2
1,2028,0.0144755795665,1.00257665043,1.03366772825,1.03366772825,0.982525117425,0.98,-0.02,0.573051721808,0.961787791753,0.220361889489,3.04092968505,0,0,0,0,0.309077309048,0,0,0.110810366992,0.111095886572,0.0331845457303,0.0331845457303,0,0.0543410828172,0.643855956933,1.55314242143,0,0,0.396436891529,0.309077309048,0.342261854778,0.231451487786,0.34316605924,0.739790432561,0.668433832825,0.232045189261,0.446098017169,0.256140835801,-0.767995736992,0.39919788989,0.00370605679252,0,1,0.201086106418,1,-0.030078406212,-1.129969102e-16,-8.47476826497e-17,1.33226762955e-15,0,B5: usownership + residual tax,ok,fast,B5
2,2029,0.0332822997251,1.08165888446,1.08175418409,1.08175418409,1.03882519263,0.9604,-0.02,0.564024496132,0.980632389028,0.220832057493,3.09733886091,0,0,0,0,0.198172258156,0,0,0.0739394546697,0.0799772680555,0.10027677112,0.10027677112,0,0.164668464146,0.709238369449,1.40996319866,0,0,0.254338310581,0.198172258156,0.298449029277,0.224509574607,0.3803537173,0.731498554492,0.655696904349,0.226254868181,0.52248971871,0.272021171342,-0.697058562028,0.454642053417,0.00419066269841,0,1,0.42043931615,1,-8.80973063166e-05,-5.34364699902e-17,1.33591174975e-16,1.33226762955e-15,0,B5: usownership + residual tax,ok,fast,B5
3,2030,0.0574191154862,1.14399606922,1.14399606922,1.14399606922,1.10311014835,0.964260435883,0.00401961253931,0.552438824567,0.966735767532,0.221435477887,3.16481984554,0,0,0,0,0.215712756447,0,0,0.0805137922409,0.0921074618416,0.0839202614073,0.0839202614073,0,0.125646678421,0.751826985741,1.33009325146,0,0,0.277064713739,0.215712756447,0.299633017854,0.219119225613,0.380534864778,0.726740085239,0.648514095425,0.222809431911,0.542089688392,0.285628780996,-0.648856264397,0.489084575111,0.00415381965451,0,1,0.657174483436,1,0,-2.01289603995e-16,7.54836014981e-17,1.33226762955e-15,0,B5: usownership + residual tax,ok,fast,B5
4,2031,0.0879151555569,1.22377174767,1.22377174767,1.22377174767,1.1967571523,0.977925135607,0.0141711712057,0.537800725333,0.949068700429,0.222197878889,3.24685014138,0,0,0,0,0.24953792672,0,0,0.094532938858,0.115686739799,0.0619209179877,0.0619209179877,0,0.0893524834739,0.754916966674,1.32464899339,0,0,0.320824435864,0.24953792672,0.311458844707,0.216925905849,0.37570330801,0.724565734371,0.645170110835,0.221167290887,0.559794964226,0.304303520322,-0.586272343591,0.521750719149,0.00378278248737,0,1,0.918129284452,1,0,-3.71077130392e-16,-9.27692825981e-17,1.33226762955e-15,0,B5: usownership + residual tax,ok,fast,B5
5,2032,0.125692255092,1.3266398296,1.3266398296,1.3266398296,1.31972530869,0.994787944133,0.0172434554678,0.519667717556,0.927183545803,0.223142306377,3.34806860421,0,0,0,0,0.247584890402,0,0,0.0927620495457,0.123061829603,0.0614479041829,0.0614479041829,0,0.0897605287831,0.746023908981,1.34043961321,0,0,0.318700442094,0.247584890402,0.309032794585,0.216270745039,0.385432983468,0.723785632293,0.643668301836,0.220383063715,0.599362931757,0.329537946221,-0.516150057574,0.557455694396,0.00425862911748,0,1,1.21245007846,1,0,-4.20626556645e-17,1.26187966993e-16,1.33226762955e-15,0,B5: usownership + residual tax,ok,fast,B5
6,2033,0.171360273177,1.45948880203,1.45948880203,1.45948880203,1.48028630607,1.01424985516,0.0195638790559,0.497747068875,0.900726998065,0.224284006829,3.4745244844,0,0,0,0,0.241842655783,0,0,0.0967860055945,0.141258091359,0.0707218846525,0.0707218846525,0,0.106331821999,0.735827431827,1.35901429703,0,0,0.311767009979,0.241842655783,0.312564540436,0.215778534842,0.393979897094,0.722942618688,0.642578467698,0.21984871967,0.657630601798,0.362108644293,-0.431581707323,0.603964637051,0.00415319431578,0,1,1.55221118734,1,0,0,0,1.33226762955e-15,0,B5: usownership + residual tax,ok,fast,B5
7,2034,0.224966092576,1.59997212018,1.59997212018,1.63044442184,1.6574153266,1.03590262961,0.0213485605555,0.472016275563,0.869671896936,0.225624152314,3.62704536868,0,0,0,0,0.254033280884,0,0,0.106767618946,0.170825213652,0.0681358263459,0.0681358263459,0,0.103677658892,0.725324916783,1.37869246852,0,0,0.328049075449,0.254033280884,0.32216910723,0.215401488284,0.398559841255,0.722780525631,0.64263811353,0.219864017468,0.703903840957,0.396346157627,-0.349492048248,0.648551435495,0.00389540890329,0,1,1.94555793554,1.0190455204,2.22044604925e-16,-2.00955609643e-16,-1.67463008036e-16,1.33226762955e-15,0,B5: usownership + residual tax,ok,fast,B5
8,2035,0.285757724698,1.64149142006,1.64149142006,1.84701659021,1.73852798611,1.05911487862,0.0224077517949,0.442836292145,0.834453886942,0.226571819522,3.78133834433,0.000952173169538,0.000952173169538,0.000322874057838,0,0.32273126214,0.000322874057838,0.000500383905669,0.131286459013,0.215505596039,0.0237335341004,0.0237335341004,0,0.0343225978217,0.715217734209,1.39817562145,0,0,0.417273730498,0.32273126214,0.34646479624,0.215178337228,0.385372167183,0.725101763966,0.645900424776,0.221316011482,0.675271086046,0.405543859108,-0.325521865979,0.657493492863,0.00328596918641,0,0.99904782683,2.37352332658,1.12520636273,0,-2.55439782045e-16,1.59649863778e-16,2.22044604925e-16,0,B5: usownership + residual tax,ok,fast,B5
9,2036,0.352061761364,1.68289415707,1.68289415707,2.11002999185,1.82115707052,1.08215781894,0.021756790305,0.411010354545,0.796042412461,0.227168555852,3.93675867898,0.00366259636119,0.00366259636119,0.00134737958802,0,0.330125062496,0.00134737958802,0.00215203330203,0.13907017061,0.234040377542,0.024260535511,0.024260535511,0,0.0355326686972,0.707027589056,1.41437196437,0,0,0.427163083226,0.330125062496,0.354385598007,0.215315427397,0.393059115686,0.727026915304,0.648820308522,0.222650105204,0.670732103084,0.415631571849,-0.307896725869,0.663627511705,0.00312347636868,0,0.996337403639,2.83846168359,1.25381027856,-1.11022302463e-16,-2.4385003196e-16,6.096250799e-17,6.66133814775e-16,0,B5: usownership + residual tax,ok,fast,B5
10,2037,0.421371924532,1.72476336033,1.72476336033,2.42105933377,1.90718907519,1.10576854718,0.0218181930864,0.377741476225,0.755889418801,0.227792347321,4.09344105267,0.00819259332468,0.00819259332468,0.00327553124277,0,0.336477577776,0.00327553124277,0.00534853429315,0.147523936907,0.254443881149,0.0263488478602,0.0263488478602,0,0.03902757932,0.701482902271,1.42555149493,0,0,0.435734580729,0.336477577776,0.362826425636,0.215302488729,0.400452533881,0.727931944621,0.650864503586,0.223645997417,0.669386080456,0.425639334354,-0.292750190343,0.66044655106,0.00284618084538,0,0.991807406675,3.34051025011,1.40370522093,-1.11022302463e-16,1.16425061266e-16,2.91062653165e-17,2.22044604925e-16,0,B5: usownership + residual tax,ok,fast,B5
11,2038,0.490682087701,1.76784327787,1.76784327787,2.77681612854,1.99759969484,1.12996424505,0.0218813402914,0.344472597904,0.715736425142,0.228416138789,4.25163852502,0.0145134351987,0.0145134351987,0.00627298400047,0,0.343216060931,0.00627298400047,0.0105904737414,0.155255096272,0.274466678299,0.0273282194427,0.0273282194427,0,0.0408045844028,0.697062266309,1.43459207066,0,0,0.444820165617,0.343216060931,0.370544280374,0.215289184102,0.407412590533,0.727703618763,0.651912810784,0.224246484162,0.669755087262,0.435955120681,-0.27863931874,0.658939721275,0.00260877165092,0,0.985486564801,3.87797443075,1.57073659373,0,-5.5577853135e-17,-5.5577853135e-17,4.4408920985e-16,0,B5: usownership + residual tax,ok,fast,B5
12,2039,0.556986124366,1.81292328722,1.81292328722,3.16836119961,2.09293551309,1.15445343322,0.02167253369,0.312646660304,0.677324950661,0.229012875119,4.4117229879,0.022509048711,0.022509048711,0.0104301549497,0,0.347339750099,0.0104301549497,0.0180726020488,0.160285538051,0.290585384537,0.0282789722603,0.0282789722603,0,0.0425049424151,0.69358918452,1.44177565383,0,0,0.450513035679,0.347339750099,0.375618722359,0.215333184308,0.415407128138,0.72640356813,0.651963895656,0.224439629854,0.672338692566,0.446933100269,-0.265412994215,0.659037796864,0.00252799335587,0,0.977490951289,4.4475138524,1.74765320846,-1.11022302463e-16,-1.06092425465e-16,5.30462127323e-17,6.66133814775e-16,0,B5: usownership + residual tax,ok,fast,B5
13,2040,0.617777756488,1.86071648969,1.86071648969,3.58207051223,2.19412867042,1.17918483691,0.0214226082889,0.283466676886,0.642106940667,0.229559999808,4.57416568564,0.0319935748804,0.0319935748804,0.015740863956,0,0.349437344158,0.015740863956,0.0281086010693,0.163563117041,0.304344588983,0.0295116456991,0.0295116456991,0,0.0446064191676,0.691112515032,1.44694239831,0,0,0.453555557955,0.349437344158,0.378948989857,0.215385872816,0.423206676004,0.724008375783,0.650978796727,0.224203316424,0.676847106956,0.458659267508,-0.251836121604,0.661198467045,0.00250659539518,0,0.96800642512,5.04459242101,1.92510279351,0,1.51799168334e-16,2.5299861389e-17,6.66133814775e-16,0,B5: usownership + residual tax,ok,fast,B5
14,2041,0.671383575888,1.91177293663,1.91177293663,4.00212843349,2.30188674847,1.20405865381,0.0210940779781,0.257735883574,0.611051839538,0.230042452183,4.73950467886,0.0427380398442,0.0427380398442,0.0221066118224,0,0.34939731226,0.0221066118224,0.0405359124677,0.164665932159,0.314803872688,0.0307237917048,0.0307237917048,0,0.0466388587863,0.6894833005,1.45036145078,0,0,0.453787761741,0.34939731226,0.380121103964,0.215455171805,0.4309200549,0.720629350814,0.649033543904,0.223563188205,0.684263070301,0.47130273672,-0.237371506245,0.664624172495,0.00259369329658,0,0.957261960156,5.66405232984,2.09341201395,0,-1.92924004687e-16,-2.41155005859e-17,4.4408920985e-16,0,B5: usownership + residual tax,ok,fast,B5
15,2042,0.717051593972,1.96644689762,1.96644689762,4.41361270175,2.41780714596,1.2295308604,0.0211552871722,0.235815234893,0.5845952918,0.230453464346,4.90830889814,0.0544984286953,0.0544984286953,0.029362314681,0,0.350539390864,0.029362314681,0.0552942726668,0.167008763613,0.328413865083,0.0319116299295,0.0319116299295,0,0.0486141771358,0.688338043162,1.45277456322,0,0,0.455514221198,0.350539390864,0.382451020794,0.21544225718,0.435034460929,0.716110891035,0.646018563031,0.222476626228,0.689831414503,0.484664034777,-0.219135902765,0.673527885427,0.00246685888757,0,0.945501571305,6.30066052676,2.24446066003,2.22044604925e-16,-1.83674372289e-16,0,1.22124532709e-15,0,B5: usownership + residual tax,ok,fast,B5
16,2043,0.754828693508,2.02491253885,2.02491253885,4.80497640132,2.54212105746,1.25542264601,0.0210582641244,0.217682227116,0.562710137174,0.230793458242,5.08114693173,0.0670389302546,0.0670389302546,0.0373111702192,0,0.350614579889,0.0373111702192,0.0723251557353,0.167729950113,0.339638479125,0.032578099169,0.032578099169,0,0.0497620816371,0.687255276996,1.45506339998,0,0,0.455813310021,0.350614579889,0.383192679058,0.215462728945,0.438409400755,0.710744159299,0.642162908976,0.221033155928,0.705073189896,0.499075937913,-0.198035904804,0.681902617353,0.00241513064976,0,0.932961069745,6.94952477907,2.372930341,0,3.0571168708e-16,8.73461963086e-17,3.33066907388e-16,0,B5: usownership + residual tax,ok,fast,B5
17,2044,0.785324733578,2.08720782699,2.08720782699,5.16920171686,2.67504811245,1.2816395559,0.0208829352993,0.203044127882,0.545043070071,0.231067922602,5.25856489245,0.0801473736499,0.0801473736499,0.0457563065275,0,0.3492549299,0.0457563065275,0.0913696548694,0.16709266405,0.348757116239,0.0333374671685,0.0333374671685,0,0.0510446096708,0.686442023819,1.45678726724,0,0,0.45420777747,0.3492549299,0.382592397069,0.215499733018,0.441217830539,0.704724533324,0.637631335611,0.219299101254,0.720053824918,0.514518884454,-0.174492006332,0.69605107227,0.00241452953989,0,0.91985262635,7.60634444902,2.47661092969,0,3.32023344016e-16,0,4.4408920985e-16,0,B5: usownership + residual tax,ok,fast,B5
18,2045,0.809461549339,2.15328566196,2.15328566196,5.50363956477,2.81740840939,1.30842296457,0.0208977700125,0.191458456317,0.531060049892,0.231285153944,5.44107400471,0.09364289056,0.09364289056,0.0545222792272,0,0.348409099263,0.0545222792272,0.112111069508,0.166962171276,0.359517249497,0.0340496735942,0.0340496735942,0,0.0522429027009,0.68580659815,1.45813703557,0,0,0.45323581436,0.348409099263,0.382458772857,0.215496601582,0.441782627726,0.698067934087,0.632458032559,0.217291256243,0.74090675084,0.530808306693,-0.147549211314,0.709620422054,0.00229139241306,0,0.90635710944,8.26751339058,2.55592635107,0,7.88116498073e-17,7.88116498073e-17,1.11022302463e-15,0,B5: usownership + residual tax,ok,fast,B5
19,2046,0.828268269498,2.2230584022,2.2230584022,5.80903240929,2.96895546431,1.33552742536,0.020715366144,0.182431230641,0.520164878379,0.231454414425,5.62914624514,0.107377562542,0.107377562542,0.063465421305,0,0.34612496391,0.063465421305,0.13451067464,0.165035582307,0.366883737909,0.0344457296501,0.0344457296501,0,0.0529282586681,0.685246086905,1.45932974899,0,0,0.450363609403,0.34612496391,0.38057069356,0.215535111253,0.442734405344,0.691070502326,0.626892549147,0.215110462363,0.764577851892,0.548164469587,-0.118913277748,0.732380243196,0.00229649395513,0,0.892622437458,8.93011680804,2.61308133135,0,2.99155184501e-16,7.47887961253e-17,2.22044604925e-16,0,B5: usownership + residual tax,ok,fast,B5
20,2047,0.842743849065,2.29643016327,2.29643016327,6.08828836432,3.13006483174,1.36301328985,0.0205805316815,0.175482952449,0.511778837603,0.231584694642,5.82321554856,0.12123426481,0.12123426481,0.0724755996809,0,0.343256436919,0.0724755996809,0.158644970467,0.162653758074,0.373522996211,0.0349609079285,0.0349609079285,0,0.0537880485802,0.684936299326,1.45998978443,0,0,0.446706923359,0.343256436919,0.378217344847,0.215563586773,0.443092737012,0.683810227323,0.621014904221,0.212791361017,0.790052591105,0.56642023896,-0.0885827826636,0.755944122625,0.00229513620219,0,0.87876573519,9.59186596493,2.65119682788,0,1.4187859796e-16,-7.09392989798e-17,6.66133814775e-16,0,B5: usownership + residual tax,ok,fast,B5
21,2048,0.853781225432,2.37331690364,2.37331690364,6.34539231217,3.30112981384,1.39093511228,0.0204853633053,0.170185011793,0.50538462811,0.231684031029,6.02368224279,0.13512260423,0.13512260423,0.081472879247,0,0.340187897055,0.081472879247,0.184439786855,0.159925786571,0.379554572598,0.0353215793081,0.0353215793081,0,0.0543875130555,0.684764389316,1.46035631467,0,0,0.442770827099,0.340187897055,0.375509476363,0.215583689792,0.442904971715,0.676370540712,0.614908500485,0.210369978279,0.816998787978,0.585553912597,-0.0567567319763,0.779954143038,0.00229224252555,0,0.86487739577,10.2510053122,2.67363886484,0,-6.72632151556e-17,-3.36316075778e-17,1.22124532709e-15,0,B5: usownership + residual tax,ok,fast,B5
22,2049,0.862136705534,2.45365689682,2.45365689682,6.58461499725,3.48253794369,1.41932555779,0.020411049558,0.166174381344,0.500544103658,0.23175923035,6.23091894217,0.148974270252,0.148974270252,0.0904020144924,0,0.336927331455,0.0904020144924,0.211774241242,0.156895085648,0.384966708976,0.0355671443551,0.0355671443551,0,0.0547950193398,0.684661620159,1.46057551724,0,0,0.438569970205,0.336927331455,0.372494475811,0.215599390163,0.442337750793,0.668827585055,0.608648182396,0.207878369933,0.847801351411,0.605556649629,-0.0237196560175,0.808223052082,0.00229384143852,0,0.851025729748,10.9062146364,2.68359239867,0,1.91278264744e-16,0,8.881784197e-16,0,B5: usownership + residual tax,ok,fast,B5
23,2050,0.86842756131,2.53741469604,2.53741469604,6.81002582023,3.67467046789,1.44819468163,0.0203400295875,0.163154770571,0.496899664221,0.231815848052,6.44527674527,0.162738571037,0.162738571037,0.0992266454157,0,0.333406745693,0.0992266454157,0.240092354555,0.153532795779,0.389576372334,0.0357404468761,0.0357404468761,0,0.0550815987289,0.684604091012,1.46069825338,0,0,0.434019297127,0.333406745693,0.369147192569,0.21561439679,0.441590502256,0.661249777232,0.602300685291,0.205344922349,0.880749621908,0.626429679071,0.0101971498041,0.837997187274,0.00231345281647,0,0.837261428963,11.5565186836,2.68384424148,0,1.20851437899e-16,3.02128594748e-17,5.55111512313e-16,0,B5: usownership + residual tax,ok,fast,B5
24,2051,0.873144546918,2.62458121677,2.62458121677,7.02524432017,3.87793349747,1.47754372114,0.0202659489697,0.160890617479,0.49416700447,0.231858300922,6.6670910821,0.176378525081,0.176378525081,0.107924155549,0,0.329577861734,0.107924155549,0.269998484502,0.149822391087,0.3932210335,0.0358745817158,0.0358745817158,0,0.0553005326019,0.684594947106,1.46071776344,0,0,0.429058677754,0.329577861734,0.36545244345,0.215630052362,0.440809308992,0.653693440947,0.595920818607,0.202793024719,0.915333396747,0.648176306795,0.0446932778899,0.868369008292,0.00235214145624,0,0.823621474919,12.2012096864,2.67671058349,0,5.72584870446e-17,-8.58877305669e-17,4.4408920985e-16,0,B5: usownership + residual tax,ok,fast,B5
25,2052,0.876670539484,2.71517180932,2.71517180932,7.23335154976,4.09299074362,1.50745184138,0.0202417835838,0.159198141048,0.492124314759,0.231890034855,6.89668690268,0.189867626662,0.189867626662,0.116481535273,0,0.32585292888,0.116481535273,0.301014176103,0.146200921325,0.396960620079,0.0359831522079,0.0359831522079,0,0.0554760999451,0.684607555212,1.46069086207,0,0,0.424226925398,0.32585292888,0.361836081088,0.215635159763,0.439655512193,0.646162963567,0.589522113473,0.200229653165,0.952095167431,0.670757761366,0.0798512514709,0.899365892858,0.00237015274713,0,0.810132373338,12.8397840163,2.66404929697,0,3.25499790496e-16,5.42499650826e-17,5.55111512313e-16,0,B5: usownership + residual tax,ok,fast,B5
26,2053,0.87930018792,2.80922351203,2.80922351203,7.43689524039,4.32039981543,1.53793380873,0.0202208564891,0.157935909798,0.490600898103,0.231913701691,7.13438311207,0.203187266432,0.203187266432,0.124892255932,0,0.322099686675,0.124892255932,0.333487177714,0.142480213438,0.400258765589,0.0360201097034,0.0360201097034,0,0.0555375247669,0.684592581282,1.46072281141,0,0,0.419353511948,0.322099686675,0.358119796378,0.21563958294,0.438379029531,0.638689827324,0.583136655491,0.197668637874,0.990624947663,0.694212302949,0.115471759567,0.932529623816,0.0023942892589,0,0.796812733568,13.4718919989,2.64731346885,0,-5.13944575528e-17,-1.28486143882e-16,8.881784197e-16,0,B5: usownership + residual tax,ok,fast,B5
27,2054,0.881257984548,2.90679216944,2.90679216944,7.63794224386,4.56061661213,1.56895173314,0.0201685691761,0.156996167417,0.489466700866,0.231931321861,7.38049627558,0.216324726145,0.216324726145,0.133154011368,0,0.318002006982,0.133154011368,0.367667970384,0.138399198209,0.402297705611,0.036047826472,0.036047826472,0,0.0555835807779,0.684581547537,1.46074635461,0,0,0.414028088937,0.318002006982,0.354049833454,0.215650635245,0.437301843943,0.631319783472,0.57680504437,0.19512677372,1.02628210269,0.718584273255,0.151218149861,0.968693218266,0.00244744624725,0,0.783675273855,14.0972990252,2.62761896917,0,9.73748174028e-17,7.30311130521e-17,8.881784197e-16,0,B5: usownership + residual tax,ok,fast,B5
28,2055,0.882713717217,3.00794976627,3.00794976627,7.83814921145,4.81537694277,1.60088343122,0.0203522501073,0.156297415736,0.488623360987,0.231944423455,7.63534367336,0.229271647476,0.229271647476,0.141267142187,0,0.315620814518,0.141267142187,0.403817198606,0.136102979925,0.409390926655,0.0360939798339,0.0360939798339,0,0.0556693700124,0.684457340617,1.46101143294,0,0,0.410934864815,0.315620814518,0.351714794352,0.215611814427,0.434413303756,0.623895776349,0.570414404563,0.192561088159,1.06305026648,0.743655415037,0.188425363753,1.00786946956,0.00233064378004,0,0.770728352524,14.715855881,2.60581120714,0,2.76669437385e-16,9.22231457949e-17,9.99200722163e-16,0,B5: usownership + residual tax,ok,fast,B5
29,2056,0.883795107144,3.1127821263,3.1127821263,8.03883520251,5.08492802983,1.63356374571,0.0204139251221,0.155778348571,0.487996886587,0.231954155964,7.89924580377,0.242022877757,0.242022877757,0.149233568528,0,0.313178784572,0.149233568528,0.441742454906,0.13347501093,0.415478628331,0.0358950089541,0.0358950089541,0,0.0553786292835,0.684069393523,1.46183999674,0,0,0.407760535395,0.313178784572,0.349073793526,0.215598782596,0.431738439817,0.616533952684,0.564054808025,0.190007274929,1.10559681281,0.769713981967,0.226071799775,1.04934924838,0.0022586858275,0,0.757977122243,15.3274763635,2.58252421028,0,0,-4.3667207013e-17,8.881784197e-16,0,B5: usownership + residual tax,ok,fast,B5
30,2057,0.884597849001,3.22138701277,3.22138701277,8.24104815178,5.36945845508,1.66681570199,0.0203554690564,0.155393032479,0.487531839511,0.231961380641,8.1725284346,0.254575607931,0.254575607931,0.157056087159,0,0.309849700578,0.157056087159,0.481383440496,0.130094569375,0.419084956217,0.0358560030264,0.0358560030264,0,0.0553486958254,0.683676199901,1.46268072539,0,0,0.403429844239,0.309849700578,0.345705703604,0.215611134229,0.429773034225,0.60931909731,0.557793840843,0.187491961126,1.14853201859,0.796816082334,0.263451270789,1.09245827922,0.00225131475042,0,0.745424392069,15.9321205315,2.55822976846,0,1.24059776297e-16,1.24059776297e-16,8.881784197e-16,0,B5: usownership + residual tax,ok,fast,B5
31,2058,0.885193430923,3.33387260964,3.33387260964,8.44562199831,5.66953479965,1.70058531428,0.020259955706,0.155107153157,0.487186805016,0.231966740878,8.45552429229,0.266928733145,0.266928733145,0.164737921904,0,0.305867569593,0.164737921904,0.522806821113,0.126176514045,0.420656424155,0.0359402634801,0.0359402634801,0,0.0555069972407,0.683430945136,1.46320562029,0,0,0.398247817995,0.305867569593,0.341807833073,0.215631319028,0.428303895183,0.602275223494,0.551652833272,0.185023744832,1.19119721468,0.824945671889,0.300405619836,1.13408417985,0.00228460219557,0,0.733071266855,16.5297822481,2.53327675865,0,-3.91645192722e-17,-7.83290385444e-17,1.11022302463e-15,0,B5: usownership + residual tax,ok,fast,B5
32,2059,0.885635141644,3.45035633853,3.45035633853,8.65322392389,5.98589107615,1.73486170379,0.0201556424263,0.154895132011,0.486930911696,0.231970716275,8.748574466,0.279082380863,0.279082380863,0.172282445891,0,0.301405871578,0.172282445891,0.566084647822,0.121794576184,0.420234687936,0.0360420724365,0.0360420724365,0,0.0556796504646,0.683353471409,1.46337150807,0,0,0.392440598249,0.301405871578,0.337447944014,0.21565336783,0.427237055473,0.595409018255,0.54564013342,0.182606088338,1.2378869371,0.854118984527,0.336902395283,1.17477855726,0.00235427423106,0,0.720917619137,17.1204799545,2.50792181296,0,1.11283985342e-16,3.70946617805e-17,8.881784197e-16,0,B5: usownership + residual tax,ok,fast,B5
33,2060,0.885962639835,3.57096395901,3.57096395901,8.8643924368,6.31963739034,1.76972869591,0.0200978510526,0.154737932879,0.486741184357,0.231973663759,9.05202959076,0.291037563956,0.291037563956,0.179693017668,0,0.296926013595,0.179693017668,0.611292539897,0.117392011237,0.419202641205,0.0361315828341,0.0361315828341,0,0.055821940886,0.683396480124,1.46327941259,0,0,0.386609155941,0.296926013595,0.333057596429,0.215665585192,0.426163607352,0.588689535903,0.539733992698,0.180230703436,1.2883302778,0.884315917509,0.37321262902,1.21781576362,0.00242461797185,0,0.708962436044,17.7042498614,2.48235281525,0,-3.51356559262e-16,-1.05406967779e-16,6.66133814775e-16,0,B5: usownership + residual tax,ok,fast,B5
34,2061,0.886205405265,3.69582890193,3.69582890193,9.0795675514,6.67226914139,1.80535119954,0.0201287935877,0.154621405473,0.486600544683,0.231975848647,9.3662508613,0.302795926407,0.302795926407,0.186972891004,0,0.293038758142,0.186972891004,0.658508795176,0.113536358541,0.419610955315,0.0361566440242,0.0361566440242,0,0.0558594650369,0.683435381841,1.46319612149,0,0,0.381548884402,0.293038758142,0.329195402166,0.215659043626,0.424575435168,0.582058789731,0.533891077887,0.177880893586,1.34429525258,0.915510963175,0.409803159879,1.26725576042,0.00245158535968,0,0.697204073593,18.2811409362,2.45670667997,0,0,0,4.4408920985e-16,0,B5: usownership + residual tax,ok,fast,B5
35,2062,0.88638533205,3.82509179101,3.82509179101,9.29911441992,7.0449732758,1.84177888027,0.0201776146068,0.154535040616,0.486496308901,0.231977467988,9.69161091812,0.314359557342,0.314359557342,0.194125171127,0,0.289529776159,0.194125171127,0.707806485201,0.109970719842,0.42064809772,0.0360896668562,0.0360896668562,0,0.0557559484826,0.683368887071,1.46333849685,0,0,0.376980835967,0.289529776159,0.325619443015,0.215648723173,0.422716058445,0.575510590205,0.528106119207,0.175554769438,1.3984888438,0.947785272552,0.44668519718,1.31641076768,0.00245788475374,0,0.685640442658,18.8512112203,2.43108268454,0,-1.26072645691e-16,-6.30363228454e-17,6.66133814775e-16,0,B5: usownership + residual tax,ok,fast,B5
36,2063,0.886518669972,3.95890011519,3.95890011519,9.52334168262,7.43829690203,1.87887965991,0.0201439923262,0.154471038414,0.486419063134,0.23197866803,10.0284946386,0.3257308553,0.3257308553,0.201152799213,0,0.285504878002,0.201152799213,0.759266003748,0.105870454251,0.419130553528,0.0360214068521,0.0360214068521,0,0.0556544157488,0.683254988724,1.46358243482,0,0,0.371740817757,0.285504878002,0.321526284854,0.215655830603,0.421331750688,0.569101124802,0.522423648081,0.173269540822,1.45512687322,0.981282066144,0.483345549902,1.36852575332,0.00250744097266,0,0.6742691447,19.4145251271,2.40555240231,0,-5.97030766181e-17,-1.79109229854e-16,4.4408920985e-16,0,B5: usownership + residual tax,ok,fast,B5
37,2064,0.886617473776,4.09740802071,4.09740802071,9.7525156326,7.85311901197,1.91660654059,0.0200794555883,0.154423612587,0.486361823786,0.231979557264,10.3772998589,0.336912429346,0.336912429346,0.208058553285,0,0.280971217938,0.208058553285,0.812972968223,0.101352000978,0.415280501721,0.0360502574076,0.0360502574076,0,0.0557050063977,0.683213945896,1.46367035686,0,0,0.365838202088,0.280971217938,0.317021475345,0.215669474368,0.420325386938,0.56284645469,0.516856627694,0.171030207969,1.50931816089,1.01601339879,0.519661919258,1.42442377973,0.00258749567954,0,0.663087570654,19.9711514632,2.3801670674,0,5.65494052966e-17,-1.41373513241e-16,1.33226762955e-15,0,B5: usownership + residual tax,ok,fast,B5
38,2065,0.886690682963,4.24077619828,4.24077619828,9.98687110532,8.2907001204,1.95499590942,0.0200298642485,0.154388472178,0.486319411997,0.231980216147,10.7384380465,0.347907027138,0.347907027138,0.214845057927,0,0.276267204123,0.214845057927,0.869015227836,0.0966919944141,0.410049108476,0.036104749977,0.036104749977,0,0.0557900366642,0.683258832242,1.46357420177,0,0,0.359713655731,0.276267204123,0.3123719541,0.215679959686,0.419439871404,0.556732533381,0.511395648269,0.168833181999,1.56458783102,1.05198082159,0.555748168418,1.4815433511,0.00268166058414,0,0.652092972862,20.5211619811,2.35496301582,0,-5.35647416262e-17,2.41041337318e-16,6.66133814775e-16,0,B5: usownership + residual tax,ok,fast,B5
39,2066,0.886744925089,4.38917184573,4.38917184573,10.226619827,8.75279055265,1.99417814118,0.0200421042193,0.154362435957,0.486287988269,0.231980704326,11.1123349398,0.358717482726,0.358717482726,0.221514798106,0,0.271933440324,0.221514798106,0.927415836789,0.0923897441178,0.405514463716,0.0361336754336,0.0361336754336,0,0.0558318751813,0.683320883749,1.46344129644,0,0,0.354071104536,0.271933440324,0.308067115758,0.21567737164,0.418247227024,0.550717344245,0.506008075664,0.166665928506,1.62820238673,1.08916559829,0.591947265537,1.53964303709,0.00274955989043,0,0.641282517274,21.0646303209,2.32996569431,0,1.01473743072e-16,2.53684357679e-17,2.22044604925e-16,0,B5: usownership + residual tax,ok,fast,B5
40,2067,0.886785112721,4.54276869071,4.54276869071,10.4719568038,9.2422020369,2.03448660193,0.0202130691902,0.154343145894,0.486264706637,0.231981066014,11.499431167,0.369346678722,0.369346678722,0.228070134257,0,0.269189854282,0.228070134257,0.988338948188,0.0896401900322,0.407214648707,0.0360915646699,0.0360915646699,0,0.055771193473,0.683227880434,1.46364050508,0,0,0.350498981692,0.269189854282,0.305281418952,0.21564122892,0.415760263656,0.544690436447,0.500612312366,0.16449696956,1.70153539804,1.12746111481,0.629101392177,1.60186187387,0.00269690412647,0,0.630653321278,21.6016312396,2.30519260758,0,1.44150455079e-16,9.61003033859e-17,6.66133814775e-16,0,B5: usownership + residual tax,ok,fast,B5
41,2068,0.886814886688,4.70174706168,4.70174706168,10.7230652082,9.75953263107,2.07572472595,0.0202695480914,0.15432885439,0.486247457883,0.23198133398,11.9001828524,0.379797518987,0.379797518987,0.234513317027,0,0.266301295692,0.234513317027,1.05190041318,0.0865728175927,0.407043490738,0.0359008136025,0.0359008136025,0,0.0554871313988,0.682912340375,1.46431678105,0,0,0.346738051397,0.266301295692,0.302202109295,0.215629291702,0.413549017815,0.538736880262,0.495272016149,0.162350903085,1.77620909846,1.16718617781,0.666415867504,1.66673917948,0.00268202886512,0,0.620202481013,22.1322400492,2.28065548135,0,9.1006245204e-17,1.82012490408e-16,6.66133814775e-16,0,B5: usownership + residual tax,ok,fast,B5
42,2069,0.886836945014,4.86629399787,4.86629399787,10.9801201149,10.3051539956,2.11765955779,0.0202025014791,0.154318266393,0.486234678981,0.231981532505,12.3150622205,0.390072908965,0.390072908965,0.240846500816,0,0.262377042502,0.240846500816,1.1182026456,0.0825955893969,0.401934420932,0.0358620095219,0.0358620095219,0,0.0554491798069,0.682616562912,1.46495126889,0,0,0.341628559217,0.262377042502,0.298239052024,0.215643462627,0.412124263048,0.532937621133,0.490045961523,0.160250359607,1.84995915933,1.20845341873,0.703269371847,1.73932809165,0.00273320988569,0,0.609927091035,22.6565322088,2.25636184737,0,-8.61877872061e-17,0,2.22044604925e-16,0,B5: usownership + residual tax,ok,fast,B5
43,2070,0.886853286897,5.03660339118,5.03660339118,11.2432913603,10.8807137654,2.16032768918,0.0201487208983,0.154310422289,0.486225211747,0.231981679582,12.7445582013,0.400175741592,0.400175741592,0.247071755765,0,0.258159736177,0.247071755765,1.18715826949,0.0784544835434,0.395144117868,0.0359495783665,0.0359495783665,0,0.0556057725567,0.682457606465,1.46529248195,0,0,0.336137471351,0.258159736177,0.294109314543,0.215654831,0.410859927216,0.527275368884,0.484922485769,0.15819082289,1.920290981,1.25118919925,0.739843009016,1.81708747609,0.00279500297366,0,0.599824258408,23.1745830295,2.23231620341,0,8.16286908057e-17,1.22443036208e-16,8.881784197e-16,0,B5: usownership + residual tax,ok,fast,B5
44,2071,0.886865393632,5.21287615471,5.21287615471,11.5127457336,11.4880700823,2.20378726472,0.0201171219349,0.154304611056,0.486218198033,0.231981788543,13.1891770431,0.41010888728,0.41010888728,0.253191078075,0,0.253948001931,0.253191078075,1.25888884126,0.0742899149802,0.387264126335,0.0360034241341,0.0360034241341,0,0.0557003364743,0.682380563179,1.46545791888,0,0,0.330653620113,0.253948001931,0.289951426065,0.215661511085,0.409621307401,0.521732469266,0.479889874948,0.156167743819,1.99497204288,1.29542839903,0.776266192887,1.8915749177,0.00286146864583,0,0.58989111272,23.686467461,2.20852086103,0,3.86565547274e-17,0,4.4408920985e-16,0,B5: usownership + residual tax,ok,fast,B5
45,2072,0.886874362725,5.3953204137,5.3953204137,11.7886486608,12.1305708413,2.24835040576,0.02022116279,0.154300305892,0.486213002028,0.231981869265,13.6494429353,0.419875186839,0.419875186839,0.259206398757,0,0.250945474584,0.259206398757,1.33362621425,0.0713252874692,0.384822779496,0.0360193310836,0.0360193310836,0,0.055736944553,0.682257322284,1.46572263476,0,0,0.326744206343,0.250945474584,0.286964805668,0.215639518199,0.407447073944,0.516213247906,0.474878305106,0.15415434056,2.08027273433,1.34104853935,0.813273583569,1.96458547845,0.00283773817549,0,0.580124813161,24.1922599396,2.18497656429,0,7.32181882714e-17,7.32181882714e-17,3.33066907388e-16,0,B5: usownership + residual tax,ok,fast,B5
46,2073,0.886881007304,5.584151716,5.584151716,12.0711655027,12.8094013564,2.29388490998,0.0202524055457,0.154297116494,0.486209152669,0.231981929066,14.1258986465,0.429477446562,0.429477446562,0.265119590934,0,0.247876634468,0.265119590934,1.41147026269,0.0681406000619,0.380507448765,0.0358968803553,0.0358968803553,0,0.0555592145374,0.681998173438,1.46627958688,0,0,0.322748440237,0.247876634468,0.283773514823,0.215632914761,0.40546268064,0.51077226987,0.469927406338,0.152165891632,2.16800500491,1.38833173783,0.85034854892,2.04555995848,0.00283759110523,0,0.570522553438,24.6920342795,2.1616829407,0,-3.46690057946e-17,3.46690057946e-17,6.66133814775e-16,0,B5: usownership + residual tax,ok,fast,B5
47,2074,0.886885929791,5.77959325962,5.77959325962,12.3604625618,13.5253550785,2.34019151019,0.020186976255,0.154294753701,0.486206300958,0.231981973368,14.6191061773,0.43891843487,0.43891843487,0.270932475895,0,0.243929988049,0.270932475895,1.49253167936,0.0641547161891,0.370788165259,0.0358714724339,0.0358714724339,0,0.0555374370533,0.681768624647,1.4667732774,0,0,0.317609716947,0.243929988049,0.279801460483,0.215646744293,0.404130587506,0.505473027657,0.465082800876,0.150219858231,2.26202938563,1.43741322302,0.887007973108,2.12787060386,0.00289634695025,0,0.56108156513,25.185863596,2.13863882917,0,1.64169150189e-16,3.28338300378e-17,8.881784197e-16,0,B5: usownership + residual tax,ok,fast,B5
48,2075,0.886889576492,5.98187613578,5.98187613578,12.6567078667,14.2810901239,2.38739315221,0.0201699911359,0.154293003284,0.486204188339,0.231982006188,15.1296474334,0.448200880083,0.448200880083,0.276646828077,0,0.240067145911,0.276646828077,1.57670144944,0.060360129194,0.361066816378,0.0359433179442,0.0359433179442,0,0.0556664900033,0.681633713406,1.46706358611,0,0,0.312580105994,0.240067145911,0.276010463855,0.215650334661,0.402676564955,0.500274649966,0.460316373993,0.14830547049,2.35596136485,1.48818631946,0.92359783603,2.21026593285,0.00293849797766,0,0.551799119917,25.6738202538,2.1158425182,0,-3.10963102954e-17,-6.21926205907e-17,4.4408920985e-16,0,B5: usownership + residual tax,ok,fast,B5
49,2076,0.886892278053,6.19123958621,6.19123958621,12.96007179,15.0790049527,2.43553891636,0.0201666676055,0.154291706535,0.486202623261,0.231982030502,15.658124918,0.457327469026,0.457327469026,0.282264379157,0,0.236338462919,0.282264379157,1.66428587475,0.056637799538,0.350658186576,0.0359503738323,0.0359503738323,0,0.055688263075,0.681515019723,1.46731909211,0,0,0.307725173506,0.236338462919,0.272288836752,0.215651037214,0.401181902375,0.495168074591,0.455621530801,0.146420179737,2.44990401102,1.54073828946,0.960164134184,2.2978426863,0.00297831870969,0,0.542672530974,26.1559758304,2.09329191829,-1.11022302463e-16,5.89016597903e-17,-1.17803319581e-16,2.22044604925e-16,0,B5: usownership + residual tax,ok,fast,B5
50,2077,0.886894279428,6.40793127389,6.40793127389,13.27072754,15.9201049213,2.48443752606,0.0200771210752,0.154290745874,0.486201463818,0.231982048515,16.2051624465,0.466300846222,0.466300846222,0.287786821396,0,0.23175584791,0.287786821396,1.75542889633,0.0520304330172,0.333407438925,0.0359445530489,0.0359445530489,0,0.0556840606677,0.681453386599,1.46745180179,0,0,0.301758373566,0.23175584791,0.267700400959,0.215669967941,0.400365958664,0.490213107245,0.451040536489,0.144580074528,2.54402482952,1.59528895695,0.996232965624,2.39479131471,0.00308389197853,0,0.533699153778,26.6324010942,2.07098468644,0,1.11579468112e-16,1.11579468112e-16,3.33066907388e-16,0,B5: usownership + residual tax,ok,fast,B5
1,2028,0.0144755795665,1.00508631542,1.03366772825,1.03366772825,0.984984589109,0.98,-0.02,0.573051721808,0.964195353451,0.220361889489,3.04148271957,0,0,0,0,0.364856426395,0,0,0.128530359193,0.12918410514,-0.00545250559552,-0.0181060565376,0.012653550942,-0.0297236444317,0.591040529748,1.69193134763,0.04,0.0207725877924,0.467981774462,0.364856426395,0.3594039208,0.230873561607,0.323677349882,0.743663835028,0.672153258356,0.233502267736,0.425215087941,0.257355823911,-0.758185085411,0.403918726643,0.00359691539188,0,1,0.201589468191,1,-0.0276504838579,1.26804106025e-16,5.63573804555e-17,1.33226762955e-15,0,B6: SSM hybrid,ok,fast,B6
2,2029,0.0332822997251,1.08011793237,1.08183287254,1.08183287254,1.03734526225,0.9604,-0.02,0.564024496132,0.979164135332,0.220832057493,3.09751842173,0,0,0,0,0.191974963311,0,0,0.0721147856548,0.0778924731747,0.104986048388,0.0940153459682,0.0109707024195,0.167523361015,0.655222722652,1.52619859695,0.04,0.0195483931169,0.246384576209,0.191974963311,0.296961011698,0.224846226043,0.381861359542,0.735743116549,0.659661017447,0.227824400494,0.524487926219,0.271708339521,-0.694996991952,0.456489465278,0.00439818300491,0,1,0.420630183113,1,-0.00158521729001,-2.2742899719e-16,-8.02690578318e-17,1.33226762955e-15,0,B6: SSM hybrid,ok,fast,B6
3,2030,0.0574191154862,1.14402259688,1.14402259688,1.14402259688,1.10246648503,0.963675444905,0.00341050073389,0.552438824567,0.966735767532,0.221435477887,3.16499450688,0,0,0,0,0.209390366669,0,0,0.078668960055,0.0899990679761,0.0885308334605,0.0759061539376,0.0126246795228,0.123120424682,0.692425745497,1.44419817793,0.04,0.0204773371288,0.268944141072,0.209390366669,0.297921200129,0.219252240074,0.38214972533,0.731307815567,0.652932688969,0.224586975932,0.545046397322,0.285698707333,-0.646225791993,0.491854065151,0.00424921466243,0,1,0.657370839955,1,0,-2.89522741882e-16,2.51758905985e-17,1.33226762955e-15,0,B6: SSM hybrid,ok,fast,B6
4,2031,0.0879151555569,1.22379876234,1.22379876234,1.22379876234,1.19624173059,0.977482383058,0.0143273736257,0.537800725333,0.949068700429,0.222197878889,3.24702032565,0,0,0,0,0.238775390496,0,0,0.0914226359462,0.111882908721,0.0695397455644,0.0561277576912,0.0134119878732,0.0879544947156,0.694273174508,1.44035523295,0.04,0.0210171342139,0.306987322373,0.238775390496,0.30831513606,0.216892500114,0.378704563383,0.729347439007,0.649939605127,0.22312000086,0.565049129762,0.304346702349,-0.583874244054,0.524068214896,0.00388834454922,0,1,0.918331401528,1,0,-2.78427761605e-16,-4.64046269341e-17,1.33226762955e-15,0,B6: SSM hybrid,ok,fast,B6
5,2032,0.125692255092,1.32666764345,1.32666764345,1.32666764345,1.31947527761,0.994578622707,0.0174900744453,0.519667717556,0.927183545803,0.223142306377,3.34823478386,0,0,0,0,0.236379090662,0,0,0.0895010212572,0.118738108958,0.0693402559877,0.0560867319021,0.0132535240856,0.0891070484834,0.685517656355,1.45875163204,0.04,0.0210563599128,0.304275921578,0.236379090662,0.30571934665,0.216218325392,0.388629728964,0.728703922892,0.648695922619,0.222470793209,0.605133687778,0.329590172497,-0.514184410875,0.559233470992,0.00436952581116,0,1,1.21265836616,1,0,-1.47247191824e-16,-8.41412524709e-17,1.33226762955e-15,0,B6: SSM hybrid,ok,fast,B6
6,2033,0.171360273177,1.45951777775,1.45951777775,1.45951777775,1.480400782,1.0143081534,0.0198370749571,0.497747068875,0.900726998065,0.224284006829,3.47468719207,0,0,0,0,0.232082352491,0,0,0.0940474393285,0.137263909652,0.077685818513,0.0648659214374,0.0128198970756,0.106163687525,0.675865058241,1.47958529267,0.04,0.0209818579166,0.299184694572,0.232082352491,0.309768171004,0.215720731676,0.396765093019,0.727923304048,0.647768578417,0.222025695551,0.663087211389,0.362156529973,-0.429668902938,0.605731606636,0.00424174722571,0,1,1.55242622043,1,0,-4.68717254697e-17,3.74973803758e-17,1.33226762955e-15,0,B6: SSM hybrid,ok,fast,B6
7,2034,0.224966092576,1.59997212018,1.59997212018,1.63047496169,1.65789413052,1.03620188728,0.0215848939098,0.472016275563,0.869671896936,0.225624152314,3.62719831388,0,0,0,0,0.244768961475,0,0,0.104286377479,0.166855296482,0.0748690733275,0.0621756317509,0.0126934415766,0.103023832249,0.665682901802,1.50221674208,0.04,0.0210327898379,0.316085479947,0.244768961475,0.319638034803,0.215351657323,0.401315121163,0.727800942658,0.647916773586,0.222091373447,0.709424999452,0.396391476172,-0.347533372172,0.6489329491,0.00397316349516,0,1,1.94577296863,1.01906460814,0,9.20780543675e-17,1.33931715444e-16,1.33226762955e-15,0,B6: SSM hybrid,ok,fast,B6
8,2035,0.285757724698,1.64149142006,1.64149142006,1.84704774307,1.73942153025,1.05965922758,0.0226378088944,0.442836292145,0.834453886942,0.226571819522,3.78148211282,0.000952173169538,0.000952173169538,0.000322874057838,0,0.309746555769,0.000322874057838,0.000500655754557,0.127995335801,0.210103245524,0.0333787097946,0.0195248195038,0.0138538902908,0.0307728466753,0.654006890981,1.52903587682,0.0404754681729,0.0218349594316,0.400485220977,0.309746555769,0.343125265563,0.215129929763,0.389979262135,0.730249482296,0.65126262994,0.223585799516,0.683114803316,0.405616577894,-0.323563608969,0.661381752015,0.00339044450141,0,0.99904782683,2.37373835967,1.12522534112,0,-3.4307088038e-16,3.19135702679e-17,3.33066907388e-16,0,B6: SSM hybrid,ok,fast,B6
9,2036,0.352061761364,1.68289415707,1.68289415707,2.11006208027,1.82228024196,1.08282522362,0.0218617414361,0.411010354545,0.796042412461,0.227168555852,3.93689382137,0.00366259636119,0.00366259636119,0.00134737958802,0,0.315279412046,0.00134737958802,0.00215330830724,0.135514804591,0.228057072843,0.0355287057983,0.0218418825334,0.0136868232649,0.0349879154031,0.646111213295,1.54772116537,0.0407913426683,0.0219245485729,0.407953654621,0.315279412046,0.350808117844,0.215293313253,0.398506078874,0.732148527395,0.654080796831,0.224879028535,0.679392881013,0.415737814507,-0.306636201547,0.664834893477,0.0032394596449,0,0.996337403639,2.83867671668,1.25382934596,-1.11022302463e-16,-3.16048092255e-16,9.138740017e-17,1.22124532709e-15,0,B6: SSM hybrid,ok,fast,B6
10,2037,0.421371924532,1.72476336033,1.72476336033,2.42109257643,1.90849139783,1.10652362041,0.0218857081191,0.377741476225,0.755889418801,0.227792347321,4.09356808651,0.00819259332468,0.00819259332468,0.00327553124277,0,0.321680557349,0.00327553124277,0.00535202599279,0.14421573529,0.248738016212,0.0378234418361,0.0243580274152,0.0134654144209,0.0394829757448,0.64128284009,1.5593743314,0.0405585224308,0.0218266701942,0.416572610014,0.321680557349,0.359503999185,0.215288263895,0.406052893056,0.732910018688,0.655910314614,0.225783213646,0.677772168696,0.425747032462,-0.292023737686,0.662381550103,0.00295326619736,0,0.991807406675,3.3407252832,1.40372449469,-1.11022302463e-16,-1.45432018437e-17,-5.8172807375e-17,1.33226762955e-15,0,B6: SSM hybrid,ok,fast,B6
11,2038,0.490682087701,1.76784327787,1.76784327787,2.77685059612,1.99908033432,1.13080178506,0.0219409366448,0.344472597904,0.715736425142,0.228416138789,4.25175793683,0.0145134351987,0.0145134351987,0.00627298400047,0,0.329431733164,0.00627298400047,0.0105981229466,0.152369642766,0.269365648715,0.0382145387213,0.0247948525389,0.0134196861823,0.0404997134985,0.63701776468,1.56981493366,0.0405657124357,0.0219196079013,0.426955188833,0.329431733164,0.367646271885,0.215276629119,0.412813208317,0.732501318942,0.65671448659,0.226276873279,0.677374976956,0.436050684834,-0.278115087798,0.660076732924,0.00270350701698,0,0.985486564801,3.87818946384,1.5707560907,0,-1.3537067901e-16,-5.55366888245e-17,5.55111512313e-16,0,B6: SSM hybrid,ok,fast,B6
12,2039,0.556986124366,1.81292328722,1.81292328722,3.16839679163,2.09453726411,1.15533695158,0.0216971416594,0.312646660304,0.677324950661,0.229012875119,4.411835235,0.022509048711,0.022509048711,0.0104301549497,0,0.333955303689,0.0104301549497,0.0180892729288,0.157614645159,0.285743260616,0.0389873393959,0.0255908035229,0.013396535873,0.042091094911,0.633576972023,1.57834019252,0.0405822809934,0.0220342773686,0.433152893105,0.333955303689,0.372942643085,0.215327997926,0.420810247693,0.730991993928,0.656494392336,0.226349450055,0.679554702208,0.447031009802,-0.265061966544,0.6587201483,0.0026208905146,0,0.977490951289,4.44772888549,1.74767284085,0,9.93855877783e-18,7.95084702227e-17,2.22044604925e-16,0,B6: SSM hybrid,ok,fast,B6
13,2040,0.617777756488,1.86071648969,1.86071648969,3.58210696422,2.19580029438,1.1800832134,0.0214190862527,0.283466676886,0.642106940667,0.229559999808,4.57427119792,0.0319935748804,0.0319935748804,0.015740863956,0,0.336223146738,0.015740863956,0.0281149190869,0.161014816354,0.299602923875,0.0401782851216,0.0268135571094,0.0133647280122,0.0443669725846,0.631172059558,1.58435403605,0.0405091424978,0.0221139074872,0.436404063462,0.336223146738,0.376401431859,0.215386615505,0.42866847114,0.72836117905,0.655214949045,0.2259814558,0.683801535358,0.458761901555,-0.251617020556,0.661260327515,0.00260172581973,0,0.96800642512,5.0448074541,1.92512238381,2.22044604925e-16,5.05612021033e-17,-7.5841803155e-17,6.66133814775e-16,0,B6: SSM hybrid,ok,fast,B6
14,2041,0.671383575888,1.91177293663,1.91177293663,4.00216535631,2.30358765791,1.20494835646,0.0210706692334,0.257735883574,0.611051839538,0.230042452183,4.7396038604,0.0427380398442,0.0427380398442,0.0221066118224,0,0.336383206728,0.0221066118224,0.0405449645812,0.162189945129,0.310070347692,0.041266849664,0.0279116691775,0.0133551804866,0.0463927319295,0.629550503896,1.58843491318,0.0404257258758,0.0221980027151,0.436885394112,0.336383206728,0.377650056392,0.215460111263,0.436396801716,0.724728955559,0.652968240063,0.225206124908,0.690967409261,0.471409844423,-0.237213918837,0.665665362208,0.002691441917,0,0.957261960156,5.66426736293,2.09343132734,2.22044604925e-16,-6.02442358125e-18,9.63907773e-17,1.11022302463e-15,0,B6: SSM hybrid,ok,fast,B6
15,2042,0.717051593972,1.96644689762,1.96644689762,4.41364964176,2.41957790461,1.23043134678,0.0211486161968,0.235815234893,0.5845952918,0.230453464346,4.90840212879,0.0544984286953,0.0544984286953,0.029362314681,0,0.337717550443,0.029362314681,0.0553401361582,0.164628202866,0.323732618786,0.0423543170477,0.0290021716009,0.0133521454468,0.0483876810022,0.628373147854,1.59141109612,0.04032120077,0.0222769302749,0.438852668157,0.337717550443,0.380071867491,0.215443664625,0.440499235537,0.719951019012,0.649653389468,0.223985048659,0.696205586531,0.484765227499,-0.21880704486,0.674367012522,0.00256424719899,0,0.945501571305,6.30087555985,2.24447944519,0,-3.32666161035e-16,4.5884987729e-17,5.55111512313e-16,0,B6: SSM hybrid,ok,fast,B6
16,2043,0.754828693508,2.02491253885,2.02491253885,4.80501290317,2.54397176316,1.25633661422,0.0210538097138,0.217682227116,0.562710137174,0.230793458242,5.08123456854,0.0670389302546,0.0670389302546,0.0373111702192,0,0.338033220371,0.0373111702192,0.0723638113652,0.165414568748,0.334950034366,0.0428450172912,0.0294566738921,0.0133883433991,0.0492877241647,0.627103945932,1.59463196889,0.040344584859,0.0224017476955,0.439457027495,0.338033220371,0.380878237662,0.215463668914,0.44381716836,0.714334432818,0.645517415263,0.222416024956,0.711341608076,0.499176160426,-0.197440959063,0.683834939571,0.0025140630876,0,0.932961069745,6.94973981216,2.37294836739,0,2.34572130232e-16,0,1.33226762955e-15,0,B6: SSM hybrid,ok,fast,B6
17,2044,0.785324733578,2.08720782699,2.08720782699,5.16923737323,2.67695793464,1.28255456885,0.020868574812,0.203044127882,0.545043070071,0.231067922602,5.25864727105,0.0801473736499,0.0801473736499,0.0457563065275,0,0.33660101125,0.0457563065275,0.0913548280534,0.164749804146,0.343867080709,0.0436515573342,0.0302581789325,0.0133933784018,0.0507729635707,0.626208795254,1.59691145761,0.0403161429141,0.0224739735725,0.437751293182,0.33660101125,0.380252568584,0.215502764438,0.446674324173,0.708074175592,0.640724259277,0.220565028426,0.726354423211,0.514625940849,-0.173676562259,0.695595042359,0.00251387799627,0,0.91985262635,7.60655948211,2.47662801298,0,3.99180595023e-16,8.29466171476e-17,1.11022302463e-15,0,B6: SSM hybrid,ok,fast,B6
18,2045,0.809461549339,2.15328566196,2.15328566196,5.50367404565,2.81940308345,1.30934930431,0.0208916923382,0.191458456317,0.531060049892,0.231285153944,5.44115144059,0.09364289056,0.09364289056,0.0545222792272,0,0.335738267809,0.0545222792272,0.112091897532,0.164612427314,0.354457579515,0.0443720440024,0.030986345082,0.0133856989205,0.0521154885799,0.62555709413,1.5985751091,0.0402605724436,0.0225132146879,0.436752678229,0.335738267809,0.380110311811,0.215497884498,0.447243606347,0.701188369207,0.635307971789,0.218449308286,0.747343164029,0.530916196791,-0.146441872965,0.711701733804,0.00238689649896,0,0.90635710944,8.26772842367,2.55594236421,0,9.35226218258e-17,0,8.881784197e-16,0,B6: SSM hybrid,ok,fast,B6
19,2046,0.828268269498,2.2230584022,2.2230584022,5.80906547175,2.971019953,1.33645609583,0.0207024904914,0.182431230641,0.520164878379,0.231454414425,5.62921903487,0.107377562542,0.107377562542,0.063465421305,0,0.333481386419,0.063465421305,0.134610479862,0.162645125713,0.361569613293,0.0447015694157,0.0313083458979,0.0133932235178,0.0527401751608,0.624942056868,1.60014834817,0.0402675077015,0.0225614268029,0.433912304849,0.333481386419,0.378182955834,0.215537830121,0.448167402101,0.693979674911,0.629524381353,0.216172230707,0.771188591103,0.548279209068,-0.117559933629,0.736196264813,0.00239387219094,0,0.892622437458,8.93033184113,2.61309620386,0,3.69013084449e-16,1.4947365446e-16,4.4408920985e-16,0,B6: SSM hybrid,ok,fast,B6
20,2047,0.842743849065,2.29643016327,2.29643016327,6.0883198483,3.13218917734,1.36393835416,0.0205635324783,0.175482952449,0.511778837603,0.231584694642,5.82328397091,0.12123426481,0.12123426481,0.0724755996809,0,0.330473163947,0.0724755996809,0.15882600887,0.160180498835,0.367843329093,0.045274512236,0.0319013882451,0.0133731239909,0.0538161030418,0.624686566695,1.60080279186,0.0402107471474,0.0225598150512,0.430071032737,0.330473163947,0.375747676183,0.215567177347,0.448551819105,0.686519365438,0.623447729899,0.21376599674,0.796907276241,0.566543382573,-0.0870407355352,0.757980157442,0.00239486784292,0,0.87876573519,9.59208099802,2.65121053785,0,4.43069911237e-17,-7.0891185798e-17,8.881784197e-16,0,B6: SSM hybrid,ok,fast,B6
21,2048,0.853781225432,2.37331690364,2.37331690364,6.34542212849,3.30332916861,1.39186181312,0.0204726693639,0.170185011793,0.50538462811,0.231684031029,6.0237465598,0.13512260423,0.13512260423,0.081472879247,0,0.327385944463,0.081472879247,0.184739760994,0.157396966404,0.373552880948,0.0455973934373,0.0322367748016,0.0133606186357,0.0544243544048,0.624559369238,1.60112881057,0.0401690597435,0.0225563211014,0.426108473187,0.327385944463,0.3729833379,0.215586371497,0.448321222352,0.678889960671,0.617159271975,0.211265832125,0.824126270845,0.585681601289,-0.055016298763,0.784482018641,0.00239403880401,0,0.86487739577,10.2512203453,2.67365142799,0,1.09229950933e-16,0,7.77156117238e-16,0,B6: SSM hybrid,ok,fast,B6
22,2049,0.862136705534,2.45365689682,2.45365689682,6.58464311293,3.48481965541,1.42025548068,0.0203997748141,0.166174381344,0.500544103658,0.23175923035,6.23097940016,0.148974270252,0.148974270252,0.0904020144924,0,0.324070314605,0.0904020144924,0.211691856696,0.154282993039,0.378557529931,0.0458144508278,0.0324647070805,0.0133497437473,0.0548360566445,0.624496830961,1.6012891506,0.0401418008092,0.0225490192319,0.421834309512,0.324070314605,0.369884765432,0.215601772394,0.447730055513,0.671168783762,0.610734363446,0.208703745692,0.855207556018,0.605691735839,-0.0218080258932,0.812507815977,0.00239693645509,0,0.851025729748,10.9064296695,2.68360385736,0,5.33635524972e-16,1.27435349247e-16,8.881784197e-16,0,B6: SSM hybrid,ok,fast,B6
23,2050,0.86842756131,2.53741469604,2.53741469604,6.81005224428,3.67703985199,1.44912846045,0.0203294267553,0.163154770571,0.496899664221,0.231815848052,6.44533357577,0.162738571037,0.162738571037,0.0992266454157,0,0.32046618983,0.0992266454157,0.240167556407,0.1508258565,0.382707744825,0.0459763040329,0.032639044141,0.0133372598919,0.0551474228676,0.624489804229,1.60130716823,0.0401199324442,0.0225348361298,0.417173654283,0.32046618983,0.366442493863,0.215616637363,0.446964070012,0.663423870121,0.604237229145,0.20610696279,0.888521021488,0.626573444944,0.0122459667389,0.841680819431,0.00241513832261,0,0.837261428963,11.5567337167,2.68385465525,0,1.96257042364e-16,1.50966955665e-16,2.22044604925e-16,0,B6: SSM hybrid,ok,fast,B6
24,2051,0.873144546918,2.62458121677,2.62458121677,7.02526909128,3.88039298035,1.4784808165,0.0202551787899,0.160890617479,0.49416700447,0.231858300922,6.66714450278,0.176378525081,0.176378525081,0.107924155549,0,0.31653996975,0.107924155549,0.269758712169,0.147009532216,0.38583845694,0.0461018910963,0.0327788378866,0.0133230532097,0.0553918121824,0.624542071388,1.6011731568,0.0400988280266,0.0225141618395,0.41208538754,0.31653996975,0.362641860846,0.215632328631,0.446165849192,0.655710799831,0.597720300077,0.203497761308,0.923497137566,0.648330077264,0.0468436075081,0.871158170248,0.00245443597062,0,0.823621474919,12.2014247195,2.67672002161,0,1.6451381146e-16,-5.72221952903e-17,1.11022302463e-15,0,B6: SSM hybrid,ok,fast,B6
25,2052,0.876670539484,2.71517180932,2.71517180932,7.23337472649,4.09554984292,1.50839435975,0.0202326218296,0.159198141048,0.492124314759,0.231890034855,6.89673711811,0.189867626662,0.189867626662,0.116481535273,0,0.312707711098,0.116481535273,0.300792138499,0.143270933995,0.389005201077,0.046200319077,0.032893075905,0.0133072431721,0.0555877752979,0.624625263939,1.60095989985,0.040076553637,0.0224886248224,0.407113206817,0.312707711098,0.358908030175,0.215637096181,0.445004119575,0.648032829488,0.591195671905,0.200882331527,0.960669078925,0.670922357206,0.0820833318152,0.902306677741,0.00247418175304,0,0.810132373338,12.8399990494,2.66405783298,0,4.06620502939e-17,1.35540167646e-16,4.4408920985e-16,0,B6: SSM hybrid,ok,fast,B6
26,2053,0.87930018792,2.80922351203,2.80922351203,7.43691689368,4.3230703273,1.53888443151,0.0202135943898,0.157935909798,0.490600898103,0.231913701691,7.13443031458,0.203187266432,0.203187266432,0.124892255932,0,0.308861995331,0.124892255932,0.333615924352,0.139436194386,0.391707435696,0.0462153169638,0.0329208520057,0.0132944649581,0.0556328879897,0.62467247942,1.60083889229,0.0400697865489,0.0224662921777,0.402118871292,0.308861995331,0.355077312295,0.215641117909,0.443710731965,0.640420217031,0.584693807977,0.19827371596,0.999631095764,0.694388062782,0.117771717281,0.935041481926,0.00249827556082,0,0.796812733568,13.472107032,2.64732117677,0,2.82494901685e-16,2.05450837589e-16,6.66133814775e-16,0,B6: SSM hybrid,ok,fast,B6
27,2054,0.881257984548,2.90679216944,2.90679216944,7.63796245155,4.5633990445,1.56990895065,0.0201603957417,0.156996167417,0.489466700866,0.231931321861,7.38054064594,0.216324726145,0.216324726145,0.133154011368,0,0.304645815563,0.133154011368,0.368248421484,0.135231037441,0.393088520698,0.0462375848968,0.0329582830314,0.0132793018654,0.0556939925446,0.624732755027,1.60068443979,0.0400640783169,0.0224398018059,0.396638769727,0.304645815563,0.35088340046,0.215652363019,0.442622343777,0.632915822329,0.578253549359,0.195687913846,1.03578645226,0.718773222222,0.153555287506,0.970977608217,0.00255220500503,0,0.783675273855,14.0975140583,2.62762592106,0,4.0142621164e-16,9.73154452459e-17,4.4408920985e-16,0,B6: SSM hybrid,ok,fast,B6
28,2055,0.882713717217,3.00794976627,3.00794976627,7.83816805442,4.81835705139,1.60187417537,0.0203611965524,0.156297415736,0.488623360987,0.231944423455,7.6353853815,0.229271647476,0.229271647476,0.141267142187,0,0.302196767677,0.141267142187,0.404537637003,0.132865904823,0.399653967358,0.0462790611056,0.0330215903923,0.0132574707132,0.0558102851116,0.624697306191,1.60077527162,0.0400481187225,0.0224066500606,0.393456901956,0.302196767677,0.348475828783,0.21560992396,0.439698254201,0.625362943376,0.571759419772,0.193080793029,1.07292212551,0.743850008585,0.190882593652,1.0104262751,0.00242916251899,0,0.770728352524,14.7160709141,2.60581747153,0,1.9585297662e-16,4.60830533223e-17,1.11022302463e-15,0,B6: SSM hybrid,ok,fast,B6
29,2056,0.883795107144,3.1127821263,3.1127821263,8.03885276195,5.08817756329,1.6346076779,0.0204345029328,0.155778348571,0.487996886587,0.231954155964,7.89928500942,0.242022877757,0.242022877757,0.149233568528,0,0.299828340892,0.149233568528,0.442523930493,0.130246664793,0.405429490179,0.0460127587892,0.032761349336,0.0132514094532,0.0553803156777,0.624331638075,1.6017128382,0.0401083589657,0.0224003972232,0.390378182787,0.299828340892,0.345841099681,0.215594434888,0.436899794986,0.617874531038,0.565301060765,0.190487844499,1.11581058958,0.769910781469,0.228692710889,1.05224709796,0.00234626771507,0,0.757977122243,15.3276913966,2.58252985136,0,-4.36393192186e-17,-4.36393192186e-17,4.4408920985e-16,0,B6: SSM hybrid,ok,fast,B6
30,2057,0.884597849001,3.22138701277,3.22138701277,8.24106450744,5.37293279459,1.66789422485,0.0203636306091,0.155393032479,0.487531839511,0.231961380641,8.17256528791,0.254575607931,0.254575607931,0.157056087159,0,0.296348122974,0.157056087159,0.482227635908,0.1267576894,0.408335574403,0.0460189760529,0.0327970535196,0.0132219225333,0.0554713371702,0.624040300802,1.60246060826,0.0401303508798,0.0223629150845,0.385850549053,0.296348122974,0.342367099027,0.215609409627,0.434928561174,0.610543881259,0.558950977312,0.187937497291,1.15947335343,0.797031558391,0.266122411137,1.09558763609,0.00233782155879,0,0.745424392069,15.9323355646,2.55823484566,0,1.91135146677e-16,-1.23979554601e-16,5.55111512313e-16,0,B6: SSM hybrid,ok,fast,B6
31,2058,0.885193430923,3.33387260964,3.33387260964,8.44563722732,5.67315218458,1.70167035422,0.0202507622332,0.155107153157,0.487186805016,0.231966740878,8.4555589344,0.266928733145,0.266928733145,0.164737921904,0,0.292167578916,0.164737921904,0.523716400174,0.122662750789,0.408941985079,0.0461284339534,0.0329458826033,0.0131825513501,0.0557444371174,0.623962391281,1.60266069554,0.0401090891827,0.0223048783859,0.380410060952,0.292167578916,0.338296012869,0.21563326208,0.433500796169,0.60339463014,0.552729277085,0.185437763704,1.20252910087,0.825186765503,0.303025615214,1.13824626426,0.00237713289426,0,0.733071266855,16.5299972812,2.53328132662,0,-1.12526196793e-16,0,4.4408920985e-16,0,B6: SSM hybrid,ok,fast,B6
32,2059,0.885635141644,3.45035633853,3.45035633853,8.65323810007,5.9896379593,1.73594764472,0.0201433200087,0.154895132011,0.486930911696,0.231970716275,8.74860702959,0.279082380863,0.279082380863,0.172282445891,0,0.287604733626,0.172282445891,0.566960710083,0.118158779113,0.407689892466,0.0462100182164,0.0330620174046,0.0131480008118,0.055943170402,0.624054933378,1.60242303444,0.0400752286699,0.0222473069582,0.374471051717,0.287604733626,0.333814751843,0.21565597273,0.432408950134,0.596422242457,0.546636404462,0.182988972615,1.24957311111,0.854376856663,0.339472041762,1.18227922988,0.00244899474522,0,0.720917619137,17.1206949876,2.50792592158,0,5.56071852173e-17,3.70714568115e-17,8.881784197e-16,0,B6: SSM hybrid,ok,fast,B6
33,2060,0.885962639835,3.57096395901,3.57096395901,8.86440563029,6.32352549932,1.77081750807,0.0200869326115,0.154737932879,0.486741184357,0.231973663759,9.05206020053,0.291037563956,0.291037563956,0.179693017668,0,0.283049913925,0.179693017668,0.612024179949,0.11363596769,0.405789945068,0.0462539473207,0.0331330096099,0.0131209377108,0.0560527297397,0.624237310218,1.60195487138,0.0400429960026,0.0221973308218,0.36854193739,0.283049913925,0.329303861246,0.215667893556,0.431304810354,0.589595782752,0.540650580598,0.180582766823,1.30057080689,0.884589914472,0.375747813784,1.22262568088,0.00252176766916,0,0.708962436044,17.7044648945,2.4823565099,0,-1.93127287495e-16,0,6.66133814775e-16,0,B6: SSM hybrid,ok,fast,B6
34,2061,0.886205405265,3.69582890193,3.69582890193,9.07957982842,6.67639441026,1.80646739539,0.0201318809819,0.154621405473,0.486600544683,0.231975848647,9.36627963448,0.302795926407,0.302795926407,0.186972891004,0,0.279162645389,0.186972891004,0.659099309111,0.10973555117,0.405563821584,0.0462312967224,0.0331299612571,0.0131013354654,0.0560342955069,0.624374322543,1.60160333937,0.0400260797835,0.0221589182464,0.363481597417,0.279162645389,0.325393942111,0.215658390941,0.429629099857,0.582853293807,0.534725271586,0.178201246288,1.35730988035,0.915792462895,0.412384321394,1.27324106555,0.00254509906917,0,0.697204073593,18.2813559693,2.45671000183,0,-2.49436212812e-17,0,7.77156117238e-16,0,B6: SSM hybrid,ok,fast,B6
35,2062,0.88638533205,3.82509179101,3.82509179101,9.2991258428,7.04937689537,1.84293012574,0.0201845493831,0.154535040616,0.486496308901,0.231977467988,9.69163796492,0.314359557342,0.314359557342,0.194125171127,0,0.275618519378,0.194125171127,0.708267128258,0.106086904532,0.405792147658,0.0461156424397,0.0330272450628,0.0130883973769,0.0558516567748,0.624365926312,1.60162487711,0.0400395642946,0.0221335045244,0.358867751778,0.275618519378,0.321734161818,0.215647257286,0.427722285291,0.576197056688,0.528861632637,0.175844927773,1.41221686143,0.948082216109,0.449318171155,1.32141890699,0.00255119978964,0,0.685640442658,18.8514262534,2.43108567085,0,-1.77178908326e-16,-3.14984725914e-17,4.4408920985e-16,0,B6: SSM hybrid,ok,fast,B6
36,2063,0.886518669972,3.95890011519,3.95890011519,9.52335230983,7.44293217438,1.88005050843,0.0201420456314,0.154471038414,0.486419063134,0.23197866803,10.0285200626,0.3257308553,0.3257308553,0.201152799213,0,0.271444885392,0.201152799213,0.759611139575,0.101835702437,0.403157374109,0.0460470591751,0.0329755738044,0.0130714853706,0.055763047183,0.624327292735,1.60172398618,0.0400553648149,0.0221044176455,0.353434044203,0.271444885392,0.317491944567,0.21565624213,0.426349011554,0.5696887466,0.523106761813,0.17353203385,1.46951246379,0.981604614572,0.485965179827,1.37314404302,0.00260494398646,0,0.6742691447,19.4147401602,2.4055550867,0,1.04415316307e-16,-2.98329475162e-17,6.66133814775e-16,0,B6: SSM hybrid,ok,fast,B6
37,2064,0.886617473776,4.09740802071,4.09740802071,9.75252551889,7.8579633857,1.9177888426,0.0200730427211,0.154423612587,0.486361823786,0.231979557264,10.3773237574,0.336912429346,0.336912429346,0.208058553285,0,0.266751175452,0.208058553285,0.813216636023,0.0971762912302,0.39817091511,0.0460959459893,0.0330496904507,0.0130462555386,0.0558883148514,0.624402114273,1.60153205305,0.0400426136894,0.0220617266676,0.347323014609,0.266751175452,0.312847121442,0.215670830211,0.425340502732,0.563336633157,0.51746921576,0.171265859719,1.524342124,1.01635950339,0.522243089323,1.42932135374,0.00268763685185,0,0.663087570654,19.9713664963,2.38016948022,0,2.82572715125e-17,-5.6514543025e-17,8.881784197e-16,0,B6: SSM hybrid,ok,fast,B6
38,2065,0.886690682963,4.24077619828,4.24077619828,9.98688030186,8.29575846227,1.95618869622,0.0200229831169,0.154388472178,0.486319411997,0.231980216147,10.7384605111,0.347907027138,0.347907027138,0.214845057927,0,0.261939747512,0.214845057927,0.869172416486,0.0923895564932,0.391803432147,0.0461312236566,0.0331077598712,0.0130234637854,0.0559772461979,0.624558074417,1.60113213,0.0400219128163,0.0220195398752,0.341058593827,0.261939747512,0.308070971169,0.215681414675,0.424433126682,0.55712663631,0.511938099275,0.169042208414,1.58000896495,1.05234897606,0.558295021685,1.48597342005,0.00278682960217,0,0.652092972862,20.5213770142,2.35496518442,0,4.01490603785e-17,5.35320805047e-17,1.22124532709e-15,0,B6: SSM hybrid,ok,fast,B6
39,2066,0.886744925089,4.38917184573,4.38917184573,10.2266283815,8.7581274447,1.99539406351,0.0200417103785,0.154362435957,0.486287988269,0.231980704326,11.1123560566,0.358717482726,0.358717482726,0.221514798106,0,0.257544711848,0.221514798106,0.927570231042,0.0879956870557,0.38622819217,0.0461284301208,0.0331231420961,0.0130052880247,0.0559904376488,0.624708839351,1.60074571866,0.0400068949351,0.0219837769659,0.335336251705,0.257544711848,0.303673141969,0.215677454913,0.423193867292,0.551013230043,0.506479670424,0.166848044447,1.64465198223,1.08955228786,0.594499650853,1.54452298596,0.00285687290983,0,0.641282517274,21.064845354,2.32996764332,0,2.53529771435e-17,7.60589314304e-17,6.66133814775e-16,0,B6: SSM hybrid,ok,fast,B6
40,2067,0.886785112721,4.54276869071,4.54276869071,10.4719647609,9.24790165804,2.03574125994,0.0202201646116,0.154343145894,0.486264706637,0.231981066014,11.4994510167,0.369346678722,0.369346678722,0.228070134257,0,0.254721360861,0.228070134257,0.988506479964,0.085130270481,0.386727127372,0.0460486387989,0.0330578200606,0.0129908187383,0.0558764109268,0.624681718452,1.60081521591,0.0400125131136,0.0219579005743,0.331660261993,0.254721360861,0.30076999966,0.215639729179,0.420702482202,0.544894291258,0.501017444931,0.164653911127,1.71840146405,1.1278724865,0.631694527594,1.60830410179,0.0028050531777,0,0.630653321278,21.6018462727,2.30519435918,0,1.20051344151e-16,0,4.4408920985e-16,0,B6: SSM hybrid,ok,fast,B6
41,2068,0.886814886688,4.70174706168,4.70174706168,10.7230726094,9.76572080978,2.07704087048,0.0202872591699,0.15432885439,0.486247457883,0.23198133398,11.9002015111,0.379797518987,0.379797518987,0.234513317027,0,0.251858875952,0.234513317027,1.05208179312,0.0820602322963,0.38582645608,0.0458269049563,0.0328443573881,0.0129825475682,0.0555217407817,0.624402851876,1.60153016117,0.0400660493835,0.0219463462856,0.327933274404,0.251858875952,0.297685780908,0.215625548612,0.418393362896,0.538846797199,0.495610025553,0.162482544049,1.79421269966,1.16760940411,0.669097822985,1.67293567251,0.00278114347819,0,0.620202481013,22.1324550823,2.28065705549,0,6.82114334159e-17,4.54742889439e-17,3.33066907388e-16,0,B6: SSM hybrid,ok,fast,B6
42,2069,0.886836945014,4.86629399787,4.86629399787,10.9801269989,10.3117455322,2.11901408683,0.0202081802751,0.154318266393,0.486234678981,0.231981532505,12.3150797597,0.390072908965,0.390072908965,0.240846500816,0,0.24777931438,0.240846500816,1.1183989951,0.077957201277,0.379362660665,0.045820149186,0.0328637587342,0.0129563904518,0.055575098185,0.624203401982,1.60204189343,0.040086177751,0.0219102348366,0.322621557771,0.24777931438,0.293599463566,0.215642262289,0.416963969957,0.532961089184,0.490323108074,0.160359167282,1.86957946156,1.20890727043,0.705950845335,1.74624339402,0.00283710022293,0,0.609927091035,22.6567472419,2.256363262,0,-5.38329335787e-17,-4.30663468629e-17,6.66133814775e-16,0,B6: SSM hybrid,ok,fast,B6
43,2070,0.886853286897,5.03660339118,5.03660339118,11.2432977631,10.8876667671,2.16170818338,0.0201480947247,0.154310422289,0.486225211747,0.231981679582,12.7445746882,0.400175741592,0.400175741592,0.247071755765,0,0.243419510655,0.247071755765,1.18756447451,0.0736938376969,0.371166632853,0.0459292904123,0.0330085421791,0.0129207482332,0.0558345275762,0.624193667441,1.6020668779,0.0400624540825,0.0218556720748,0.316944927202,0.243419510655,0.289348801067,0.21565496337,0.415687358887,0.527215328599,0.485141216699,0.158277755844,1.94054904588,1.25167254732,0.742497493723,1.82445275995,0.00290199396231,0,0.599824258408,23.1747980625,2.23231747467,0,-4.07882808454e-17,-4.07882808454e-17,1.22124532709e-15,0,B6: SSM hybrid,ok,fast,B6
44,2071,0.886865393632,5.21287615471,5.21287615471,11.5127516888,11.4953917287,2.20519179577,0.0201153942635,0.154304611056,0.486218198033,0.231981788543,13.1891925407,0.41010888728,0.41010888728,0.253191078075,0,0.239150071651,0.253191078075,1.25968865897,0.0694314985746,0.361937803305,0.0459433032534,0.0330496203103,0.0128936829431,0.055903123134,0.624244145007,1.60193733173,0.0400444284174,0.0218095439056,0.311385938619,0.239150071651,0.285093374905,0.21566187633,0.414411631258,0.521590228863,0.480050701893,0.156233035778,2.0159835583,1.29593851706,0.778902164823,1.90241592767,0.00296991892834,0,0.58989111272,23.6866824941,2.20852200342,0,-5.31189086856e-17,-7.72638671791e-17,4.4408920985e-16,0,B6: SSM hybrid,ok,fast,B6
45,2072,0.886874362725,5.3953204137,5.3953204137,11.7886541996,12.1383913617,2.2497999064,0.0202286761257,0.154300305892,0.486213002028,0.231981869265,13.6494575031,0.419875186839,0.419875186839,0.259206398757,0,0.236117676797,0.259206398757,1.33488556788,0.0664028605831,0.358264709232,0.0459231139363,0.0330531369984,0.0128699769379,0.0559107819836,0.624229576064,1.60197471947,0.040034618279,0.021770111404,0.307437633759,0.236117676797,0.282040790734,0.215637930151,0.412191397092,0.515990976129,0.47498161107,0.15419816035,2.10240032942,1.34158288265,0.81594511,1.97443882706,0.00294491220239,0,0.580124813161,24.1924749727,2.18497759088,-1.11022302463e-16,7.31710152714e-17,7.31710152714e-17,7.77156117238e-16,0,B6: SSM hybrid,ok,fast,B6
46,2073,0.886881007304,5.584151716,5.584151716,12.0711706542,12.8177037349,2.29537168522,0.0202559252907,0.154297116494,0.486209152669,0.231981929066,14.1259123402,0.429477446562,0.429477446562,0.265119590934,0,0.232988795945,0.265119590934,1.41305772716,0.063107207921,0.352400223404,0.045750582833,0.0328945347708,0.0128560480622,0.0556453015467,0.624041205855,1.60245828419,0.0400686028377,0.021747645197,0.303363689947,0.232988795945,0.278739378778,0.215632170857,0.410195319282,0.510476248982,0.469978053445,0.1521901949,2.19113879224,1.3888997364,0.853026610121,2.05828678882,0.00294759982205,0,0.570522553438,24.6922493126,2.16168386321,0,-3.0315731012e-17,-1.38586198912e-16,6.66133814775e-16,0,B6: SSM hybrid,ok,fast,B6
47,2074,0.886885929791,5.77959325962,5.77959325962,12.360467353,13.5340888221,2.34170264483,0.020184512995,0.154294753701,0.486206300958,0.231981973368,14.6191190494,0.43891843487,0.43891843487,0.270932475895,0,0.228892724437,0.270932475895,1.49416521051,0.0589954405973,0.340969650825,0.0457499811381,0.0329199234265,0.0128300577116,0.055701173147,0.623929440222,1.60274533551,0.0400767775872,0.0217087159292,0.298030406188,0.228892724437,0.274642705575,0.215647264978,0.408857938321,0.50510649021,0.465083555882,0.150225755481,2.28659981378,1.43801600856,0.889654129871,2.13951707884,0.00300805846057,0,0.56108156513,25.1860786291,2.13863965815,2.22044604925e-16,1.06641086148e-16,-1.64063209458e-16,1.11022302463e-15,0,B6: SSM hybrid,ok,fast,B6
48,2075,0.886889576492,5.98187613578,5.98187613578,12.6567123227,14.290304178,2.38893348067,0.0201694420666,0.154293003284,0.486204188339,0.231982006188,15.1296595332,0.448200880083,0.448200880083,0.276646828077,0,0.224938777235,0.276646828077,1.57863181165,0.0551101301532,0.329661972403,0.0458218036455,0.0330233000942,0.0127985035512,0.0558852815845,0.623935596819,1.60272952064,0.0400553538985,0.0216588885054,0.292882170792,0.224938777235,0.270760580881,0.215650450727,0.407371876096,0.499837770864,0.460267160632,0.1482929195,2.38171935183,1.48881993589,0.926227500955,2.22140213671,0.00304939388359,0,0.551799119917,25.6740352868,2.11584326313,0,7.76906503038e-18,6.21525202431e-17,1.11022302463e-15,0,B6: SSM hybrid,ok,fast,B6
49,2076,0.886892278053,6.19123958621,6.19123958621,12.9600759344,15.0887014649,2.43710508288,0.0201644803449,0.154291706535,0.486202623261,0.231982030502,15.6581362918,0.457327469026,0.457327469026,0.282264379157,0,0.221149523394,0.282264379157,1.6665843915,0.0512790091616,0.317480631463,0.0457809853435,0.033004969201,0.0127760161425,0.0558534444443,0.623925896807,1.60275443785,0.04005083262,0.0216205173072,0.287948371232,0.221149523394,0.266930508737,0.215651499575,0.405857387202,0.494662190514,0.455524138211,0.14638994579,2.4768195607,1.5414080646,0.962773175783,2.30689258243,0.00309140824481,0,0.542672530974,26.1561908635,2.09329258768,0,-1.14048627191e-16,2.94319037913e-17,4.4408920985e-16,0,B6: SSM hybrid,ok,fast,B6
50,2077,0.886894279428,6.40793127389,6.40793127389,13.2707313944,15.9302307391,2.48601772681,0.0200699773972,0.154290745874,0.486201463818,0.231982048515,16.2051731379,0.466300846222,0.466300846222,0.287786821396,0,0.216463380345,0.287786821396,1.7581575091,0.0465488005597,0.298281514869,0.0457568985204,0.0330015230048,0.0127553755157,0.0558433124367,0.623967953267,1.60264640958,0.0400493441035,0.0215839256893,0.281846771844,0.216463380345,0.262220278865,0.215671478305,0.405023789377,0.489637386433,0.450895995563,0.144532549087,2.57224402432,1.59599631521,0.998796133302,2.39993972406,0.00320194403818,0,0.533699153778,26.6326161273,2.07098528795,0,1.11508544257e-16,-2.78771360644e-17,8.881784197e-16,0,B6: SSM hybrid,ok,fast,B6
1,2028,0.0144755795665,1.00257665043,1.03366772825,1.03366772825,0.982525117425,0.98,-0.02,0.573051721808,0.961787791753,0.220361889489,3.04092968505,0,0,0,0,0.309077309048,0,0,0.110810366992,0.111095886572,0.0331845457303,0.0331845457303,0,0.0543410828172,0.643855956933,1.55314242143,0,0,0.396436891529,0.309077309048,0.342261854778,0.231451487786,0.34316605924,0.739790432561,0.668433832825,0.232045189261,0.446098017169,0.256140835801,-0.767995736992,0.39919788989,0.00370605679252,0,1,0.201086106418,1,-0.030078406212,-1.129969102e-16,-8.47476826497e-17,1.33226762955e-15,0,B7: equal citizen-equity comparator,ok,fast,B7
2,2029,0.0332822997251,1.08165888446,1.08175418409,1.08175418409,1.03882519263,0.9604,-0.02,0.564024496132,0.980632389028,0.220832057493,3.09733886091,0,0,0,0,0.198172258156,0,0,0.0739394546697,0.0799772680555,0.10027677112,0.10027677112,0,0.164668464146,0.709238369449,1.40996319866,0,0,0.254338310581,0.198172258156,0.298449029277,0.224509574607,0.3803537173,0.731498554492,0.655696904349,0.226254868181,0.52248971871,0.272021171342,-0.697058562028,0.454642053417,0.00419066269841,0,1,0.42043931615,1,-8.80973063166e-05,-5.34364699902e-17,1.33591174975e-16,1.33226762955e-15,0,B7: equal citizen-equity comparator,ok,fast,B7
3,2030,0.0574191154862,1.14399606922,1.14399606922,1.14399606922,1.10311014835,0.964260435883,0.00401961253931,0.552438824567,0.966735767532,0.221435477887,3.16481984554,0,0,0,0,0.215712756447,0,0,0.0805137922409,0.0921074618416,0.0839202614073,0.0839202614073,0,0.125646678421,0.751826985741,1.33009325146,0,0,0.277064713739,0.215712756447,0.299633017854,0.219119225613,0.380534864778,0.726740085239,0.648514095425,0.222809431911,0.542089688392,0.285628780996,-0.648856264397,0.489084575111,0.00415381965451,0,1,0.657174483436,1,0,-2.01289603995e-16,7.54836014981e-17,1.33226762955e-15,0,B7: equal citizen-equity comparator,ok,fast,B7
4,2031,0.0879151555569,1.22377174767,1.22377174767,1.22377174767,1.1967571523,0.977925135607,0.0141711712057,0.537800725333,0.949068700429,0.222197878889,3.24685014138,0,0,0,0,0.24953792672,0,0,0.094532938858,0.115686739799,0.0619209179877,0.0619209179877,0,0.0893524834739,0.754916966674,1.32464899339,0,0,0.320824435864,0.24953792672,0.311458844707,0.216925905849,0.37570330801,0.724565734371,0.645170110835,0.221167290887,0.559794964226,0.304303520322,-0.586272343591,0.521750719149,0.00378278248737,0,1,0.918129284452,1,0,-3.71077130392e-16,-9.27692825981e-17,1.33226762955e-15,0,B7: equal citizen-equity comparator,ok,fast,B7
5,2032,0.125692255092,1.3266398296,1.3266398296,1.3266398296,1.31972530869,0.994787944133,0.0172434554678,0.519667717556,0.927183545803,0.223142306377,3.34806860421,0,0,0,0,0.247584890402,0,0,0.0927620495457,0.123061829603,0.0614479041829,0.0614479041829,0,0.0897605287831,0.746023908981,1.34043961321,0,0,0.318700442094,0.247584890402,0.309032794585,0.216270745039,0.385432983468,0.723785632293,0.643668301836,0.220383063715,0.599362931757,0.329537946221,-0.516150057574,0.557455694396,0.00425862911748,0,1,1.21245007846,1,0,-4.20626556645e-17,1.26187966993e-16,1.33226762955e-15,0,B7: equal citizen-equity comparator,ok,fast,B7
6,2033,0.171360273177,1.45948880203,1.45948880203,1.45948880203,1.48028630607,1.01424985516,0.0195638790559,0.497747068875,0.900726998065,0.224284006829,3.4745244844,0,0,0,0,0.241842655783,0,0,0.0967860055945,0.141258091359,0.0707218846525,0.0707218846525,0,0.106331821999,0.735827431827,1.35901429703,0,0,0.311767009979,0.241842655783,0.312564540436,0.215778534842,0.393979897094,0.722942618688,0.642578467698,0.21984871967,0.657630601798,0.362108644293,-0.431581707323,0.603964637051,0.00415319431578,0,1,1.55221118734,1,0,0,0,1.33226762955e-15,0,B7: equal citizen-equity comparator,ok,fast,B7
7,2034,0.224966092576,1.59997212018,1.59997212018,1.63044442184,1.6574153266,1.03590262961,0.0213485605555,0.472016275563,0.869671896936,0.225624152314,3.62704536868,0,0,0,0,0.254033280884,0,0,0.106767618946,0.170825213652,0.0681358263459,0.0681358263459,0,0.103677658892,0.725324916783,1.37869246852,0,0,0.328049075449,0.254033280884,0.32216910723,0.215401488284,0.398559841255,0.722780525631,0.64263811353,0.219864017468,0.703903840957,0.396346157627,-0.349492048248,0.648551435495,0.00389540890329,0,1,1.94555793554,1.0190455204,2.22044604925e-16,-2.00955609643e-16,-1.67463008036e-16,1.33226762955e-15,0,B7: equal citizen-equity comparator,ok,fast,B7
8,2035,0.285757724698,1.64149142006,1.64149142006,1.84701659021,1.73852321429,1.05911197162,0.0224049455449,0.442836292145,0.834453886942,0.226571819522,3.78133834433,0.000952173169538,0.000952173169538,0.000322874057838,0,0.322652495695,0.000322874057838,0.0005299949957,0.131207167099,0.215375439043,0.0237335992431,0.0237335992431,0,0.0343225978217,0.715219697306,1.39817178381,0,0,0.417171889827,0.322652495695,0.346386094938,0.215178927839,0.385403357268,0.725034603964,0.645877804299,0.221310543108,0.675265513296,0.405547380031,-0.325540787223,0.657483066909,0.00328617023871,0,0.99904782683,2.37352332658,1.12520636273,0,-2.55440483164e-16,-6.38601207911e-17,3.33066907388e-16,0,B7: equal citizen-equity comparator,ok,fast,B7
9,2036,0.352061761364,1.68289415707,1.68289415707,2.11002999185,1.82111597115,1.0821333971,0.0217365359899,0.411010354545,0.796042412461,0.227168555852,3.93675867898,0.00366259636119,0.00366259636119,0.00134737958802,0,0.329723859302,0.00134737958802,0.00226749723603,0.138668108017,0.233363748753,0.0242639444001,0.0242639444001,0,0.0355368594488,0.70704640679,1.41433432148,0,0,0.426643949077,0.329723859302,0.353987803702,0.215319695685,0.393265577491,0.726774928991,0.648734033425,0.222629022957,0.670215503372,0.415651019743,-0.308037713543,0.66353046206,0.00313130280304,0,0.996337403639,2.83846168359,1.25381027856,2.22044604925e-16,-3.0481941903e-16,1.82891651418e-16,1.11022302463e-15,0,B7: equal citizen-equity comparator,ok,fast,B7
10,2037,0.421371924532,1.72476336033,1.72476336033,2.42105933377,1.90706980352,1.1056993947,0.021777349871,0.377741476225,0.755889418801,0.227792347321,4.09344105267,0.00819259332468,0.00819259332468,0.00327553124277,0,0.335521038027,0.00327553124277,0.00564951627315,0.146580313481,0.252816354037,0.0263703704073,0.0263703704073,0,0.0390568574847,0.701549381356,1.42541640913,0,0,0.434495872792,0.335521038027,0.361891408435,0.215311094954,0.400966324946,0.727375789473,0.650673493759,0.223600050045,0.669519435921,0.425685169888,-0.293146265625,0.659697556961,0.00286397247956,0,0.991807406675,3.34051025011,1.40370522093,0,-1.16432342705e-16,-2.91080856762e-17,1.11022302463e-15,0,B7: equal citizen-equity comparator,ok,fast,B7
11,2038,0.490682087701,1.76784327787,1.76784327787,2.77681612854,1.99737851845,1.12983913419,0.0218320997604,0.344472597904,0.715736425142,0.228416138789,4.25163852502,0.0145134351987,0.0145134351987,0.00627298400047,0,0.341581176355,0.00627298400047,0.0110896525974,0.153649189513,0.271627686831,0.0273675717177,0.0273675717177,0,0.0408575013786,0.697197365371,1.43431408331,0,0,0.442701297327,0.341581176355,0.368948748072,0.215299558559,0.408280978875,0.726719173581,0.651573232243,0.224166249684,0.669696870079,0.436030616711,-0.27938929524,0.658800117951,0.00262821186583,0,0.985486564801,3.87797443075,1.57073659373,-1.11022302463e-16,2.77920037281e-16,5.55840074562e-17,9.99200722163e-16,0,B7: equal citizen-equity comparator,ok,fast,B7
12,2039,0.556986124366,1.81292328722,1.81292328722,3.16836119961,2.0926085131,1.15427306155,0.0216260232304,0.312646660304,0.677324950661,0.229012875119,4.4117229879,0.022509048711,0.022509048711,0.0104301549497,0,0.344936392982,0.0104301549497,0.0189090707977,0.157914258822,0.286286437202,0.0283208533884,0.0283208533884,0,0.04255770614,0.693790305508,1.4413577014,0,0,0.447395788919,0.344936392982,0.373257246371,0.215342987549,0.416653600404,0.724869289748,0.651432756925,0.224316651288,0.671048085675,0.447039584664,-0.266597396716,0.658338863678,0.00254228327496,0,0.977490951289,4.4475138524,1.74765320846,0,-3.18327011768e-16,1.06109003923e-16,6.66133814775e-16,0,B7: equal citizen-equity comparator,ok,fast,B7
13,2040,0.617777756488,1.86071648969,1.86071648969,3.58207051223,2.19376509572,1.1789894419,0.0214129404665,0.283466676886,0.642106940667,0.229559999808,4.57416568564,0.0319935748804,0.0319935748804,0.015740863956,0,0.346380566938,0.015740863956,0.0292892851248,0.160537344679,0.298714484456,0.0295446892161,0.0295446892161,0,0.0446429960939,0.691343667806,1.44645860889,0,0,0.449587984595,0.346380566938,0.375925256154,0.215387911474,0.424636413296,0.721793846882,0.650202832698,0.224025460385,0.672706246103,0.45878276695,-0.253378726928,0.660177341544,0.00248664888018,0,0.96800642512,5.04459242101,1.92510279351,0,3.03648652299e-16,7.59121630747e-17,1.11022302463e-15,0,B7: equal citizen-equity comparator,ok,fast,B7
14,2041,0.671383575888,1.91177293663,1.91177293663,4.00212843349,2.30173352382,1.20397850588,0.0211953246462,0.257735883574,0.611051839538,0.230042452183,4.73950467886,0.0427380398442,0.0427380398442,0.0221066118224,0,0.34624392909,0.0221066118224,0.0422628222026,0.16152376085,0.308796754616,0.030713642208,0.030713642208,0,0.0466124845222,0.689628148114,1.45005682082,0,0,0.449692233126,0.34624392909,0.376957571298,0.215433810448,0.431883583494,0.717571181571,0.64792957378,0.22330661323,0.679064196979,0.471398186695,-0.238799977974,0.662338885986,0.00247044619494,0,0.957261960156,5.66405232984,2.09341201395,0,-9.64684237453e-17,9.64684237453e-17,4.4408920985e-16,0,B7: equal citizen-equity comparator,ok,fast,B7
15,2042,0.717051593972,1.96644689762,1.96644689762,4.41361270175,2.41717806757,1.22921095428,0.0209575571997,0.235815234893,0.5845952918,0.230453464346,4.90830889814,0.0544984286953,0.0544984286953,0.029362314681,0,0.344497717431,0.029362314681,0.0577394326113,0.160816701103,0.316237502969,0.0318029657908,0.0318029657908,0,0.0484290828531,0.688494439533,1.45244455522,0,0,0.447663268522,0.344497717431,0.376300683222,0.215483982119,0.438423751779,0.712340912434,0.644720664146,0.222200117048,0.683125734103,0.484984158847,-0.222384295188,0.666850732575,0.00250104252999,0,0.945501571305,6.30066052676,2.24446066003,0,-1.37791630603e-16,-4.59305435343e-17,6.66133814775e-16,0,B7: equal citizen-equity comparator,ok,fast,B7
16,2043,0.754828693508,2.02491253885,2.02491253885,4.80497640132,2.54111562655,1.25492611547,0.0209200553423,0.217682227116,0.562710137174,0.230793458242,5.08114693173,0.0670389302546,0.0670389302546,0.0373111702192,0,0.342858773244,0.0373111702192,0.0755518564161,0.160162571706,0.324315199703,0.0327956960391,0.0327956960391,0,0.0500762959395,0.687710270367,1.45410072103,0,0,0.445730443816,0.342858773244,0.375654469283,0.215491897577,0.442579365317,0.70612409629,0.640600955865,0.220715936906,0.69640777265,0.499443442787,-0.202673659906,0.675902635979,0.0024187515158,0,0.932961069745,6.94952477907,2.372930341,0,1.7476151231e-16,8.73807561548e-17,8.881784197e-16,0,B7: equal citizen-equity comparator,ok,fast,B7
17,2044,0.785324733578,2.08720782699,2.08720782699,5.16920171686,2.67399937709,1.28113709737,0.0208864741744,0.203044127882,0.545043070071,0.231067922602,5.25856489245,0.0801473736499,0.0801473736499,0.0457563065275,0,0.340863995232,0.0457563065275,0.0955029211183,0.158819203166,0.331488683925,0.033454193929,0.033454193929,0,0.0511896234356,0.686988869196,1.45562765983,0,0,0.443295325102,0.340863995232,0.374318189161,0.215498985994,0.445262815862,0.699105797915,0.63572431548,0.218915001764,0.712370443468,0.514878326912,-0.179782992931,0.685078460076,0.00231281812096,0,0.91985262635,7.60634444902,2.47661092969,0,4.15191953348e-16,0,1.33226762955e-15,0,B7: equal citizen-equity comparator,ok,fast,B7
18,2045,0.809461549339,2.15328566196,2.15328566196,5.50363956477,2.81613942235,1.30783363866,0.0208381611474,0.191458456317,0.531060049892,0.231285153944,5.44107400471,0.09364289056,0.09364289056,0.0545222792272,0,0.33830007983,0.0545222792272,0.117402042117,0.156802823369,0.337641271315,0.034011928416,0.034011928416,0,0.0521404057238,0.686326154664,1.45703320966,0,0,0.440085269025,0.33830007983,0.372312008246,0.215509184877,0.446827387454,0.691461585931,0.630240384035,0.216857434231,0.734393065879,0.531285592267,-0.154033644829,0.704136529849,0.00219321468775,0,0.90635710944,8.26751339058,2.55592635107,0,0,7.88471633054e-17,1.11022302463e-15,0,B7: equal citizen-equity comparator,ok,fast,B7
19,2046,0.828268269498,2.2230584022,2.2230584022,5.80903240929,2.96762492831,1.33492890937,0.0207176737984,0.182431230641,0.520164878379,0.231454414425,5.62914624514,0.107377562542,0.107377562542,0.063465421305,0,0.334741598301,0.063465421305,0.141087338081,0.153694045668,0.341670839591,0.034487071336,0.034487071336,0,0.0529517873895,0.685778992461,1.45819573214,0,0,0.435552040873,0.334741598301,0.369228669637,0.215534623968,0.448026490147,0.683394339927,0.624321752691,0.214612854995,0.75646081793,0.548685975549,-0.126212350168,0.721559208126,0.00211421103275,0,0.892622437458,8.93011680804,2.61308133135,0,2.61878147007e-16,3.74111638581e-17,7.77156117238e-16,0,B7: equal citizen-equity comparator,ok,fast,B7
20,2047,0.842743849065,2.29643016327,2.29643016327,6.08828836432,3.12861226045,1.36238075535,0.0205642755872,0.175482952449,0.511778837603,0.231584694642,5.82321554856,0.12123426481,0.12123426481,0.0724755996809,0,0.330238619447,0.0724755996809,0.166435153208,0.149612870573,0.343575508798,0.0349412715122,0.0349412715122,0,0.0537152077876,0.685432500185,1.45893286316,0,0,0.42976580131,0.330238619447,0.365179890959,0.215567020385,0.449032621814,0.675055526368,0.618103080123,0.212236398709,0.778685206038,0.56704215937,-0.0968730193801,0.742831579744,0.00207012258021,0,0.87876573519,9.59186596493,2.65119682788,0,-7.09722351127e-17,-1.06458352669e-16,6.66133814775e-16,0,B7: equal citizen-equity comparator,ok,fast,B7
21,2048,0.853781225432,2.37331690364,2.37331690364,6.34539231217,3.29946067845,1.39023182002,0.0204429375297,0.170185011793,0.50538462811,0.231684031029,6.02368224279,0.13512260423,0.13512260423,0.081472879247,0,0.325262278661,0.081472879247,0.193360961505,0.145003277064,0.344138728539,0.0353336512679,0.0353336512679,0,0.054364455119,0.685273969635,1.45927037114,0,0,0.423344420521,0.325262278661,0.360595929929,0.215592652866,0.449620004251,0.66653211229,0.611668915696,0.209763642022,0.802995944278,0.586294019382,-0.0661863882038,0.767210499519,0.00203055146128,0,0.86487739577,10.2510053122,2.67363886484,0,0,0,1.11022302463e-16,0,B7: equal citizen-equity comparator,ok,fast,B7
22,2049,0.862136705534,2.45365689682,2.45365689682,6.58461499725,3.48047353389,1.41848419737,0.0203220620718,0.166174381344,0.500544103658,0.23175923035,6.23091894217,0.148974270252,0.148974270252,0.0904020144924,0,0.319762897925,0.0904020144924,0.221815526345,0.139757494238,0.342916939618,0.0356127899968,0.0356127899968,0,0.0548197615438,0.685246954646,1.45932790101,0,0,0.416227451806,0.319762897925,0.355375687922,0.215618193684,0.450079053537,0.65791938367,0.605107271574,0.207231209562,0.829717293141,0.606445444872,-0.0345396389172,0.793170188164,0.00201635196935,0,0.851025729748,10.9062146364,2.68359239867,0,2.55188959506e-16,3.18986199382e-17,6.66133814775e-16,0,B7: equal citizen-equity comparator,ok,fast,B7
23,2050,0.86842756131,2.53741469604,2.53741469604,6.81002582023,3.6721857805,1.44721546156,0.0202549060788,0.163154770571,0.496899664221,0.231815848052,6.44527674527,0.162738571037,0.162738571037,0.0992266454157,0,0.314153363733,0.0992266454157,0.251779148317,0.134354133816,0.340912153618,0.0358331563516,0.0358331563516,0,0.0551727027532,0.685305713675,1.45920277629,0,0,0.408955799122,0.314153363733,0.349986520084,0.215632386269,0.450101040947,0.649252694168,0.598457319314,0.204656365067,0.858488247961,0.627448530358,-0.00192001006854,0.819412126671,0.00198973885098,0,0.837261428963,11.5565186836,2.68384424148,0,1.81399813243e-16,1.51166511036e-16,8.881784197e-16,0,B7: equal citizen-equity comparator,ok,fast,B7
24,2051,0.873144546918,2.62458121677,2.62458121677,7.02524432017,3.87507127759,1.47645317768,0.0202027389173,0.160890617479,0.49416700447,0.231858300922,6.6670910821,0.176378525081,0.176378525081,0.107924155549,0,0.308383214859,0.107924155549,0.28325571149,0.128695325691,0.337771334496,0.0359555232712,0.0359555232712,0,0.0553651284085,0.685380970385,1.45904255182,0,0,0.401466572157,0.308383214859,0.344338738131,0.215643412439,0.449900210801,0.640583054987,0.591767984298,0.20205980982,0.888283566427,0.649321398109,0.0314511873394,0.846885371721,0.00196634892302,0,0.823621474919,12.2012096864,2.67671058349,0,1.14601559052e-16,-2.8650389763e-17,4.4408920985e-16,0,B7: equal citizen-equity comparator,ok,fast,B7
25,2052,0.876670539484,2.71517180932,2.71517180932,7.23335154976,4.08957788322,1.5061948821,0.0201440214071,0.159198141048,0.492124314759,0.231890034855,6.89668690268,0.189867626662,0.189867626662,0.116481535273,0,0.302293233668,0.116481535273,0.316267380879,0.122677258211,0.333089833138,0.0360398489984,0.0360398489984,0,0.0554944700978,0.685471205581,1.45885048396,0,0,0.393554630698,0.302293233668,0.338333082666,0.215655824456,0.449684641521,0.631960575825,0.585085792683,0.199460998764,0.918943926796,0.6720831836,0.0652919390258,0.875715569915,0.00195792688172,0,0.810132373338,12.8397840163,2.66404929697,0,1.08590476213e-16,5.42952381066e-17,8.881784197e-16,0,B7: equal citizen-equity comparator,ok,fast,B7
26,2053,0.87930018792,2.80922351203,2.80922351203,7.43689524039,4.31627055696,1.53646391556,0.0200963592528,0.157935909798,0.490600898103,0.231913701691,7.13438311207,0.203187266432,0.203187266432,0.124892255932,0,0.29598414902,0.124892255932,0.350850261833,0.116433667336,0.327088195871,0.036115418899,0.036115418899,0,0.0556075315172,0.685585336257,1.45860762638,0,0,0.385352726213,0.29598414902,0.332099567919,0.215665900583,0.449399379111,0.62340986339,0.578436302081,0.196870972632,0.951119119261,0.695732596115,0.0994950398615,0.906137035811,0.00195475336406,0,0.796812733568,13.4718919989,2.64731346885,0,1.02887250461e-16,-1.02887250461e-16,1.33226762955e-15,0,B7: equal citizen-equity comparator,ok,fast,B7
27,2054,0.881257984548,2.90679216944,2.90679216944,7.63794224386,4.55588178811,1.56732285025,0.0200843862227,0.156996167417,0.489466700866,0.231931321861,7.38049627558,0.216324726145,0.216324726145,0.133154011368,0,0.289732144616,0.133154011368,0.387051037574,0.110229725697,0.320414903495,0.0361660129983,0.0361660129983,0,0.0556804711042,0.685693796818,1.45837690911,0,0,0.377221663716,0.289732144616,0.325898157614,0.215668431917,0.448844985614,0.614930221076,0.571823957116,0.194292323346,0.986008324046,0.720262705687,0.134134701251,0.938373163943,0.00193692928041,0,0.783675273855,14.0972990252,2.62761896917,0,3.89904067317e-16,1.70583029451e-16,4.4408920985e-16,0,B7: equal citizen-equity comparator,ok,fast,B7
28,2055,0.882713717217,3.00794976627,3.00794976627,7.83814921145,4.809142865,1.59881089735,0.0200903388178,0.156297415736,0.488623360987,0.231944423455,7.63534367336,0.229271647476,0.229271647476,0.141267142187,0,0.28355834619,0.141267142187,0.424924467323,0.104063478042,0.313017714452,0.0361723052658,0.0361723052658,0,0.0556853814088,0.685755810858,1.45824502566,0,0,0.369189880068,0.28355834619,0.319730651456,0.215667173414,0.448067555084,0.6065290713,0.565258024107,0.191729315309,1.02202240945,0.745698809628,0.169182961901,0.972457973425,0.0019075407073,0,0.770728352524,14.715855881,2.60581120714,0,9.23426943877e-17,4.61713471939e-17,1.33226762955e-15,0,B7: equal citizen-equity comparator,ok,fast,B7
29,2056,0.883795107144,3.1127821263,3.1127821263,8.03883520251,5.07673616481,1.63093205975,0.0200906576583,0.155778348571,0.487996886587,0.231954155964,7.89924580377,0.242022877757,0.242022877757,0.149233568528,0,0.27731337289,0.149233568528,0.464531584759,0.0978072592066,0.304452688281,0.0361609923216,0.0361609923216,0,0.0556657107426,0.685770812068,1.4582131266,0,0,0.361063568072,0.27731337289,0.313474365212,0.215667106005,0.447224323979,0.598224694363,0.558755425045,0.189189038818,1.05898431313,0.772078876842,0.204500084912,1.00792645514,0.0018782809319,0,0.757977122243,15.3274763635,2.58252421028,0,8.74753375857e-17,-4.37376687929e-17,1.11022302463e-15,0,B7: equal citizen-equity comparator,ok,fast,B7
30,2057,0.884597849001,3.22138701277,3.22138701277,8.24104815178,5.35922259694,1.66363823275,0.0200536698063,0.155393032479,0.487531839511,0.231961380641,8.1725284346,0.254575607931,0.254575607931,0.157056087159,0,0.270664226696,0.157056087159,0.505938439451,0.091148878464,0.293625813313,0.0361595780121,0.0361595780121,0,0.0556623527104,0.685783179088,1.45818683003,0,0,0.35240965737,0.270664226696,0.306823804708,0.215674926244,0.446621824828,0.590053265236,0.552346538436,0.186683723432,1.09755040294,0.799458478086,0.23978958633,1.04453740162,0.0018744915516,0,0.745424392069,15.9321205315,2.55822976846,0,4.14322415068e-17,-4.14322415068e-17,4.4408920985e-16,0,B7: equal citizen-equity comparator,ok,fast,B7
31,2058,0.885193430923,3.33387260964,3.33387260964,8.44562199831,5.65734764694,1.69692975988,0.0200112779746,0.155107153157,0.487186805016,0.231966740878,8.45552429229,0.266928733145,0.266928733145,0.164737921904,0,0.263701933113,0.164737921904,0.549215245604,0.0842150998592,0.280762414739,0.0361970564747,0.0361970564747,0,0.0557182539036,0.685841543491,1.45806273984,0,0,0.343347023037,0.263701933113,0.299898989587,0.215683889728,0.446156068599,0.582022698273,0.546039660067,0.184216933904,1.13763639455,0.827849737684,0.274999982234,1.08209370992,0.001884047247,0,0.733071266855,16.5297822481,2.53327675865,0,-1.17746664399e-16,-1.17746664399e-16,2.22044604925e-16,0,B7: equal citizen-equity comparator,ok,fast,B7
32,2059,0.885635141644,3.45035633853,3.45035633853,8.65322392389,5.97201467358,1.73083997351,0.0199832747549,0.154895132011,0.486930911696,0.231970716275,8.748574466,0.279082380863,0.279082380863,0.172282445891,0,0.256616390738,0.172282445891,0.594435829199,0.0771603279065,0.266230626475,0.0362337484088,0.0362337484088,0,0.0557695930303,0.68593812027,1.45785745164,0,0,0.334123185373,0.256616390738,0.292850139147,0.21568981124,0.445691305593,0.574125875361,0.539831071097,0.181787487858,1.1806495608,0.857268924875,0.310193634567,1.11993229643,0.0018960225109,0,0.720917619137,17.1204799545,2.50792181296,0,3.71808538762e-17,7.43617077525e-17,6.66133814775e-16,0,B7: equal citizen-equity comparator,ok,fast,B7
33,2060,0.885962639835,3.57096395901,3.57096395901,8.8643924368,6.30417767137,1.7653994114,0.0199668591086,0.154737932879,0.486741184357,0.231973663759,9.05202959076,0.291037563956,0.291037563956,0.179693017668,0,0.249462748071,0.179693017668,0.641677289778,0.0700201764207,0.250039526402,0.0362507109647,0.0362507109647,0,0.0557877913408,0.686047200366,1.4576256553,0,0,0.324810148168,0.249462748071,0.285713459036,0.215693282615,0.44520250545,0.566357512,0.533717737007,0.179394392893,1.22439346062,0.887748485758,0.345406258274,1.1588908,0.00190858013055,0,0.708962436044,17.7042498614,2.48235281525,0,-7.04436380127e-17,-1.40887276025e-16,8.881784197e-16,0,B7: equal citizen-equity comparator,ok,fast,B7
34,2061,0.886205405265,3.69582890193,3.69582890193,9.0795675514,6.65482503248,1.8006312546,0.0199568681028,0.154621405473,0.486600544683,0.231975848647,9.3662508613,0.302795926407,0.302795926407,0.186972891004,0,0.242237259663,0.186972891004,0.691019814449,0.0627969424876,0.232086754998,0.0362550782669,0.0362550782669,0,0.0557857206512,0.686153974323,1.45739883091,0,0,0.315403180013,0.242237259663,0.27849233793,0.215695395443,0.444696159924,0.558714763631,0.527698186345,0.177037207782,1.26935557395,0.919325500724,0.38064717825,1.20310214971,0.00192160557302,0,0.697204073593,18.2811409362,2.45670667997,0,-2.66927654857e-16,-1.00097870571e-16,5.55111512313e-16,0,B7: equal citizen-equity comparator,ok,fast,B7
35,2062,0.88638533205,3.82509179101,3.82509179101,9.29911441992,7.02502674515,1.83656422616,0.0199557635486,0.154535040616,0.486496308901,0.231977467988,9.69161091812,0.314359557342,0.314359557342,0.194125171127,0,0.234985071739,0.194125171127,0.742546598506,0.0555437446281,0.212459921619,0.0362543019178,0.0362543019178,0,0.0557762490169,0.686249641454,1.45719566116,0,0,0.305961169034,0.234985071739,0.271239373657,0.215695629029,0.444133473574,0.551191716188,0.521768438018,0.174714478819,1.31529777781,0.952033147794,0.415948735518,1.24620399643,0.00193140805507,0,0.685640442658,18.8512112203,2.43108268454,-1.11022302463e-16,0,6.32153052167e-17,5.55111512313e-16,0,B7: equal citizen-equity comparator,ok,fast,B7
36,2063,0.886518669972,3.95890011519,3.95890011519,9.52334168262,7.41602381613,1.87325358063,0.0199771692965,0.154471038414,0.486419063134,0.23197866803,10.0284946386,0.3257308553,0.3257308553,0.201152799213,0,0.227883900842,0.201152799213,0.796343839976,0.0484388210807,0.191764454356,0.0362460225717,0.0362460225717,0,0.0557572518056,0.686314334728,1.45705830317,0,0,0.296715587648,0.227883900842,0.264129923414,0.215691102333,0.443373367969,0.543772250553,0.515916148573,0.172421472341,1.36202454207,0.985894117828,0.45142816847,1.29110469667,0.00192584461414,0,0.6742691447,19.4145251271,2.40555240231,0,0,-5.9882387228e-17,3.33066907388e-16,0,B7: equal citizen-equity comparator,ok,fast,B7
37,2064,0.886617473776,4.09740802071,4.09740802071,9.7525156326,7.8289136532,1.9106990599,0.0199895410097,0.154423612587,0.486361823786,0.231979557264,10.3772998589,0.336912429346,0.336912429346,0.208058553285,0,0.22074761981,0.208058553285,0.852500785008,0.0412773526419,0.169130155789,0.0362182189923,0.0362182189923,0,0.0557101602582,0.686336955404,1.45701028063,0,0,0.28742414593,0.22074761981,0.256965838802,0.215688486161,0.442591435408,0.536463130468,0.510146819845,0.170160371385,1.41040707647,1.02097117099,0.487000067377,1.34025857435,0.00192043174875,0,0.663087570654,19.9711514632,2.3801670674,0,2.83621220978e-17,8.50863662933e-17,4.4408920985e-16,0,B7: equal citizen-equity comparator,ok,fast,B7
38,2065,0.886690682963,4.24077619828,4.24077619828,9.98687110532,8.26486527819,1.94890390149,0.0199952166168,0.154388472178,0.486319411997,0.231980216147,10.7384380465,0.347907027138,0.347907027138,0.214845057927,0,0.213521338599,0.214845057927,0.911109807977,0.034039704694,0.144354769463,0.0362056520897,0.0362056520897,0,0.0556894931912,0.686339995481,1.45700382694,0,0,0.278015414561,0.213521338599,0.249726990689,0.215687285995,0.441808215155,0.529268093992,0.50446336192,0.167932342851,1.46193721541,1.05730764469,0.522620215276,1.39139863672,0.00191506034958,0,0.652092972862,20.5211619811,2.35496301582,0,-1.07464355413e-16,-5.37321777067e-17,4.4408920985e-16,0,B7: equal citizen-equity comparator,ok,fast,B7
39,2066,0.886744925089,4.38917184573,4.38917184573,10.226619827,8.72513538178,1.98787736923,0.0199976344175,0.154362435957,0.486287988269,0.231980704326,11.1123349398,0.358717482726,0.358717482726,0.221514798106,0,0.206213267504,0.221514798106,0.972266515258,0.0267288186101,0.117317378113,0.0362023258367,0.0362023258367,0,0.0556844021133,0.686336375279,1.45701151217,0,0,0.268500112777,0.206213267504,0.24241559334,0.21568677473,0.441021901045,0.522188112912,0.498866579888,0.165737736871,1.51809494734,1.09494689139,0.558268441253,1.44303675186,0.00191055263056,0,0.641282517274,21.0646303209,2.32996569431,0,1.52693061053e-16,7.63465305267e-17,3.33066907388e-16,0,B7: equal citizen-equity comparator,ok,fast,B7
40,2067,0.886785112721,4.54276869071,4.54276869071,10.4719568038,9.21106227986,2.02763180496,0.0199984346865,0.154343145894,0.486264706637,0.231981066014,11.499431167,0.369346678722,0.369346678722,0.228070134257,0,0.198830167168,0.228070134257,1.03606986519,0.0193462903919,0.0878857222735,0.0362027287304,0.0362027287304,0,0.0556854628471,0.686331629155,1.4570215877,0,0,0.258887064329,0.198830167168,0.235032895899,0.215686605507,0.440231964168,0.515222616967,0.493356275183,0.163576507791,1.5764580525,1.1339345958,0.59393432562,1.49629403526,0.00190615583606,0,0.630653321278,21.6016312396,2.30519260758,0,-7.23188916257e-17,-1.44637783251e-16,2.22044604925e-16,0,B7: equal citizen-equity comparator,ok,fast,B7
41,2068,0.886814886688,4.70174706168,4.70174706168,10.7230652082,9.72383086516,2.06813142809,0.0199738547323,0.15432885439,0.486247457883,0.23198133398,11.9001828524,0.379797518987,0.379797518987,0.234513317027,0,0.191118240303,0.234513317027,1.10262229925,0.0116317502022,0.0546895473352,0.0362053131542,0.0362053131542,0,0.0556885579611,0.686344488593,1.45699428876,0,0,0.248845827268,0.191118240303,0.227323553457,0.215691803255,0.43963754932,0.508388569471,0.487945620531,0.161453799943,1.63658138124,1.17434440435,0.629464091848,1.55128190129,0.00191865960726,0,0.620202481013,22.1322400492,2.28065548135,0,1.3701057207e-16,9.13403813802e-17,1.11022302463e-16,0,B7: equal citizen-equity comparator,ok,fast,B7
42,2069,0.886836945014,4.86629399787,4.86629399787,10.9801201149,10.2649384514,2.10939545697,0.0199523242693,0.154318266393,0.486234678981,0.231981532505,12.3150622205,0.390072908965,0.390072908965,0.240846500816,0,0.183215990754,0.240846500816,1.17202988133,0.00375279152817,0.0182621868888,0.0362331571285,0.0362331571285,0,0.0557292220076,0.686397573986,1.45688160608,0,0,0.238556751573,0.183215990754,0.219449147882,0.215696356354,0.439104242551,0.501680938582,0.482631101208,0.159368276253,1.69944071813,1.21620912639,0.664896518907,1.60533523649,0.00193577962117,0,0.609927091035,22.6565322088,2.25636184737,0,-1.73050900189e-16,-8.65254500947e-17,6.66133814775e-16,0,B7: equal citizen-equity comparator,ok,fast,B7
43,2070,0.886853286897,5.03660339118,5.03660339118,11.2432913603,10.840134053,2.15227072912,0.0203258578207,0.154310422289,0.486225211747,0.231981679582,12.7445582013,0.400175741592,0.400175741592,0.247071755765,0,0.179378002936,0.247071755765,1.24440244295,0,0,0.0362393886198,0.0362393886198,0,0.0557549493457,0.686215561948,1.45726802983,0,0,0.233559536494,0.179378002936,0.215617391556,0.215617391556,0.435455075048,0.494805855089,0.477188696571,0.157232937274,1.7724749883,1.2717565441,0.702592997904,1.66820275591,0.00171117406792,0,0.599824258408,23.1745830295,2.23231620341,0,2.04835663322e-17,-1.22901397993e-16,1.11022302463e-15,0,B7: equal citizen-equity comparator,ok,fast,B7
44,2071,0.886865393632,5.21287615471,5.21287615471,11.5127457336,11.4535567458,2.1971664789,0.0208597130355,0.154304611056,0.486218198033,0.231981788543,13.1891770431,0.41010888728,0.41010888728,0.253191078075,0,0.179670187272,0.253191078075,1.31985373348,0,0,0.035834447881,0.035834447881,0,0.0551754487088,0.685298090126,1.45921900908,0,0,0.233940008963,0.179670187272,0.215504635153,0.215504635153,0.429099525562,0.487657407356,0.471535160181,0.155015313116,1.85319557774,1.33762692086,0.743120628289,1.74047711879,0.00135158745427,0,0.58989111272,23.686467461,2.20852086103,0,0,-7.75460793022e-17,8.881784197e-16,0,B7: equal citizen-equity comparator,ok,fast,B7
45,2072,0.886874362725,5.3953204137,5.3953204137,11.7886486608,12.1049655818,2.24360457834,0.0211354487169,0.154300305892,0.486213002028,0.231981869265,13.6494429353,0.419875186839,0.419875186839,0.259206398757,0,0.180108253039,0.259206398757,1.39850157457,0,0,0.0353381897189,0.0353381897189,0,0.0544989284866,0.683758088976,1.46250555002,0,0,0.23451041822,0.180108253039,0.215446442758,0.215446442758,0.422853353802,0.480435083557,0.465818963524,0.152772801126,1.93656960755,1.4072045618,0.784692980436,1.81948456686,0.00106614913231,0,0.580124813161,24.1922599396,2.18497656429,0,1.10059596663e-16,1.10059596663e-16,6.66133814775e-16,0,B7: equal citizen-equity comparator,ok,fast,B7
46,2073,0.886881007304,5.584151716,5.584151716,12.0711655027,12.795223249,2.29134591961,0.0212788571286,0.154297116494,0.486209152669,0.231981929066,14.1258986465,0.429477446562,0.429477446562,0.265119590934,0,0.180241463988,0.265119590934,1.48046801866,0,0,0.0351747256883,0.0351747256883,0,0.0543766628456,0.682046450571,1.46617579956,0,0,0.234683884155,0.180241463988,0.215416189677,0.215416189677,0.416715025614,0.473230780297,0.460110196848,0.150532571173,2.02386552281,1.47976522325,0.826662240689,1.90312745345,0.000810190709611,0,0.570522553438,24.6920342795,2.1616829407,0,-6.94148435255e-17,0,6.66133814775e-16,0,B7: equal citizen-equity comparator,ok,fast,B7
47,2074,0.886885929791,5.77959325962,5.77959325962,12.3604625618,13.5257697742,2.34026326189,0.0213487373781,0.154294753701,0.486206300958,0.231981973368,14.6191061773,0.43891843487,0.43891843487,0.270932475895,0,0.180256336331,0.270932475895,1.56587951149,0,0,0.0351451146613,0.0351451146613,0,0.0544709731855,0.680353243064,1.46982469797,0,0,0.234703262267,0.180256336331,0.215401450992,0.215401450992,0.410683345423,0.46609242577,0.454446872064,0.148309528882,2.11627595202,1.5564676361,0.868703600732,1.99030470536,0.000579131239017,0,0.56108156513,25.185863596,2.13863882917,0,9.84984700903e-17,-1.31331293454e-16,1.11022302463e-15,0,B7: equal citizen-equity comparator,ok,fast,B7
48,2075,0.886889576492,5.98187613578,5.98187613578,12.6567078667,14.298430601,2.39029198807,0.0213773924466,0.154293003284,0.486204188339,0.231982006188,15.1296474334,0.448200880083,0.448200880083,0.276646828077,0,0.180231217744,0.276646828077,1.65486705892,0,0,0.0351641900914,0.0351641900914,0,0.0546377165436,0.678752398308,1.47329129517,0,0,0.234670566571,0.180231217744,0.215395407836,0.215395407836,0.404756277331,0.459044294382,0.44884931794,0.146111719947,2.21282276642,1.63669632119,0.910657927059,2.08088434935,0.000393571932192,0,0.551799119917,25.6738202538,2.1158425182,-1.11022302463e-16,0,0,7.77156117238e-16,0,B7: equal citizen-equity comparator,ok,fast,B7
49,2076,0.886892278053,6.19123958621,6.19123958621,12.96007179,15.1153134773,2.44140341637,0.0213829224854,0.154291706535,0.486202623261,0.231982030502,15.658124918,0.457327469026,0.457327469026,0.282264379157,0,0.18020125947,0.282264379157,1.74756639801,0,0,0.0351929821571,0.0351929821571,0,0.054811726098,0.677263295619,1.47653062918,0,0,0.234631566744,0.18020125947,0.215394241627,0.215394241627,0.398931859201,0.452098251972,0.443328153826,0.143943389193,2.31316547919,1.71999658929,0.952449259901,2.1752728655,0.00028205787404,0,0.542672530974,26.1559758304,2.09329191829,0,-8.81402579939e-17,-5.87601719959e-17,7.77156117238e-16,0,B7: equal citizen-equity comparator,ok,fast,B7
50,2077,0.886894279428,6.40793127389,6.40793127389,13.27072754,15.9787526888,2.49358989755,0.0213756075026,0.154290745874,0.486201463818,0.231982048515,16.2051624465,0.466300846222,0.466300846222,0.287786821396,0,0.180180621768,0.287786821396,1.84411817304,0,0,0.0352151624898,0.0352151624898,0,0.0549664733611,0.675881378392,1.4795495659,0,0,0.234604700866,0.180180621768,0.215395784258,0.215395784258,0.393208506151,0.445259465914,0.437888633391,0.141806667229,2.41506902738,1.80642564084,0.994043750383,2.27067537054,0.000198336072079,0,0.533699153778,26.6324010942,2.07098468644,0,1.11169931345e-16,-8.33774485091e-17,6.66133814775e-16,0,B7: equal citizen-equity comparator,ok,fast,B7
1,2028,0.0144755795665,1.00165221776,1.03366772825,1.03366772825,0.981619173407,0.98,-0.02,0.573051721808,0.960900968728,0.220361889489,3.04072597532,0,0,0,0,0.282828690304,0,0,0.0843787661355,0.0845181782316,0.0332151720073,0.0332151720073,0,0.0543410828172,0.644450176635,1.55171033581,0,0,0.446770092283,0.282828690304,0.316043862312,0.231665096176,0.325089527129,0.736197211763,0.664266052994,0.230281355886,0.466099648207,0.254668821468,-0.749415214338,0.418810092975,0.00458991413612,0,1,0.200900693596,1,-0.030972729065,0,2.82752989831e-17,1.33226762955e-15,0,B10: capital-tilted tax and universal transfer,ok,fast,B10
2,2029,0.0332822997251,1.08155301684,1.08172519711,1.08172519711,1.03872351737,0.9604,-0.02,0.564024496132,0.980562684823,0.220832057493,3.09712399479,0,0,0,0,0.18298343125,0,0,0.0593746278753,0.064216807902,0.100916730703,0.100916730703,0,0.165703147342,0.709937937127,1.40857383118,0,0,0.286083474812,0.18298343125,0.283900161953,0.224525534078,0.367322324921,0.727160227522,0.650514022075,0.223961268289,0.536693979688,0.271682607449,-0.679007018369,0.472354204422,0.00448315061991,0,1,0.42023243408,1,-0.000159171915352,-1.60325101828e-16,2.67208503047e-17,1.33226762955e-15,0,B10: capital-tilted tax and universal transfer,ok,fast,B10
3,2030,0.0574191154862,1.14396432437,1.14396432437,1.14396432437,1.10318173943,0.964349775535,0.00411263591709,0.552438824567,0.966735767532,0.221435477887,3.16461084196,0,0,0,0,0.200087112401,0,0,0.0650298537379,0.0743918326954,0.084041667225,0.084041667225,0,0.125724922088,0.75249837278,1.32890652814,0,0,0.308757696116,0.200087112401,0.284128779626,0.219098925888,0.365187851495,0.72170556284,0.642275144255,0.220046700376,0.557828425417,0.28568513457,-0.629881082989,0.508225350851,0.00442195128192,0,1,0.656961032181,1,0,-1.76116973627e-16,2.51595676611e-17,1.33226762955e-15,0,B10: capital-tilted tax and universal transfer,ok,fast,B10
4,2031,0.0879151555569,1.22373942001,1.22373942001,1.22373942001,1.19651115462,0.977749948279,0.0138955523028,0.537800725333,0.949068700429,0.222197878889,3.24664649488,0,0,0,0,0.229209791609,0,0,0.0741187098134,0.090701986959,0.0618937935207,0.0618937935207,0,0.0892095243632,0.755696321473,1.3232828738,0,0,0.347982267836,0.229209791609,0.291103585129,0.216984875316,0.358843247959,0.718797828434,0.637807539571,0.217898308425,0.579880810865,0.304674500799,-0.566171036989,0.541341080224,0.00428240813081,0,1,0.917908939707,1,0,-4.63941777866e-16,-1.3918253336e-16,1.33226762955e-15,0,B10: capital-tilted tax and universal transfer,ok,fast,B10
5,2032,0.125692255092,1.32660654553,1.32660654553,1.32660654553,1.32021890075,0.995184974167,0.0178317840046,0.519667717556,0.927183545803,0.223142306377,3.34786974941,0,0,0,0,0.232988634144,0,0,0.0786383186332,0.104322108229,0.0617954204127,0.0617954204127,0,0.0902273448182,0.746681144771,1.33925974561,0,0,0.346778118119,0.232988634144,0.294784054557,0.216145735923,0.362788699485,0.717058438045,0.635282954276,0.216653447267,0.628983442859,0.329791387083,-0.491065070597,0.582521929957,0.00419087224309,0,1,1.2122223495,1,0,-1.26140788925e-16,8.40938592832e-17,1.33226762955e-15,0,B10: capital-tilted tax and universal transfer,ok,fast,B10
6,2033,0.171360273177,1.45945412753,1.45945412753,1.45945412753,1.48133774594,1.01499438591,0.0199052560662,0.497747068875,0.900726998065,0.224284006829,3.47432978396,0,0,0,0,0.2286036557,0,0,0.0829858664873,0.121114065372,0.0700885214388,0.0700885214388,0,0.105322184182,0.735556314223,1.35951521408,0,0,0.332367086114,0.2286036557,0.298692177139,0.215706310651,0.371046293131,0.715750731907,0.63376625393,0.215871588262,0.692672400949,0.362452725399,-0.403863233268,0.63499848043,0.00406088386642,0,1,1.55197538634,1,2.22044604925e-16,-3.74736628317e-17,0,1.33226762955e-15,0,B10: capital-tilted tax and universal transfer,ok,fast,B10
7,2034,0.224966092576,1.59997212018,1.59997212018,1.63040787551,1.65810672576,1.03633476162,0.0210251169891,0.472016275563,0.869671896936,0.225624152314,3.62686235026,0,0,0,0,0.235908882578,0,0,0.0883490501136,0.141356017026,0.0679098913838,0.0679098913838,0,0.103341675747,0.725049335784,1.37921649003,0,0,0.333905854594,0.235908882578,0.303818773962,0.215469723848,0.377395935568,0.715417603791,0.633500626961,0.215706345835,0.741215407182,0.39702100325,-0.321633080477,0.683147886295,0.00410666980477,0,1,1.94532213454,1.01902267855,2.22044604925e-16,1.00435907476e-16,-3.34786358253e-17,1.33226762955e-15,0,B10: capital-tilted tax and universal transfer,ok,fast,B10
8,2035,0.285757724698,1.64149142006,1.64149142006,1.84697931033,1.73979055564,1.05988403861,0.0227236196908,0.442836292145,0.834453886942,0.227143943117,3.78210544299,0,0,0,0,0.297939923717,0,0,0.107046061793,0.175715191985,0.0242180175367,0.0242180175367,0,0.0350473768472,0.715226010583,1.39815944219,0,0,0.409410290304,0.297939923717,0.322157941254,0.21511187946,0.357933224101,0.717324996804,0.635904047635,0.216782316186,0.722937207699,0.406379969818,-0.294482761635,0.696571907803,0.00366262200883,0,1,2.37296454592,1.12518365174,0,-5.10508817755e-16,-6.38136022194e-17,1.33226762955e-15,0,B10: capital-tilted tax and universal transfer,ok,fast,B10
9,2036,0.352061761364,1.68289415707,1.68289415707,2.11020857133,1.82378211596,1.08371765883,0.0224870073999,0.411010354545,0.796042412461,0.228801544034,3.94022789799,0,0,0,0,0.3026457588,0,0,0.111439283144,0.187540518471,0.0239551825443,0.0239551825443,0,0.0351101082384,0.706242527875,1.41594418423,0,0,0.403060367675,0.3026457588,0.326600941344,0.2151616582,0.368272372788,0.720765024815,0.639757749659,0.218505870177,0.720068655224,0.41650631424,-0.277595422346,0.703436197158,0.00383639893328,0,1,2.83753452547,1.25391639306,0,-3.04373810586e-16,3.04373810586e-17,1.33226762955e-15,0,B10: capital-tilted tax and universal transfer,ok,fast,B10
10,2037,0.421371924532,1.72476336033,1.72476336033,2.42193389034,1.91181635965,1.10845139897,0.0228230479892,0.377741476225,0.755889418801,0.230534298113,4.1014313348,0,0,0,0,0.308978048352,0,0,0.119547212182,0.2061906514,0.0256601323334,0.0256601323334,0,0.0380871298632,0.699382001784,1.42983376388,0,0,0.398651105812,0.308978048352,0.334638180685,0.215090968504,0.376981416998,0.724560307038,0.644188562583,0.22045271888,0.722531543057,0.426484940951,-0.263926552214,0.705968014748,0.00371236966856,0,1,3.34026788162,1.40421227981,-1.11022302463e-16,-1.16143270668e-16,-2.90358176669e-17,1.33226762955e-15,0,B10: capital-tilted tax and universal transfer,ok,fast,B10
11,2038,0.490682087701,1.76784327787,1.76784327787,2.77902795531,2.00479566564,1.1340347251,0.0230802416396,0.344472597904,0.715736425142,0.232267052193,4.2659572016,0,0,0,0,0.316749841757,0,0,0.128176645658,0.226596221407,0.0264637003697,0.0264637003697,0,0.0396789398445,0.693409452284,1.44214936313,0,0,0.396309809337,0.316749841757,0.343213542126,0.215036896468,0.385294829504,0.72842455617,0.648793623913,0.222472500631,0.72408082464,0.436730923923,-0.251785734332,0.709783135371,0.00358186916842,0,1,3.88082535546,1.57198773788,0,0,0,1.33226762955e-15,0,B10: capital-tilted tax and universal transfer,ok,fast,B10
12,2039,0.556986124366,1.81292328722,1.81292328722,3.17270619972,2.10362368061,1.16034897639,0.0232040965866,0.312646660304,0.677324950661,0.233924653109,4.43408722058,0,0,0,0,0.32469268366,0,0,0.137006829674,0.248382872024,0.0273250130867,0.0273250130867,0,0.0413493376709,0.688158163648,1.45315430787,0,0,0.394816827963,0.32469268366,0.352017696747,0.215010867073,0.393096032816,0.732143995597,0.653263159636,0.224443459337,0.725459653644,0.447467321653,-0.239767931898,0.710519279466,0.00340327614296,0,1,4.45738165785,1.75004989019,0,-2.1110677444e-16,-2.63883468051e-17,1.33226762955e-15,0,B10: capital-tilted tax and universal transfer,ok,fast,B10
13,2040,0.617777756488,1.86071648969,1.86071648969,3.58945480286,2.20898441539,1.18716872109,0.023113516059,0.283466676886,0.642106940667,0.235444443912,4.60613734654,0,0,0,0,0.331821933239,0,0,0.145106661977,0.270002358704,0.0283146316239,0.0283146316239,0,0.0432063172633,0.683650087579,1.46273659313,0,0,0.393338297762,0.331821933239,0.360136564863,0.215029902886,0.400703659286,0.735619244052,0.657444225103,0.226293344663,0.721168772141,0.458938418569,-0.227165630533,0.711773277391,0.00323596008152,0,1,5.06694887605,1.92907131352,0,-5.0259432203e-17,-1.7590801271e-16,1.33226762955e-15,0,B10: capital-tilted tax and universal transfer,ok,fast,B10
14,2041,0.671383575888,1.91177293663,1.91177293663,4.01349227563,2.32187956142,1.21451638786,0.0230360405247,0.257735883574,0.611051839538,0.236784589397,4.78244747557,0,0,0,0,0.339016890412,0,0,0.153435937478,0.293334672777,0.0294652343798,0.0294652343798,0,0.0453025932506,0.679874675995,1.47085931468,0,0,0.393148360646,0.339016890412,0.368482124792,0.215046187314,0.406422134824,0.738640074971,0.661127601592,0.227931647479,0.73040192762,0.471185964749,-0.212289433797,0.713122877807,0.00296562019718,0,1,5.70582805387,2.09935615194,0,-3.34709917841e-16,-9.56314050974e-17,1.33226762955e-15,0,B10: capital-tilted tax and universal transfer,ok,fast,B10
15,2042,0.717051593972,1.96644689762,1.96644689762,4.42984336176,2.44207191059,1.2418702552,0.0225224357713,0.235815234893,0.5845952918,0.237926289849,4.96337004157,0,0,0,0,0.343396724885,0,0,0.158735256884,0.312144453442,0.0304927352752,0.0304927352752,0,0.0471722159694,0.67690576991,1.47731049793,0,0,0.391000662023,0.343396724885,0.37388946016,0.215154203276,0.413650330774,0.741424488026,0.664458910248,0.229409704862,0.733340639366,0.484581471,-0.19671853907,0.717645056363,0.00293168778773,0,1,6.37006488898,2.25271446034,0,-2.72774037442e-16,0,1.33226762955e-15,0,B10: capital-tilted tax and universal transfer,ok,fast,B10
16,2043,0.754828693508,2.02491253885,2.02491253885,4.82683454093,2.57065344308,1.26951332157,0.0222592225322,0.217682227116,0.562710137174,0.238870717338,5.14926014978,0,0,0,0,0.347919782006,0,0,0.164524330289,0.333147379349,0.0318141498701,0.0318141498701,0,0.0494740188814,0.674861765354,1.48178493928,0,0,0.390291718937,0.347919782006,0.379733931876,0.215209601587,0.418325383234,0.743709926513,0.66722613593,0.23064263634,0.744574583852,0.49881253306,-0.178163487557,0.721719975481,0.00274603878113,0,1,7.05581820197,2.38372495025,0,8.6376716987e-17,-8.6376716987e-17,1.33226762955e-15,0,B10: capital-tilted tax and universal transfer,ok,fast,B10
17,2044,0.785324733578,2.08720782699,2.08720782699,5.19727772086,2.70713189995,1.2970111864,0.0216601624919,0.203044127882,0.545043070071,0.239633118339,5.340468661,0,0,0,0,0.349879356631,0,0,0.167221042396,0.349025068526,0.0326774775243,0.0326774775243,0,0.050991711065,0.673516485312,1.48474465259,0,0,0.38785917388,0.349879356631,0.382556834156,0.21533579176,0.424502338297,0.745784128034,0.669663965226,0.23172226737,0.758575886126,0.51424201705,-0.158728585599,0.731477835812,0.00281243384231,0,1,7.75960262295,2.49006239515,0,3.28088343134e-16,1.23033128675e-16,1.33226762955e-15,0,B10: capital-tilted tax and universal transfer,ok,fast,B10
18,2045,0.809461549339,2.15328566196,2.15328566196,5.53834283031,2.85268797798,1.32480702788,0.0214306875431,0.191458456317,0.531060049892,0.240236538733,5.53733843567,0,0,0,0,0.35248215491,0,0,0.170817857192,0.367819642697,0.0337198714507,0.0337198714507,0,0.0527572968782,0.672870727275,1.48616957086,0,0,0.38712943372,0.35248215491,0.386202026361,0.215384169169,0.427853055027,0.74739109955,0.671588048088,0.232578251295,0.772647035338,0.530438787654,-0.13612830535,0.744251724596,0.00270696322966,0,1,8.47841092539,2.57204277545,0,0,3.89184878681e-17,1.33226762955e-15,0,B10: capital-tilted tax and universal transfer,ok,fast,B10
19,2046,0.828268269498,2.2230584022,2.2230584022,5.85060626146,3.00752789507,1.35287849032,0.0211890953616,0.182431230641,0.520164878379,0.240706706737,5.74020319641,0,0,0,0,0.354797752493,0,0,0.173571896299,0.385860462454,0.0342092684071,0.0342092684071,0,0.053600339902,0.672437840644,1.48712630307,0,0,0.386883710841,0.354797752493,0.3890070209,0.215435124601,0.430387147794,0.748649956416,0.6731077393,0.233255664572,0.786767034028,0.547588566414,-0.111071747552,0.756433882296,0.00264512021514,0,1,9.20974461709,2.63178252792,0,0,7.38296077948e-17,1.33226762955e-15,0,B10: capital-tilted tax and universal transfer,ok,fast,B10
20,2047,0.842743849065,2.29643016327,2.29643016327,6.13683936961,3.1719621914,1.38125785061,0.0209770208417,0.175482952449,0.511778837603,0.241068596227,5.94938820041,0,0,0,0,0.356678140229,0,0,0.175824277388,0.403768174028,0.0346260113471,0.0346260113471,0,0.0543086065801,0.67220472175,1.4876420347,0,0,0.386803308974,0.356678140229,0.391304151576,0.215479874188,0.432212630511,0.749616798535,0.674287080439,0.233782440827,0.806052035239,0.565637687416,-0.0839108306259,0.769990586067,0.00259272448849,0,1,9.95158631356,2.6723387751,0,0,-3.50011430664e-17,1.33226762955e-15,0,B10: capital-tilted tax and universal transfer,ok,fast,B10
21,2048,0.853781225432,2.37331690364,2.37331690364,6.40092401032,3.34633152007,1.40998090686,0.0207948546573,0.170185011793,0.50538462811,0.241344530636,6.16521196255,0,0,0,0,0.358215294268,0,0,0.177635761881,0.421585956364,0.0349387953128,0.0349387953128,0,0.054833671995,0.672116537412,1.4878372192,0,0,0.386854250749,0.358215294268,0.393154089581,0.2155183277,0.433491645171,0.750348558359,0.675189990827,0.234186524795,0.829868920442,0.584562407223,-0.0550215575805,0.791245581587,0.00254132418928,0,1,10.7023420839,2.69703721424,0,-1.32709268997e-16,-1.32709268997e-16,1.33226762955e-15,0,B10: capital-tilted tax and universal transfer,ok,fast,B10
22,2049,0.862136705534,2.45365689682,2.45365689682,6.64705950311,3.53100649618,1.439079156,0.0206373355798,0.166174381344,0.500544103658,0.241553417638,6.38798845393,0,0,0,0,0.359437352928,0,0,0.179052320832,0.439332961901,0.0351665574168,0.0351665574168,0,0.0552096287454,0.672130764856,1.48780572515,0,0,0.386955412242,0.359437352928,0.394603910345,0.215551589512,0.434403304758,0.750899868335,0.675875915231,0.234493914274,0.854757838723,0.604347562438,-0.0247786048089,0.812509769842,0.00249685146023,0,1,11.460773369,2.70904196578,0,1.88652673252e-16,0,1.33226762955e-15,0,B10: capital-tilted tax and universal transfer,ok,fast,B10
23,2050,0.86842756131,2.53741469604,2.53741469604,6.8792701216,3.72647236042,1.46860990686,0.0205205882794,0.163154770571,0.496899664221,0.241710689033,6.61802940124,0,0,0,0,0.360504864072,0,0,0.18025919109,0.45739232057,0.0353305755794,0.0353305755794,0,0.055474874202,0.67220584727,1.48763954384,0,0,0.38718949191,0.360504864072,0.395835439651,0.21557624856,0.43491004403,0.751300657724,0.676384329305,0.234722442797,0.881968127545,0.624967714518,0.00661307525833,0.839459742264,0.00244701833041,0,1,12.2259301637,2.7111335535,0,-1.19171475567e-16,5.95857377834e-17,1.33226762955e-15,0,B10: capital-tilted tax and universal transfer,ok,fast,B10
24,2051,0.873144546918,2.62458121677,2.62458121677,7.10115046723,3.93318774854,1.4985963183,0.0204182276734,0.160890617479,0.49416700447,0.241828613673,6.85564647429,0,0,0,0,0.361362768228,0,0,0.181193247545,0.475556394114,0.0354283528496,0.0354283528496,0,0.0556282565395,0.67230527572,1.48741953412,0,0,0.3874258975,0.361362768228,0.396791121078,0.215597873532,0.435238535143,0.751593027034,0.676761288899,0.234892156577,0.909966133692,0.646435285467,0.0388337080992,0.865294798339,0.00240681689442,0,1,12.9970913365,2.70563182494,0,0,-2.8227053871e-17,1.33226762955e-15,0,B10: capital-tilted tax and universal transfer,ok,fast,B10
25,2052,0.876670539484,2.71517180932,2.71517180932,7.31577123431,4.15163080975,1.52904902574,0.0203208209347,0.159198141048,0.492124314759,0.241916763487,7.10115326225,0,0,0,0,0.361959563815,0,0,0.181840394019,0.493727911636,0.0354992861699,0.0354992861699,0,0.0557348901485,0.672430409123,1.48714273839,0,0,0.387554426142,0.361959563815,0.397458849985,0.215618455966,0.435546808929,0.751814680271,0.677069317723,0.235020437516,0.93932947168,0.668759995847,0.0715876660452,0.894823661986,0.00238314657671,0,1,13.7737142558,2.69440453426,0,0,-8.02255601836e-17,1.33226762955e-15,0,B10: capital-tilted tax and universal transfer,ok,fast,B10
26,2053,0.87930018792,2.80922351203,2.80922351203,7.52567979017,4.38226526946,1.55995606996,0.0202132460785,0.157935909798,0.490600898103,0.241982504698,7.35486700822,0,0,0,0,0.362194475923,0,0,0.182111875284,0.511592961867,0.0355585908925,0.0355585908925,0,0.055818367932,0.672599626126,1.48676859332,0,0,0.387425248633,0.362194475923,0.397753066815,0.215641191531,0.436048594541,0.752005171477,0.677321691615,0.235124334085,0.969996739754,0.691964923576,0.104551771793,0.924027905947,0.00238926818426,0,1,14.5553938093,2.67891812736,0,-3.54682370624e-16,-1.26672275223e-16,1.33226762955e-15,0,B10: capital-tilted tax and universal transfer,ok,fast,B10
27,2054,0.881257984548,2.90679216944,2.90679216944,7.73294913519,4.62587227616,1.59140110696,0.020157642647,0.156996167417,0.489466700866,0.242031449614,7.61711011022,0,0,0,0,0.362442376856,0,0,0.182411382122,0.53023197717,0.0356219502653,0.0356219502653,0,0.0559056943559,0.672801233622,1.48632307735,0,0,0.387407274874,0.362442376856,0.398064327121,0.215652944999,0.436310292136,0.752148882589,0.677512834032,0.235202673245,1.00356379292,0.716009815645,0.137878777196,0.954675271923,0.00238263809475,0,1,15.3418298888,2.66030341504,0,-9.6001182769e-17,-7.20008870768e-17,1.33226762955e-15,0,B10: capital-tilted tax and universal transfer,ok,fast,B10
28,2055,0.882713717217,3.00794976627,3.00794976627,7.93924607136,4.88322645215,1.62344016077,0.020132607467,0.156297415736,0.488623360987,0.24206784293,7.88821141517,0,0,0,0,0.362765480348,0,0,0.182735034853,0.549657805376,0.0356277918656,0.0356277918656,0,0.0559004565073,0.672971278692,1.48594751613,0,0,0.387542180754,0.362765480348,0.398393272213,0.21565823736,0.436354806069,0.752247355754,0.67764940144,0.235258441151,1.03844428275,0.740921396731,0.171579239532,0.986866888342,0.00236656701476,0,1,16.1328020418,2.63942109685,0,0,0,1.33226762955e-15,0,B10: capital-tilted tax and universal transfer,ok,fast,B10
29,2056,0.883795107144,3.1127821263,3.1127821263,8.14590207221,5.15502657987,1.65608332697,0.0201074033951,0.155778348571,0.487996886587,0.242094877679,8.16850733837,0,0,0,0,0.363028245153,0,0,0.182973376636,0.56955625638,0.0356086971699,0.0356086971699,0,0.0558577707153,0.673097388787,1.48566911217,0,0,0.387666592202,0.363028245153,0.398636942323,0.215663565687,0.436377320634,0.752318562717,0.677749923038,0.235299202855,1.07452992399,0.766743234172,0.20550469932,1.02053161423,0.00235502837796,0,1,16.9281499557,2.61692008682,0,-1.72293664434e-16,-4.30734161085e-17,1.33226762955e-15,0,B10: capital-tilted tax and universal transfer,ok,fast,B10
30,2057,0.884597849001,3.22138701277,3.22138701277,8.3539785874,5.44203292627,1.68934465331,0.0200843313837,0.155393032479,0.487531839511,0.242114946225,8.45834284143,0,0,0,0,0.363220351533,0,0,0.183150553093,0.589998813115,0.0355986450713,0.0355986450713,0,0.0558323385736,0.673197677831,1.48544778589,0,0,0.387755731425,0.363220351533,0.398818996604,0.215668443512,0.436395452149,0.752371914201,0.677825363124,0.235329507614,1.11194208161,0.793497021514,0.239573153407,1.05561058498,0.00234640507696,0,1,17.7277585665,2.59328623177,0,4.08017753537e-17,0,1.33226762955e-15,0,B10: capital-tilted tax and universal transfer,ok,fast,B10
31,2058,0.885193430923,3.33387260964,3.33387260964,8.5643234203,5.74506703055,1.7232413182,0.020064978939,0.155107153157,0.487186805016,0.242129835773,8.75807229841,0,0,0,0,0.363362209634,0,0,0.183282188869,0.611039469304,0.0355925143598,0.0355925143598,0,0.0558148799272,0.673281145174,1.48526363343,0,0,0.387821114933,0.363362209634,0.398954723994,0.215672535125,0.43640914278,0.752412982028,0.677882875159,0.235352351647,1.15057479663,0.821207658327,0.273737364377,1.09208351256,0.00233997666991,0,1,18.5315467713,2.56888142503,0,-2.31897664982e-16,3.86496108304e-17,1.33226762955e-15,0,B10: capital-tilted tax and universal transfer,ok,fast,B10
32,2059,0.885635141644,3.45035633853,3.45035633853,8.77761749976,6.06500688673,1.75779145447,0.0200495054877,0.154895132011,0.486930911696,0.242140878541,9.06806027559,0,0,0,0,0.363468581381,0,0,0.183380015576,0.632726399102,0.0355872409242,0.0355872409242,0,0.0557999826835,0.673351613112,1.48510819686,0,0,0.387870829003,0.363468581381,0.399055822306,0.215675806729,0.436418541865,0.752445296485,0.677927341944,0.235369788998,1.19077160253,0.849903233221,0.307968163533,1.12995337523,0.00233519125441,0,1,19.3394589125,2.54397419819,0,-7.32215507986e-17,-7.32215507986e-17,1.33226762955e-15,0,B10: capital-tilted tax and universal transfer,ok,fast,B10
33,2060,0.885962639835,3.57096395901,3.57096395901,8.99441268882,6.40278521385,1.7930131156,0.0200374515683,0.154737932879,0.486741184357,0.242149065996,9.38868224644,0,0,0,0,0.363549139199,0,0,0.183452731852,0.655103093625,0.0355819480525,0.0355819480525,0,0.0557860294071,0.673410960632,1.48497731469,0,0,0.387909481755,0.363549139199,0.399131087251,0.215678355399,0.436424482002,0.752471234542,0.677962200394,0.23538326685,1.23239095528,0.879614393242,0.342246297913,1.16923744721,0.00233163185787,0,1,20.1514583759,2.5187632225,0,0,0,1.33226762955e-15,0,B10: capital-tilted tax and universal transfer,ok,fast,B10
34,2061,0.886205405265,3.69582890193,3.69582890193,9.21516181524,6.75938996592,1.82892394245,0.0200282008715,0.154621405473,0.486600544683,0.242155135132,9.72032525882,0,0,0,0,0.363610464072,0,0,0.183506787417,0.678209688638,0.0355766347448,0.0355766347448,0,0.0557729034234,0.673460491619,1.48486809909,0,0,0.387939845165,0.363610464072,0.399187098817,0.215680311399,0.436427907571,0.7524924547,0.677989914011,0.23539382151,1.27547896263,0.910373905605,0.376558468651,1.20996256376,0.00232898575253,0,1,20.9675227904,2.49339513808,0,-1.31399197883e-16,6.56995989414e-17,1.33226762955e-15,0,B10: capital-tilted tax and universal transfer,ok,fast,B10
35,2062,0.88638533205,3.82509179101,3.82509179101,9.44024223514,7.13586607288,1.8655411328,0.020021166275,0.154535040616,0.486496308901,0.242159633301,10.0633885687,0,0,0,0,0.363657251881,0,0,0.183546970675,0.702084010795,0.0355715176377,0.0355715176377,0,0.0557608594913,0.673501383894,1.48477794391,0,0,0.387963771528,0.363657251881,0.399228769518,0.215681798843,0.436429643742,0.752510118295,0.678012266874,0.235402201886,1.32008442592,0.942216407034,0.410895245359,1.25216253358,0.00232701930079,0,1,21.7876404357,2.46797795999,0,-1.86700200921e-16,9.33501004604e-17,1.33226762955e-15,0,B10: capital-tilted tax and universal transfer,ok,fast,B10
36,2063,0.886518669972,3.95890011519,3.95890011519,9.66997416512,7.53331787687,1.90288152206,0.0200158488047,0.154471038414,0.486419063134,0.242162966749,10.4182842516,0,0,0,0,0.363692968142,0,0,0.183576839839,0.726762372387,0.0355667949166,0.0355667949166,0,0.0557501244412,0.673534786434,1.48470430947,0,0,0.387982613524,0.363692968142,0.399259763058,0.215682923219,0.436430301637,0.752525060858,0.678030559093,0.2354089521,1.36625851006,0.975178263035,0.445249849111,1.29587661548,0.00232555832073,0,1,22.6118075571,2.44259109443,0,2.94750080316e-16,2.06325056221e-16,1.33226762955e-15,0,B10: capital-tilted tax and universal transfer,ok,fast,B10
37,2064,0.886617473776,4.09740802071,4.09740802071,9.90463485948,7.95291201207,1.9409616938,0.0200118458787,0.154423612587,0.486361823786,0.242165436844,10.7854377998,0,0,0,0,0.3637202222,0,0,0.183599040264,0.752280180172,0.0355625877068,0.0355625877068,0,0.0557408013737,0.67356180606,1.48464475124,0,0,0.387997415103,0.3637202222,0.399282809907,0.215683769643,0.43643031622,0.752537883448,0.67804574242,0.235414468941,1.41405460838,1.00929749015,0.479617375732,1.34114855274,0.00232447311285,0,1,23.440026361,2.41729278837,0,-1.67519473059e-16,0,1.33226762955e-15,0,B10: capital-tilted tax and universal transfer,ok,fast,B10
38,2065,0.886690682963,4.24077619828,4.24077619828,10.1444695291,8.39588061203,1.97979808871,0.0200088415122,0.154388472178,0.486319411997,0.242167267074,11.165288714,0,0,0,0,0.363741000352,0,0,0.183615539072,0.77867240773,0.0355589436445,0.0355589436445,0,0.0557328785859,0.673583473271,1.48459699455,0,0,0.388009004795,0.363741000352,0.399299943997,0.215684404925,0.436429976157,0.752549024222,0.678058516628,0.235419042723,1.46352829896,1.04461371678,0.51399426832,1.38802566538,0.00232366717177,0,1,24.2723035201,2.39212565218,0,0,7.93405534877e-17,1.33226762955e-15,0,B10: capital-tilted tax and universal transfer,ok,fast,B10
39,2066,0.886744925089,4.38917184573,4.38917184573,10.3896997279,8.86352479126,2.01940710066,0.0200065916659,0.154362435957,0.486287988269,0.242168623127,11.5582910937,0,0,0,0,0.363756822901,0,0,0.183627799143,0.805973966093,0.0355558569066,0.0355558569066,0,0.0557262650373,0.673600715696,1.48455899274,0,0,0.388018047546,0.363756822901,0.399312679807,0.215684880664,0.436429467862,0.752558805144,0.678069398837,0.235422886676,1.51473734538,1.0811681694,0.548377945588,1.43654437085,0.00232306872627,0,1,25.108649058,2.36712074467,0,-3.00618018435e-16,-1.00206006145e-16,1.33226762955e-15,0,B10: capital-tilted tax and universal transfer,ok,fast,B10
40,2067,0.886785112721,4.54276869071,4.54276869071,10.6405297846,9.35721837853,2.05980515752,0.0200049097827,0.154343145894,0.486264706637,0.242169627818,11.9649142312,0,0,0,0,0.363768856164,0,0,0.183636908353,0.834219997725,0.0355532884951,0.0355532884951,0,0.0557208250559,0.673614344833,1.48452895588,0,0,0.388025078167,0.363768856164,0.399322144659,0.215685236306,0.436428906012,0.752567465901,0.678078773602,0.235426158182,1.56774172161,1.11900367688,0.582766534857,1.48677659641,0.00232262441895,0,1,25.9490755189,2.34230059002,0,-1.42378597534e-16,9.49190650224e-17,1.33226762955e-15,0,B10: capital-tilted tax and universal transfer,ok,fast,B10
41,2068,0.886814886688,4.70174706168,4.70174706168,10.8971517305,9.87841189396,2.10100878766,0.0200036542267,0.15432885439,0.486247457883,0.242170372167,12.3856432131,0,0,0,0,0.36377799534,0,0,0.183643675646,0.863446112366,0.0355511821067,0.0355511821067,0,0.0557164047306,0.67362505422,1.48450535463,0,0,0.388030525816,0.36377799534,0.399329177447,0.2156855018,0.43642835575,0.75257518688,0.678086929171,0.235428974139,1.62260081167,1.15816468794,0.617158678455,1.53877851868,0.00232229459293,0,1,26.7935973485,2.31768140385,0,0,-8.991105344e-17,1.33226762955e-15,0,B10: capital-tilted tax and universal transfer,ok,fast,B10
42,2069,0.886836945014,4.86629399787,4.86629399787,11.1597490774,10.428636771,2.14303467393,0.0200027179881,0.154318266393,0.486234678981,0.242170923625,12.8209795324,0,0,0,0,0.363784927162,0,0,0.183648702498,0.89368857868,0.0355494751095,0.0355494751095,0,0.0557128495233,0.673633425467,1.48448690667,0,0,0.388034733388,0.363784927162,0.399334402271,0.215685699773,0.436427851814,0.752582105296,0.678094083713,0.235431422068,1.67938006187,1.19869729886,0.651553392845,1.59260921649,0.00232204978071,0,1,27.6422304335,2.2932747348,0,0,-8.51672600365e-17,1.33226762955e-15,0,B10: capital-tilted tax and universal transfer,ok,fast,B10
43,2070,0.886853286897,5.03660339118,5.03660339118,11.428499716,11.0095098289,2.18589969743,0.0200020205074,0.154310422289,0.486225211747,0.242171332172,13.2714417133,0,0,0,0,0.363790177858,0,0,0.183652436069,0.924984482306,0.035548105471,0.035548105471,0,0.0557100147863,0.673639938822,1.48447255332,0,0,0.388037973467,0.363790177858,0.399338283329,0.21568584726,0.436427409559,0.752588329439,0.678100404258,0.235433568147,1.73814920765,1.24064928921,0.685949966046,1.64833054287,0.00232186809052,0,1,28.494991758,2.26908867512,0,-8.06737478332e-17,-1.2101062175e-16,1.33226762955e-15,0,B10: capital-tilted tax and universal transfer,ok,fast,B10
44,2071,0.886865393632,5.21287615471,5.21287615471,11.7035781433,11.6227380046,2.22962097308,0.0200015013026,0.154304611056,0.486218198033,0.242171634841,13.7375659511,0,0,0,0,0.363794150098,0,0,0.18365520876,0.957371858434,0.0355470157116,0.0355470157116,0,0.0557077711856,0.673644985798,1.48446143159,0,0,0.388040461618,0.363794150098,0.399341165809,0.215685957049,0.436427032716,0.752593945843,0.678106020384,0.235435462992,1.79897731648,1.2840701642,0.720347882973,1.70600704841,0.00232173326155,0,1,29.3518991484,2.24512875348,0,-7.64173140055e-17,3.82086570028e-17,1.33226762955e-15,0,B10: capital-tilted tax and universal transfer,ok,fast,B10
45,2072,0.886874362725,5.3953204137,5.3953204137,11.9851571802,12.2701233555,2.2742158787,0.0200011150618,0.154300305892,0.486213002028,0.242171859068,14.2199067689,0,0,0,0,0.363797151515,0,0,0.183657267627,0.990889805151,0.0355461548337,0.0355461548337,0,0.0557060067452,0.67364888218,1.48445284547,0,0,0.388042367465,0.363797151515,0.399343306349,0.215686038722,0.4364267185,0.752599025048,0.678111034082,0.235437145835,1.86193599986,1.32901120242,0.754746771175,1.76570594432,0.00232163321753,0,1,30.2129710833,2.22139859382,0,-7.2385451553e-17,-3.61927257765e-17,1.33226762955e-15,0,B10: capital-tilted tax and universal transfer,ok,fast,B10
46,2073,0.886881007304,5.584151716,5.584151716,12.2734093012,12.9535683456,2.31970207909,0.0200008278964,0.154297116494,0.486209152669,0.242172025183,14.7190376927,0,0,0,0,0.363799416762,0,0,0.183658796271,1.02557858235,0.0355454789537,0.0355454789537,0,0.0557046268054,0.673651880383,1.48444623866,0,0,0.388043823851,0.363799416762,0.399344895716,0.215686099445,0.436426460815,0.752603625811,0.678115526879,0.235438647527,1.92709947487,1.37552550828,0.789146361429,1.82749709635,0.00232155899122,0,1,31.0782265523,2.19790040196,-1.11022302463e-16,-1.37132625699e-16,-1.02849469274e-16,1.33226762955e-15,0,B10: capital-tilted tax and universal transfer,ok,fast,B10
47,2074,0.886885929791,5.77959325962,5.77959325962,12.568507669,13.6750814292,2.36609754612,0.0200006144961,0.154294753701,0.486206300958,0.242172148245,15.2355519468,0,0,0,0,0.36380112453,0,0,0.183659931117,1.06147969995,0.0355449511574,0.0355449511574,0,0.0557035528025,0.673654180624,1.48444116991,0,0,0.388044934361,0.36380112453,0.399346075687,0.21568614457,0.436426252239,0.752607797949,0.67811956498,0.235439992707,1.99454463387,1.42366806863,0.823546459182,1.89145304298,0.00232150392493,0,1,31.9476849506,2.17463532542,0,1.29897350052e-16,3.24743375131e-17,1.33226762955e-15,0,B10: capital-tilted tax and universal transfer,ok,fast,B10
48,2075,0.886889576492,5.98187613578,5.98187613578,12.8706269457,14.4367829488,2.41342057594,0.0200004559794,0.154293003284,0.486204188339,0.242172239412,15.7700631697,0,0,0,0,0.363802410683,0,0,0.183660773525,1.09863599823,0.0355445409323,0.0355445409323,0,0.0557027204765,0.673655940668,1.48443729155,0,0,0.388045779447,0.363802410683,0.399346951615,0.21568617809,0.436426085195,0.75261158439,0.678123202993,0.235441201369,2.06435112118,1.47349581303,0.857946923853,1.95764903254,0.00232146307633,0,1,32.8213660009,2.1516037199,0,-1.23043814242e-16,-9.22828606814e-17,1.33226762955e-15,0,B10: capital-tilted tax and universal transfer,ok,fast,B10
49,2076,0.886892278053,6.19123958621,6.19123958621,13.1799439351,15.2409113626,2.46168980385,0.020000338274,0.154291706535,0.486202623261,0.242172306951,16.323206153,0,0,0,0,0.363803378364,0,0,0.183661398791,1.13709172265,0.0355442234066,0.0355442234066,0,0.0557020778841,0.673657284117,1.48443433119,0,0,0.388046421364,0.363803378364,0.39934760177,0.215686202979,0.436425952576,0.752615022628,0.678126486632,0.235442289985,2.13660141613,1.52506767745,0.892347653865,2.02616307569,0.00232143277692,0,1,33.6992896954,2.1288053469,2.22044604925e-16,-1.16551877847e-16,0,1.33226762955e-15,0,B10: capital-tilted tax and universal transfer,ok,fast,B10
50,2077,0.886894279428,6.40793127389,6.40793127389,13.4966380956,16.0898298201,2.51092421757,0.0200002509007,0.154290745874,0.486201463818,0.242172356986,16.8956376038,0,0,0,0,0.363804105761,0,0,0.18366186284,1.17689259471,0.0355439785337,0.0355439785337,0,0.0557015834471,0.673658307321,1.48443207652,0,0,0.388046908129,0.363804105761,0.399348084295,0.215686221455,0.436425848058,0.752618145772,0.678129454694,0.235443272334,2.21138092192,1.5784446713,0.926748575817,2.09707601017,0.00232141030404,0,1,34.5814762527,2.1062395208,0,0,-5.52012314381e-17,1.33226762955e-15,0,B10: capital-tilted tax and universal transfer,ok,fast,B10
1,2028,0.0144755795665,1.00257665043,1.03366772825,1.03366772825,0.982525117425,0.98,-0.02,0.573051721808,0.961787791753,0.220361889489,3.04092968505,0,0,0,0,0.309077309048,0,0,0.110810366992,0.111095886572,0.0331845457303,0.0331845457303,0,0.0543410828172,0.643855956933,1.55314242143,0,0,0.396436891529,0.309077309048,0.342261854778,0.231451487786,0.34316605924,0.739790432561,0.668433832825,0.232045189261,0.446098017169,0.256140835801,-0.767995736992,0.39919788989,0.00370605679252,0,1,0.201086106418,1,-0.030078406212,-1.129969102e-16,-8.47476826497e-17,1.33226762955e-15,0,B11: matched dividend levy,ok,fast,B11
2,2029,0.0332822997251,1.08165888446,1.08175418409,1.08175418409,1.03882519263,0.9604,-0.02,0.564024496132,0.980632389028,0.220832057493,3.09733886091,0,0,0,0,0.198172258156,0,0,0.0739394546697,0.0799772680555,0.10027677112,0.10027677112,0,0.164668464146,0.709238369449,1.40996319866,0,0,0.254338310581,0.198172258156,0.298449029277,0.224509574607,0.3803537173,0.731498554492,0.655696904349,0.226254868181,0.52248971871,0.272021171342,-0.697058562028,0.454642053417,0.00419066269841,0,1,0.42043931615,1,-8.80973063166e-05,-5.34364699902e-17,1.33591174975e-16,1.33226762955e-15,0,B11: matched dividend levy,ok,fast,B11
3,2030,0.0574191154862,1.14399606922,1.14399606922,1.14399606922,1.10311014835,0.964260435883,0.00401961253931,0.552438824567,0.966735767532,0.221435477887,3.16481984554,0,0,0,0,0.215712756447,0,0,0.0805137922409,0.0921074618416,0.0839202614073,0.0839202614073,0,0.125646678421,0.751826985741,1.33009325146,0,0,0.277064713739,0.215712756447,0.299633017854,0.219119225613,0.380534864778,0.726740085239,0.648514095425,0.222809431911,0.542089688392,0.285628780996,-0.648856264397,0.489084575111,0.00415381965451,0,1,0.657174483436,1,0,-2.01289603995e-16,7.54836014981e-17,1.33226762955e-15,0,B11: matched dividend levy,ok,fast,B11
4,2031,0.0879151555569,1.22377174767,1.22377174767,1.22377174767,1.1967571523,0.977925135607,0.0141711712057,0.537800725333,0.949068700429,0.222197878889,3.24685014138,0,0,0,0,0.24953792672,0,0,0.094532938858,0.115686739799,0.0619209179877,0.0619209179877,0,0.0893524834739,0.754916966674,1.32464899339,0,0,0.320824435864,0.24953792672,0.311458844707,0.216925905849,0.37570330801,0.724565734371,0.645170110835,0.221167290887,0.559794964226,0.304303520322,-0.586272343591,0.521750719149,0.00378278248737,0,1,0.918129284452,1,0,-3.71077130392e-16,-9.27692825981e-17,1.33226762955e-15,0,B11: matched dividend levy,ok,fast,B11
5,2032,0.125692255092,1.3266398296,1.3266398296,1.3266398296,1.31972530869,0.994787944133,0.0172434554678,0.519667717556,0.927183545803,0.223142306377,3.34806860421,0,0,0,0,0.247584890402,0,0,0.0927620495457,0.123061829603,0.0614479041829,0.0614479041829,0,0.0897605287831,0.746023908981,1.34043961321,0,0,0.318700442094,0.247584890402,0.309032794585,0.216270745039,0.385432983468,0.723785632293,0.643668301836,0.220383063715,0.599362931757,0.329537946221,-0.516150057574,0.557455694396,0.00425862911748,0,1,1.21245007846,1,0,-4.20626556645e-17,1.26187966993e-16,1.33226762955e-15,0,B11: matched dividend levy,ok,fast,B11
6,2033,0.171360273177,1.45948880203,1.45948880203,1.45948880203,1.48028630607,1.01424985516,0.0195638790559,0.497747068875,0.900726998065,0.224284006829,3.4745244844,0,0,0,0,0.241842655783,0,0,0.0967860055945,0.141258091359,0.0707218846525,0.0707218846525,0,0.106331821999,0.735827431827,1.35901429703,0,0,0.311767009979,0.241842655783,0.312564540436,0.215778534842,0.393979897094,0.722942618688,0.642578467698,0.21984871967,0.657630601798,0.362108644293,-0.431581707323,0.603964637051,0.00415319431578,0,1,1.55221118734,1,0,0,0,1.33226762955e-15,0,B11: matched dividend levy,ok,fast,B11
7,2034,0.224966092576,1.59997212018,1.59997212018,1.63044442184,1.6574153266,1.03590262961,0.0213485605555,0.472016275563,0.869671896936,0.225624152314,3.62704536868,0,0,0,0,0.254033280884,0,0,0.106767618946,0.170825213652,0.0681358263459,0.0681358263459,0,0.103677658892,0.725324916783,1.37869246852,0,0,0.328049075449,0.254033280884,0.32216910723,0.215401488284,0.398559841255,0.722780525631,0.64263811353,0.219864017468,0.703903840957,0.396346157627,-0.349492048248,0.648551435495,0.00389540890329,0,1,1.94555793554,1.0190455204,2.22044604925e-16,-2.00955609643e-16,-1.67463008036e-16,1.33226762955e-15,0,B11: matched dividend levy,ok,fast,B11
8,2035,0.285757724698,1.64149142006,1.64149142006,1.84701659021,1.73852798611,1.05911487862,0.0224077517949,0.442836292145,0.834453886942,0.226571819522,3.78133834433,0,0.000952173169538,0.000322874057838,0.000322874057838,0.323054136198,0,0.000500383905669,0.131286459013,0.215505596039,0.0237335341004,0.0237335341004,0,0.0343225978217,0.715217734209,1.39817562145,0,0,0.417273730498,0.32273126214,0.34646479624,0.215178337228,0.385372167183,0.725619009535,0.646334461527,0.221482613626,0.675271086046,0.405543859108,-0.325521865979,0.657493492863,0.00328596918641,0,1,2.37352332658,1.12520636273,0,-2.55439782045e-16,1.59649863778e-16,2.22044604925e-16,0,B11: matched dividend levy,ok,fast,B11
9,2036,0.352061761364,1.68289415707,1.68289415707,2.11002999185,1.82115707052,1.08215781894,0.021756790305,0.411010354545,0.796042412461,0.227168555852,3.93675867898,0,0.00366259636119,0.00134737958802,0.00134737958802,0.331472442084,0,0.00215203330203,0.13907017061,0.234040377542,0.024260535511,0.024260535511,0,0.0355326686972,0.707027589056,1.41437196437,0,0,0.427163083226,0.330125062496,0.354385598007,0.215315427397,0.393059115686,0.729028343459,0.650492852284,0.223303169374,0.670732103084,0.415631571849,-0.307896725869,0.663627511705,0.00312347636868,0,1,2.83846168359,1.25381027856,-1.11022302463e-16,-2.4385003196e-16,6.096250799e-17,6.66133814775e-16,0,B11: matched dividend levy,ok,fast,B11
10,2037,0.421371924532,1.72476336033,1.72476336033,2.42105933377,1.90718907519,1.10576854718,0.0218181930864,0.377741476225,0.755889418801,0.227792347321,4.09344105267,0,0.00819259332468,0.00327553124277,0.00327553124277,0.339753109019,0,0.00534853429315,0.147523936907,0.254443881149,0.0263488478602,0.0263488478602,0,0.03902757932,0.701482902271,1.42555149493,0,0,0.435734580729,0.336477577776,0.362826425636,0.215302488729,0.400452533881,0.732434241348,0.654616466147,0.225120363961,0.669386080456,0.425639334354,-0.292750190343,0.66044655106,0.00284618084538,0,1,3.34051025011,1.40370522093,-1.11022302463e-16,1.16425061266e-16,2.91062653165e-17,2.22044604925e-16,0,B11: matched dividend levy,ok,fast,B11
11,2038,0.490682087701,1.76784327787,1.76784327787,2.77681612854,1.99759969484,1.12996424505,0.0218813402914,0.344472597904,0.715736425142,0.228416138789,4.25163852502,0,0.0145134351987,0.00627298400047,0.00627298400047,0.349489044931,0,0.0105904737414,0.155255096272,0.274466678299,0.0273282194427,0.0273282194427,0,0.0408045844028,0.697062266309,1.43459207066,0,0,0.444820165617,0.343216060931,0.370544280374,0.215289184102,0.407412590533,0.735717865191,0.658577871001,0.226874734692,0.669755087262,0.435955120681,-0.27863931874,0.658939721275,0.00260877165092,0,1,3.87797443075,1.57073659373,0,-5.5577853135e-17,-5.5577853135e-17,4.4408920985e-16,0,B11: matched dividend levy,ok,fast,B11
12,2039,0.556986124366,1.81292328722,1.81292328722,3.16836119961,2.09293551309,1.15445343322,0.02167253369,0.312646660304,0.677324950661,0.229012875119,4.4117229879,0,0.022509048711,0.0104301549497,0.0104301549497,0.357769905049,0,0.0180726020488,0.160285538051,0.290585384537,0.0282789722603,0.0282789722603,0,0.0425049424151,0.69358918452,1.44177565383,0,0,0.450513035679,0.347339750099,0.375618722359,0.215333184308,0.415407128138,0.738880425595,0.662324834168,0.22853482337,0.672338692566,0.446933100269,-0.265412994215,0.659037796864,0.00252799335587,0,1,4.4475138524,1.74765320846,-1.11022302463e-16,-1.06092425465e-16,5.30462127323e-17,6.66133814775e-16,0,B11: matched dividend levy,ok,fast,B11
13,2040,0.617777756488,1.86071648969,1.86071648969,3.58207051223,2.19412867042,1.17918483691,0.0214226082889,0.283466676886,0.642106940667,0.229559999808,4.57416568564,0,0.0319935748804,0.015740863956,0.015740863956,0.365178208114,0,0.0281086010693,0.163563117041,0.304344588983,0.0295116456991,0.0295116456991,0,0.0446064191676,0.691112515032,1.44694239831,0,0,0.453555557955,0.349437344158,0.378948989857,0.215385872816,0.423206676004,0.741794577678,0.665730833961,0.230044371074,0.676847106956,0.458659267508,-0.251836121604,0.661198467045,0.00250659539518,0,1,5.04459242101,1.92510279351,0,1.51799168334e-16,2.5299861389e-17,6.66133814775e-16,0,B11: matched dividend levy,ok,fast,B11
14,2041,0.671383575888,1.91177293663,1.91177293663,4.00212843349,2.30188674847,1.20405865381,0.0210940779781,0.257735883574,0.611051839538,0.230042452183,4.73950467886,0,0.0427380398442,0.0221066118224,0.0221066118224,0.371503924082,0,0.0405359124677,0.164665932159,0.314803872688,0.0307237917048,0.0307237917048,0,0.0466388587863,0.6894833005,1.45036145078,0,0,0.453787761741,0.34939731226,0.380121103964,0.215455171805,0.4309200549,0.744436418791,0.668762264353,0.231385934995,0.684263070301,0.47130273672,-0.237371506245,0.664624172495,0.00259369329658,0,1,5.66405232984,2.09341201395,0,-1.92924004687e-16,-2.41155005859e-17,4.4408920985e-16,0,B11: matched dividend levy,ok,fast,B11
15,2042,0.717051593972,1.96644689762,1.96644689762,4.41361270175,2.41780714596,1.2295308604,0.0211552871722,0.235815234893,0.5845952918,0.230453464346,4.90830889814,0,0.0544984286953,0.029362314681,0.029362314681,0.379901705545,0,0.0552942726668,0.167008763613,0.328413865083,0.0319116299295,0.0319116299295,0,0.0486141771358,0.688338043162,1.45277456322,0,0,0.455514221198,0.350539390864,0.382451020794,0.21544225718,0.435034460929,0.746504068549,0.67119365639,0.232470891547,0.689831414503,0.484664034777,-0.219135902765,0.673527885427,0.00246685888757,0,1,6.30066052676,2.24446066003,2.22044604925e-16,-1.83674372289e-16,0,1.22124532709e-15,0,B11: matched dividend levy,ok,fast,B11
16,2043,0.754828693508,2.02491253885,2.02491253885,4.80497640132,2.54212105746,1.25542264601,0.0210582641244,0.217682227116,0.562710137174,0.230793458242,5.08114693173,0,0.0670389302546,0.0373111702192,0.0373111702192,0.387925750108,0,0.0723251557353,0.167729950113,0.339638479125,0.032578099169,0.032578099169,0,0.0497620816371,0.687255276996,1.45506339998,0,0,0.455813310021,0.350614579889,0.383192679058,0.215462728945,0.438409400755,0.748152932127,0.673145248347,0.233345227344,0.705073189896,0.499075937913,-0.198035904804,0.681902617353,0.00241513064976,0,1,6.94952477907,2.372930341,0,3.0571168708e-16,8.73461963086e-17,3.33066907388e-16,0,B11: matched dividend levy,ok,fast,B11
17,2044,0.785324733578,2.08720782699,2.08720782699,5.16920171686,2.67504811245,1.2816395559,0.0208829352993,0.203044127882,0.545043070071,0.231067922602,5.25856489245,0,0.0801473736499,0.0457563065275,0.0457563065275,0.395011236428,0,0.0913696548694,0.16709266405,0.348757116239,0.0333374671685,0.0333374671685,0,0.0510446096708,0.686442023819,1.45678726724,0,0,0.45420777747,0.3492549299,0.382592397069,0.215499733018,0.441217830539,0.749448012315,0.674679762726,0.234034264813,0.720053824918,0.514518884454,-0.174492006332,0.69605107227,0.00241452953989,0,1,7.60634444902,2.47661092969,0,3.32023344016e-16,0,4.4408920985e-16,0,B11: matched dividend levy,ok,fast,B11
18,2045,0.809461549339,2.15328566196,2.15328566196,5.50363956477,2.81740840939,1.30842296457,0.0208977700125,0.191458456317,0.531060049892,0.231285153944,5.44107400471,0,0.09364289056,0.0545222792272,0.0545222792272,0.40293137849,0,0.112111069508,0.166962171276,0.359517249497,0.0340496735942,0.0340496735942,0,0.0522429027009,0.68580659815,1.45813703557,0,0,0.45323581436,0.348409099263,0.382458772857,0.215496601582,0.441782627726,0.75030299106,0.675746552694,0.234520750759,0.74090675084,0.530808306693,-0.147549211314,0.709620422054,0.00229139241306,0,1,8.26751339058,2.55592635107,0,7.88116498073e-17,7.88116498073e-17,1.11022302463e-15,0,B11: matched dividend levy,ok,fast,B11
19,2046,0.828268269498,2.2230584022,2.2230584022,5.80903240929,2.96895546431,1.33552742536,0.020715366144,0.182431230641,0.520164878379,0.231454414425,5.62914624514,0,0.107377562542,0.063465421305,0.063465421305,0.409590385215,0,0.13451067464,0.165035582307,0.366883737909,0.0344457296501,0.0344457296501,0,0.0529282586681,0.685246086905,1.45932974899,0,0,0.450363609403,0.34612496391,0.38057069356,0.215535111253,0.442734405344,0.750930041754,0.676529532494,0.234878145261,0.764577851892,0.548164469587,-0.118913277748,0.732380243196,0.00229649395513,0,1,8.93011680804,2.61308133135,0,2.99155184501e-16,7.47887961253e-17,2.22044604925e-16,0,B11: matched dividend levy,ok,fast,B11
20,2047,0.842743849065,2.29643016327,2.29643016327,6.08828836432,3.13006483174,1.36301328985,0.0205805316815,0.175482952449,0.511778837603,0.231584694642,5.82321554856,0,0.12123426481,0.0724755996809,0.0724755996809,0.4157320366,0,0.158644970467,0.162653758074,0.373522996211,0.0349609079285,0.0349609079285,0,0.0537880485802,0.684936299326,1.45998978443,0,0,0.446706923359,0.343256436919,0.378217344847,0.215563586773,0.443092737012,0.751333315041,0.677095027787,0.235117857068,0.790052591105,0.56642023896,-0.0885827826636,0.755944122625,0.00229513620219,0,1,9.59186596493,2.65119682788,0,1.4187859796e-16,-7.09392989798e-17,6.66133814775e-16,0,B11: matched dividend levy,ok,fast,B11
21,2048,0.853781225432,2.37331690364,2.37331690364,6.34539231217,3.30112981384,1.39093511228,0.0204853633053,0.170185011793,0.50538462811,0.231684031029,6.02368224279,0,0.13512260423,0.081472879247,0.081472879247,0.421660776302,0,0.184439786855,0.159925786571,0.379554572598,0.0353215793081,0.0353215793081,0,0.0543875130555,0.684764389316,1.46035631467,0,0,0.442770827099,0.340187897055,0.375509476363,0.215583689792,0.442904971715,0.751545849479,0.677427415137,0.235259401127,0.816998787978,0.585553912597,-0.0567567319763,0.779954143038,0.00229224252555,0,1,10.2510053122,2.67363886484,0,-6.72632151556e-17,-3.36316075778e-17,1.22124532709e-15,0,B11: matched dividend levy,ok,fast,B11
22,2049,0.862136705534,2.45365689682,2.45365689682,6.58461499725,3.48253794369,1.41932555779,0.020411049558,0.166174381344,0.500544103658,0.23175923035,6.23091894217,0,0.148974270252,0.0904020144924,0.0904020144924,0.427329345948,0,0.211774241242,0.156895085648,0.384966708976,0.0355671443551,0.0355671443551,0,0.0547950193398,0.684661620159,1.46057551724,0,0,0.438569970205,0.336927331455,0.372494475811,0.215599390163,0.442337750793,0.751606950641,0.677573596865,0.235322557853,0.847801351411,0.605556649629,-0.0237196560175,0.808223052082,0.00229384143852,0,1,10.9062146364,2.68359239867,0,1.91278264744e-16,0,8.881784197e-16,0,B11: matched dividend levy,ok,fast,B11
23,2050,0.86842756131,2.53741469604,2.53741469604,6.81002582023,3.67467046789,1.44819468163,0.0203400295875,0.163154770571,0.496899664221,0.231815848052,6.44527674527,0,0.162738571037,0.0992266454157,0.0992266454157,0.432633391109,0,0.240092354555,0.153532795779,0.389576372334,0.0357404468761,0.0357404468761,0,0.0550815987289,0.684604091012,1.46069825338,0,0,0.434019297127,0.333406745693,0.369147192569,0.21561439679,0.441590502256,0.751558414332,0.677579709729,0.23532656851,0.880749621908,0.626429679071,0.0101971498041,0.837997187274,0.00231345281647,0,1,11.5565186836,2.68384424148,0,1.20851437899e-16,3.02128594748e-17,5.55111512313e-16,0,B11: matched dividend levy,ok,fast,B11
24,2051,0.873144546918,2.62458121677,2.62458121677,7.02524432017,3.87793349747,1.47754372114,0.0202659489697,0.160890617479,0.49416700447,0.231858300922,6.6670910821,0,0.176378525081,0.107924155549,0.107924155549,0.437502017283,0,0.269998484502,0.149822391087,0.3932210335,0.0358745817158,0.0358745817158,0,0.0553005326019,0.684594947106,1.46071776344,0,0,0.429058677754,0.329577861734,0.36545244345,0.215630052362,0.440809308992,0.75143666813,0.677485599567,0.235288016492,0.915333396747,0.648176306795,0.0446932778899,0.868369008292,0.00235214145624,0,1,12.2012096864,2.67671058349,0,5.72584870446e-17,-8.58877305669e-17,4.4408920985e-16,0,B11: matched dividend levy,ok,fast,B11
25,2052,0.876670539484,2.71517180932,2.71517180932,7.23335154976,4.09299074362,1.50745184138,0.0202417835838,0.159198141048,0.492124314759,0.231890034855,6.89668690268,0,0.189867626662,0.116481535273,0.116481535273,0.442334464153,0,0.301014176103,0.146200921325,0.396960620079,0.0359831522079,0.0359831522079,0,0.0554760999451,0.684607555212,1.46069086207,0,0,0.424226925398,0.32585292888,0.361836081088,0.215635159763,0.439655512193,0.751234382218,0.677295342048,0.235209321504,0.952095167431,0.670757761366,0.0798512514709,0.899365892858,0.00237015274713,0,1,12.8397840163,2.66404929697,0,3.25499790496e-16,5.42499650826e-17,5.55111512313e-16,0,B11: matched dividend levy,ok,fast,B11
26,2053,0.87930018792,2.80922351203,2.80922351203,7.43689524039,4.32039981543,1.53793380873,0.0202208564891,0.157935909798,0.490600898103,0.231913701691,7.13438311207,0,0.203187266432,0.124892255932,0.124892255932,0.446991942606,0,0.333487177714,0.142480213438,0.400258765589,0.0360201097034,0.0360201097034,0,0.0555375247669,0.684592581282,1.46072281141,0,0,0.419353511948,0.322099686675,0.358119796378,0.21563958294,0.438379029531,0.750976464256,0.677035753614,0.235101575322,0.990624947663,0.694212302949,0.115471759567,0.932529623816,0.0023942892589,0,1,13.4718919989,2.64731346885,0,-5.13944575528e-17,-1.28486143882e-16,8.881784197e-16,0,B11: matched dividend levy,ok,fast,B11
27,2054,0.881257984548,2.90679216944,2.90679216944,7.63794224386,4.56061661213,1.56895173314,0.0201685691761,0.156996167417,0.489466700866,0.231931321861,7.38049627558,0,0.216324726145,0.133154011368,0.133154011368,0.45115601835,0,0.367667970384,0.138399198209,0.402297705611,0.036047826472,0.036047826472,0,0.0555835807779,0.684581547537,1.46074635461,0,0,0.414028088937,0.318002006982,0.354049833454,0.215650635245,0.437301843943,0.75070155441,0.676742172108,0.234979065342,1.02628210269,0.718584273255,0.151218149861,0.968693218266,0.00244744624725,0,1,14.0972990252,2.62761896917,0,9.73748174028e-17,7.30311130521e-17,8.881784197e-16,0,B11: matched dividend levy,ok,fast,B11
28,2055,0.882713717217,3.00794976627,3.00794976627,7.83814921145,4.81537694277,1.60088343122,0.0203522501073,0.156297415736,0.488623360987,0.231944423455,7.63534367336,0,0.229271647476,0.141267142187,0.141267142187,0.456887956705,0,0.403817198606,0.136102979925,0.409390926655,0.0360939798339,0.0360939798339,0,0.0556693700124,0.684457340617,1.46101143294,0,0,0.410934864815,0.315620814518,0.351714794352,0.215611814427,0.434413303756,0.750257245464,0.676303811376,0.234798946885,1.06305026648,0.743655415037,0.188425363753,1.00786946956,0.00233064378004,0,1,14.715855881,2.60581120714,0,2.76669437385e-16,9.22231457949e-17,9.99200722163e-16,0,B11: matched dividend levy,ok,fast,B11
29,2056,0.883795107144,3.1127821263,3.1127821263,8.03883520251,5.08492802983,1.63356374571,0.0204139251221,0.155778348571,0.487996886587,0.231954155964,7.89924580377,0,0.242022877757,0.149233568528,0.149233568528,0.4624123531,0,0.441742454906,0.13347501093,0.415478628331,0.0358950089541,0.0358950089541,0,0.0553786292835,0.684069393523,1.46183999674,0,0,0.407760535395,0.313178784572,0.349073793526,0.215598782596,0.431738439817,0.749764692796,0.675815828747,0.234598487496,1.10559681281,0.769713981967,0.226071799775,1.04934924838,0.0022586858275,0,1,15.3274763635,2.58252421028,0,0,-4.3667207013e-17,8.881784197e-16,0,B11: matched dividend levy,ok,fast,B11
30,2057,0.884597849001,3.22138701277,3.22138701277,8.24104815178,5.36945845508,1.66681570199,0.0203554690564,0.155393032479,0.487531839511,0.231961380641,8.1725284346,0,0.254575607931,0.157056087159,0.157056087159,0.466905787737,0,0.481383440496,0.130094569375,0.419084956217,0.0358560030264,0.0358560030264,0,0.0553486958254,0.683676199901,1.46268072539,0,0,0.403429844239,0.309849700578,0.345705703604,0.215611134229,0.429773034225,0.749298398511,0.675336788907,0.234400743806,1.14853201859,0.796816082334,0.263451270789,1.09245827922,0.00225131475042,0,1,15.9321205315,2.55822976846,0,1.24059776297e-16,1.24059776297e-16,8.881784197e-16,0,B11: matched dividend levy,ok,fast,B11
31,2058,0.885193430923,3.33387260964,3.33387260964,8.44562199831,5.66953479965,1.70058531428,0.020259955706,0.155107153157,0.487186805016,0.231966740878,8.45552429229,0,0.266928733145,0.164737921904,0.164737921904,0.470605491497,0,0.522806821113,0.126176514045,0.420656424155,0.0359402634801,0.0359402634801,0,0.0555069972407,0.683430945136,1.46320562029,0,0,0.398247817995,0.305867569593,0.341807833073,0.215631319028,0.428303895183,0.7488741442,0.674881561839,0.234211830531,1.19119721468,0.824945671889,0.300405619836,1.13408417985,0.00228460219557,0,1,16.5297822481,2.53327675865,0,-3.91645192722e-17,-7.83290385444e-17,1.11022302463e-15,0,B11: matched dividend levy,ok,fast,B11
32,2059,0.885635141644,3.45035633853,3.45035633853,8.65322392389,5.98589107615,1.73486170379,0.0201556424263,0.154895132011,0.486930911696,0.231970716275,8.748574466,0,0.279082380863,0.172282445891,0.172282445891,0.473688317469,0,0.566084647822,0.121794576184,0.420234687936,0.0360420724365,0.0360420724365,0,0.0556796504646,0.683353471409,1.46337150807,0,0,0.392440598249,0.301405871578,0.337447944014,0.21565336783,0.427237055473,0.74849760046,0.674456894038,0.234034635387,1.2378869371,0.854118984527,0.336902395283,1.17477855726,0.00235427423106,0,1,17.1204799545,2.50792181296,0,1.11283985342e-16,3.70946617805e-17,8.881784197e-16,0,B11: matched dividend levy,ok,fast,B11
33,2060,0.885962639835,3.57096395901,3.57096395901,8.8643924368,6.31963739034,1.76972869591,0.0200978510526,0.154737932879,0.486741184357,0.231973663759,9.05202959076,0,0.291037563956,0.179693017668,0.179693017668,0.476619031263,0,0.611292539897,0.117392011237,0.419202641205,0.0361315828341,0.0361315828341,0,0.055821940886,0.683396480124,1.46327941259,0,0,0.386609155941,0.296926013595,0.333057596429,0.215665585192,0.426163607352,0.748139661274,0.674042762626,0.233861518437,1.2883302778,0.884315917509,0.37321262902,1.21781576362,0.00242461797185,0,1,17.7042498614,2.48235281525,0,-3.51356559262e-16,-1.05406967779e-16,6.66133814775e-16,0,B11: matched dividend levy,ok,fast,B11
34,2061,0.886205405265,3.69582890193,3.69582890193,9.0795675514,6.67226914139,1.80535119954,0.0201287935877,0.154621405473,0.486600544683,0.231975848647,9.3662508613,0,0.302795926407,0.186972891004,0.186972891004,0.480011649146,0,0.658508795176,0.113536358541,0.419610955315,0.0361566440242,0.0361566440242,0,0.0558594650369,0.683435381841,1.46319612149,0,0,0.381548884402,0.293038758142,0.329195402166,0.215659043626,0.424575435168,0.747749064846,0.673601966344,0.23367804818,1.34429525258,0.915510963175,0.409803159879,1.26725576042,0.00245158535968,0,1,18.2811409362,2.45670667997,0,0,0,4.4408920985e-16,0,B11: matched dividend levy,ok,fast,B11
35,2062,0.88638533205,3.82509179101,3.82509179101,9.29911441992,7.0449732758,1.84177888027,0.0201776146068,0.154535040616,0.486496308901,0.231977467988,9.69161091812,0,0.314359557342,0.194125171127,0.194125171127,0.483654947286,0,0.707806485201,0.109970719842,0.42064809772,0.0360896668562,0.0360896668562,0,0.0557559484826,0.683368887071,1.46333849685,0,0,0.376980835967,0.289529776159,0.325619443015,0.215648723173,0.422716058445,0.747326638077,0.673135622296,0.233484626254,1.3984888438,0.947785272552,0.44668519718,1.31641076768,0.00245788475374,0,1,18.8512112203,2.43108268454,0,-1.26072645691e-16,-6.30363228454e-17,6.66133814775e-16,0,B11: matched dividend levy,ok,fast,B11
36,2063,0.886518669972,3.95890011519,3.95890011519,9.52334168262,7.43829690203,1.87887965991,0.0201439923262,0.154471038414,0.486419063134,0.23197866803,10.0284946386,0,0.3257308553,0.201152799213,0.201152799213,0.486657677215,0,0.759266003748,0.105870454251,0.419130553528,0.0360214068521,0.0360214068521,0,0.0556544157488,0.683254988724,1.46358243482,0,0,0.371740817757,0.285504878002,0.321526284854,0.215655830603,0.421331750688,0.746930568035,0.67268713032,0.233298093258,1.45512687322,0.981282066144,0.483345549902,1.36852575332,0.00250744097266,0,1,19.4145251271,2.40555240231,0,-5.97030766181e-17,-1.79109229854e-16,4.4408920985e-16,0,B11: matched dividend levy,ok,fast,B11
37,2064,0.886617473776,4.09740802071,4.09740802071,9.7525156326,7.85311901197,1.91660654059,0.0200794555883,0.154423612587,0.486361823786,0.231979557264,10.3772998589,0,0.336912429346,0.208058553285,0.208058553285,0.489029771223,0,0.812972968223,0.101352000978,0.415280501721,0.0360502574076,0.0360502574076,0,0.0557050063977,0.683213945896,1.46367035686,0,0,0.365838202088,0.280971217938,0.317021475345,0.215669474368,0.420325386938,0.746571912044,0.672264724328,0.233121693166,1.50931816089,1.01601339879,0.519661919258,1.42442377973,0.00258749567954,0,1,19.9711514632,2.3801670674,0,5.65494052966e-17,-1.41373513241e-16,1.33226762955e-15,0,B11: matched dividend levy,ok,fast,B11
38,2065,0.886690682963,4.24077619828,4.24077619828,9.98687110532,8.2907001204,1.95499590942,0.0200298642485,0.154388472178,0.486319411997,0.231980216147,10.7384380465,0,0.347907027138,0.214845057927,0.214845057927,0.491112262051,0,0.869015227836,0.0966919944141,0.410049108476,0.036104749977,0.036104749977,0,0.0557900366642,0.683258832242,1.46357420177,0,0,0.359713655731,0.276267204123,0.3123719541,0.215679959686,0.419439871404,0.746237599042,0.671864729922,0.232951919061,1.56458783102,1.05198082159,0.555748168418,1.4815433511,0.00268166058414,0,1,20.5211619811,2.35496301582,0,-5.35647416262e-17,2.41041337318e-16,6.66133814775e-16,0,B11: matched dividend levy,ok,fast,B11
39,2066,0.886744925089,4.38917184573,4.38917184573,10.226619827,8.75279055265,1.99417814118,0.0200421042193,0.154362435957,0.486287988269,0.231980704326,11.1123349398,0,0.358717482726,0.221514798106,0.221514798106,0.49344823843,0,0.927415836789,0.0923897441178,0.405514463716,0.0361336754336,0.0361336754336,0,0.0558318751813,0.683320883749,1.46344129644,0,0,0.354071104536,0.271933440324,0.308067115758,0.21567737164,0.418247227024,0.745889298715,0.671463787558,0.232777992724,1.62820238673,1.08916559829,0.591947265537,1.53964303709,0.00274955989043,0,1,21.0646303209,2.32996569431,0,1.01473743072e-16,2.53684357679e-17,2.22044604925e-16,0,B11: matched dividend levy,ok,fast,B11
40,2067,0.886785112721,4.54276869071,4.54276869071,10.4719568038,9.2422020369,2.03448660193,0.0202130691902,0.154343145894,0.486264706637,0.231981066014,11.499431167,0,0.369346678722,0.228070134257,0.228070134257,0.497259988539,0,0.988338948188,0.0896401900322,0.407214648707,0.0360915646699,0.0360915646699,0,0.055771193473,0.683227880434,1.46364050508,0,0,0.350498981692,0.269189854282,0.305281418952,0.21564122892,0.415760263656,0.745431229962,0.670980638144,0.232572604277,1.70153539804,1.12746111481,0.629101392177,1.60186187387,0.00269690412647,0,1,21.6016312396,2.30519260758,0,1.44150455079e-16,9.61003033859e-17,6.66133814775e-16,0,B11: matched dividend levy,ok,fast,B11
41,2068,0.886814886688,4.70174706168,4.70174706168,10.7230652082,9.75953263107,2.07572472595,0.0202695480914,0.15432885439,0.486247457883,0.23198133398,11.9001828524,0,0.379797518987,0.234513317027,0.234513317027,0.500814612719,0,1.05190041318,0.0865728175927,0.407043490738,0.0359008136025,0.0359008136025,0,0.0554871313988,0.682912340375,1.46431678105,0,0,0.346738051397,0.266301295692,0.302202109295,0.215629291702,0.413549017815,0.744957940433,0.670485371325,0.232362706776,1.77620909846,1.16718617781,0.666415867504,1.66673917948,0.00268202886512,0,1,22.1322400492,2.28065548135,0,9.1006245204e-17,1.82012490408e-16,6.66133814775e-16,0,B11: matched dividend levy,ok,fast,B11
42,2069,0.886836945014,4.86629399787,4.86629399787,10.9801201149,10.3051539956,2.11765955779,0.0202025014791,0.154318266393,0.486234678981,0.231981532505,12.3150622205,0,0.390072908965,0.240846500816,0.240846500816,0.503223543319,0,1.1182026456,0.0825955893969,0.401934420932,0.0358620095219,0.0358620095219,0,0.0554491798069,0.682616562912,1.46495126889,0,0,0.341628559217,0.262377042502,0.298239052024,0.215643462627,0.412124263048,0.744534845621,0.670025818021,0.23216646807,1.84995915933,1.20845341873,0.703269371847,1.73932809165,0.00273320988569,0,1,22.6565322088,2.25636184737,0,-8.61877872061e-17,0,2.22044604925e-16,0,B11: matched dividend levy,ok,fast,B11
43,2070,0.886853286897,5.03660339118,5.03660339118,11.2432913603,10.8807137654,2.16032768918,0.0201487208983,0.154310422289,0.486225211747,0.231981679582,12.7445582013,0,0.400175741592,0.247071755765,0.247071755765,0.505231491942,0,1.18715826949,0.0784544835434,0.395144117868,0.0359495783665,0.0359495783665,0,0.0556057725567,0.682457606465,1.46529248195,0,0,0.336137471351,0.258159736177,0.294109314543,0.215654831,0.410859927216,0.744137873922,0.669584448338,0.23197713724,1.920290981,1.25118919925,0.739843009016,1.81708747609,0.00279500297366,0,1,23.1745830295,2.23231620341,0,8.16286908057e-17,1.22443036208e-16,8.881784197e-16,0,B11: matched dividend levy,ok,fast,B11
44,2071,0.886865393632,5.21287615471,5.21287615471,11.5127457336,11.4880700823,2.20378726472,0.0201171219349,0.154304611056,0.486218198033,0.231981788543,13.1891770431,0,0.41010888728,0.253191078075,0.253191078075,0.507139080006,0,1.25888884126,0.0742899149802,0.387264126335,0.0360034241341,0.0360034241341,0,0.0557003364743,0.682380563179,1.46545791888,0,0,0.330653620113,0.253948001931,0.289951426065,0.215661511085,0.409621307401,0.743754821985,0.669153100752,0.23179168933,1.99497204288,1.29542839903,0.776266192887,1.8915749177,0.00286146864583,0,1,23.686467461,2.20852086103,0,3.86565547274e-17,0,4.4408920985e-16,0,B11: matched dividend levy,ok,fast,B11
45,2072,0.886874362725,5.3953204137,5.3953204137,11.7886486608,12.1305708413,2.24835040576,0.02022116279,0.154300305892,0.486213002028,0.231981869265,13.6494429353,0,0.419875186839,0.259206398757,0.259206398757,0.510151873341,0,1.33362621425,0.0713252874692,0.384822779496,0.0360193310836,0.0360193310836,0,0.055736944553,0.682257322284,1.46572263476,0,0,0.326744206343,0.250945474584,0.286964805668,0.215639518199,0.407447073944,0.743301993394,0.668670519141,0.231586785541,2.08027273433,1.34104853935,0.813273583569,1.96458547845,0.00283773817549,0,1,24.1922599396,2.18497656429,0,7.32181882714e-17,7.32181882714e-17,3.33066907388e-16,0,B11: matched dividend levy,ok,fast,B11
46,2073,0.886881007304,5.584151716,5.584151716,12.0711655027,12.8094013564,2.29388490998,0.0202524055457,0.154297116494,0.486209152669,0.231981929066,14.1258986465,0,0.429477446562,0.265119590934,0.265119590934,0.512996225402,0,1.41147026269,0.0681406000619,0.380507448765,0.0358968803553,0.0358968803553,0,0.0555592145374,0.681998173438,1.46627958688,0,0,0.322748440237,0.247876634468,0.283773514823,0.215632914761,0.40546268064,0.742843166494,0.66818383355,0.231380538975,2.16800500491,1.38833173783,0.85034854892,2.04555995848,0.00283759110523,0,1,24.6920342795,2.1616829407,0,-3.46690057946e-17,3.46690057946e-17,6.66133814775e-16,0,B11: matched dividend levy,ok,fast,B11
47,2074,0.886885929791,5.77959325962,5.77959325962,12.3604625618,13.5253550785,2.34019151019,0.020186976255,0.154294753701,0.486206300958,0.231981973368,14.6191061773,0,0.43891843487,0.270932475895,0.270932475895,0.514862463943,0,1.49253167936,0.0641547161891,0.370788165259,0.0358714724339,0.0358714724339,0,0.0555374370533,0.681768624647,1.4667732774,0,0,0.317609716947,0.243929988049,0.279801460483,0.215646744293,0.404130587506,0.742430337784,0.6677301959,0.23118697736,2.26202938563,1.43741322302,0.887007973108,2.12787060386,0.00289634695025,0,1,25.185863596,2.13863882917,0,1.64169150189e-16,3.28338300378e-17,8.881784197e-16,0,B11: matched dividend levy,ok,fast,B11
48,2075,0.886889576492,5.98187613578,5.98187613578,12.6567078667,14.2810901239,2.38739315221,0.0201699911359,0.154293003284,0.486204188339,0.231982006188,15.1296474334,0,0.448200880083,0.276646828077,0.276646828077,0.516713973989,0,1.57670144944,0.060360129194,0.361066816378,0.0359433179442,0.0359433179442,0,0.0556664900033,0.681633713406,1.46706358611,0,0,0.312580105994,0.240067145911,0.276010463855,0.215650334661,0.402676564955,0.742020486235,0.667278174894,0.230994058776,2.35596136485,1.48818631946,0.92359783603,2.21026593285,0.00293849797766,0,1,25.6738202538,2.1158425182,0,-3.10963102954e-17,-6.21926205907e-17,4.4408920985e-16,0,B11: matched dividend levy,ok,fast,B11
49,2076,0.886892278053,6.19123958621,6.19123958621,12.96007179,15.0790049527,2.43553891636,0.0201666676055,0.154291706535,0.486202623261,0.231982030502,15.658124918,0,0.457327469026,0.282264379157,0.282264379157,0.518602842076,0,1.66428587475,0.056637799538,0.350658186576,0.0359503738323,0.0359503738323,0,0.055688263075,0.681515019723,1.46731909211,0,0,0.307725173506,0.236338462919,0.272288836752,0.215651037214,0.401181902375,0.741611513177,0.666827029581,0.230801617307,2.44990401102,1.54073828946,0.960164134184,2.2978426863,0.00297831870969,0,1,26.1559758304,2.09329191829,-1.11022302463e-16,5.89016597903e-17,-1.17803319581e-16,2.22044604925e-16,0,B11: matched dividend levy,ok,fast,B11
50,2077,0.886894279428,6.40793127389,6.40793127389,13.27072754,15.9201049213,2.48443752606,0.0200771210752,0.154290745874,0.486201463818,0.231982048515,16.2051624465,0,0.466300846222,0.287786821396,0.287786821396,0.519542669306,0,1.75542889633,0.0520304330172,0.333407438925,0.0359445530489,0.0359445530489,0,0.0556840606677,0.681453386599,1.46745180179,0,0,0.301758373566,0.23175584791,0.267700400959,0.215669967941,0.400365958664,0.741259143901,0.666417344641,0.230625084712,2.54402482952,1.59528895695,0.996232965624,2.39479131471,0.00308389197853,0,1,26.6324010942,2.07098468644,0,1.11579468112e-16,1.11579468112e-16,3.33066907388e-16,0,B11: matched dividend levy,ok,fast,B11
1,2028,0.0144755795665,1.00508631542,1.03366772825,1.03366772825,0.984984589109,0.98,-0.02,0.573051721808,0.964195353451,0.220361889489,3.04148271957,0,0,0,0,0.364856426395,0,0,0.128530359193,0.12918410514,-0.00545250559552,-0.0181060565376,0.012653550942,-0.0297236444317,0.591040529748,1.69193134763,0.04,0.0207725877924,0.467981774462,0.364856426395,0.3594039208,0.230873561607,0.323677349882,0.743663835028,0.672153258356,0.233502267736,0.425215087941,0.257355823911,-0.758185085411,0.403918726643,0.00359691539188,0,1,0.201589468191,1,-0.0276504838579,1.26804106025e-16,5.63573804555e-17,1.33226762955e-15,0,B12: matched levy and monetary hybrid,ok,fast,B12
2,2029,0.0332822997251,1.08011793237,1.08183287254,1.08183287254,1.03734526225,0.9604,-0.02,0.564024496132,0.979164135332,0.220832057493,3.09751842173,0,0,0,0,0.191974963311,0,0,0.0721147856548,0.0778924731747,0.104986048388,0.0940153459682,0.0109707024195,0.167523361015,0.655222722652,1.52619859695,0.04,0.0195483931169,0.246384576209,0.191974963311,0.296961011698,0.224846226043,0.381861359542,0.735743116549,0.659661017447,0.227824400494,0.524487926219,0.271708339521,-0.694996991952,0.456489465278,0.00439818300491,0,1,0.420630183113,1,-0.00158521729001,-2.2742899719e-16,-8.02690578318e-17,1.33226762955e-15,0,B12: matched levy and monetary hybrid,ok,fast,B12
3,2030,0.0574191154862,1.14402259688,1.14402259688,1.14402259688,1.10246648503,0.963675444905,0.00341050073389,0.552438824567,0.966735767532,0.221435477887,3.16499450688,0,0,0,0,0.209390366669,0,0,0.078668960055,0.0899990679761,0.0885308334605,0.0759061539376,0.0126246795228,0.123120424682,0.692425745497,1.44419817793,0.04,0.0204773371288,0.268944141072,0.209390366669,0.297921200129,0.219252240074,0.38214972533,0.731307815567,0.652932688969,0.224586975932,0.545046397322,0.285698707333,-0.646225791993,0.491854065151,0.00424921466243,0,1,0.657370839955,1,0,-2.89522741882e-16,2.51758905985e-17,1.33226762955e-15,0,B12: matched levy and monetary hybrid,ok,fast,B12
4,2031,0.0879151555569,1.22379876234,1.22379876234,1.22379876234,1.19624173059,0.977482383058,0.0143273736257,0.537800725333,0.949068700429,0.222197878889,3.24702032565,0,0,0,0,0.238775390496,0,0,0.0914226359462,0.111882908721,0.0695397455644,0.0561277576912,0.0134119878732,0.0879544947156,0.694273174508,1.44035523295,0.04,0.0210171342139,0.306987322373,0.238775390496,0.30831513606,0.216892500114,0.378704563383,0.729347439007,0.649939605127,0.22312000086,0.565049129762,0.304346702349,-0.583874244054,0.524068214896,0.00388834454922,0,1,0.918331401528,1,0,-2.78427761605e-16,-4.64046269341e-17,1.33226762955e-15,0,B12: matched levy and monetary hybrid,ok,fast,B12
5,2032,0.125692255092,1.32666764345,1.32666764345,1.32666764345,1.31947527761,0.994578622707,0.0174900744453,0.519667717556,0.927183545803,0.223142306377,3.34823478386,0,0,0,0,0.236379090662,0,0,0.0895010212572,0.118738108958,0.0693402559877,0.0560867319021,0.0132535240856,0.0891070484834,0.685517656355,1.45875163204,0.04,0.0210563599128,0.304275921578,0.236379090662,0.30571934665,0.216218325392,0.388629728964,0.728703922892,0.648695922619,0.222470793209,0.605133687778,0.329590172497,-0.514184410875,0.559233470992,0.00436952581116,0,1,1.21265836616,1,0,-1.47247191824e-16,-8.41412524709e-17,1.33226762955e-15,0,B12: matched levy and monetary hybrid,ok,fast,B12
6,2033,0.171360273177,1.45951777775,1.45951777775,1.45951777775,1.480400782,1.0143081534,0.0198370749571,0.497747068875,0.900726998065,0.224284006829,3.47468719207,0,0,0,0,0.232082352491,0,0,0.0940474393285,0.137263909652,0.077685818513,0.0648659214374,0.0128198970756,0.106163687525,0.675865058241,1.47958529267,0.04,0.0209818579166,0.299184694572,0.232082352491,0.309768171004,0.215720731676,0.396765093019,0.727923304048,0.647768578417,0.222025695551,0.663087211389,0.362156529973,-0.429668902938,0.605731606636,0.00424174722571,0,1,1.55242622043,1,0,-4.68717254697e-17,3.74973803758e-17,1.33226762955e-15,0,B12: matched levy and monetary hybrid,ok,fast,B12
7,2034,0.224966092576,1.59997212018,1.59997212018,1.63047496169,1.65789413052,1.03620188728,0.0215848939098,0.472016275563,0.869671896936,0.225624152314,3.62719831388,0,0,0,0,0.244768961475,0,0,0.104286377479,0.166855296482,0.0748690733275,0.0621756317509,0.0126934415766,0.103023832249,0.665682901802,1.50221674208,0.04,0.0210327898379,0.316085479947,0.244768961475,0.319638034803,0.215351657323,0.401315121163,0.727800942658,0.647916773586,0.222091373447,0.709424999452,0.396391476172,-0.347533372172,0.6489329491,0.00397316349516,0,1,1.94577296863,1.01906460814,0,9.20780543675e-17,1.33931715444e-16,1.33226762955e-15,0,B12: matched levy and monetary hybrid,ok,fast,B12
8,2035,0.285757724698,1.64149142006,1.64149142006,1.84704774307,1.73942153025,1.05965922758,0.0226378088944,0.442836292145,0.834453886942,0.226571819522,3.78148211282,0,0.000952173169538,0.000322874057838,0.000322874057838,0.310069429826,0,0.000500655754557,0.127995335801,0.210103245524,0.0333787097946,0.0195248195038,0.0138538902908,0.0307728466753,0.654006890981,1.52903587682,0.0404754681729,0.0218349594316,0.400485220977,0.309746555769,0.343125265563,0.215129929763,0.389979262135,0.730778667278,0.651705725598,0.223755883001,0.683114803316,0.405616577894,-0.323563608969,0.661381752015,0.00339044450141,0,1,2.37373835967,1.12522534112,0,-3.4307088038e-16,3.19135702679e-17,3.33066907388e-16,0,B12: matched levy and monetary hybrid,ok,fast,B12
9,2036,0.352061761364,1.68289415707,1.68289415707,2.11006208027,1.82228024196,1.08282522362,0.0218617414361,0.411010354545,0.796042412461,0.227168555852,3.93689382137,0,0.00366259636119,0.00134737958802,0.00134737958802,0.316626791634,0,0.00215330830724,0.135514804591,0.228057072843,0.0355287057983,0.0218418825334,0.0136868232649,0.0349879154031,0.646111213295,1.54772116537,0.0407913426683,0.0219245485729,0.407953654621,0.315279412046,0.350808117844,0.215293313253,0.398506078874,0.734195865291,0.655787711278,0.225545531607,0.679392881013,0.415737814507,-0.306636201547,0.664834893477,0.0032394596449,0,1,2.83867671668,1.25382934596,-1.11022302463e-16,-3.16048092255e-16,9.138740017e-17,1.22124532709e-15,0,B12: matched levy and monetary hybrid,ok,fast,B12
10,2037,0.421371924532,1.72476336033,1.72476336033,2.42109257643,1.90849139783,1.10652362041,0.0218857081191,0.377741476225,0.755889418801,0.227792347321,4.09356808651,0,0.00819259332468,0.00327553124277,0.00327553124277,0.324956088592,0,0.00535202599279,0.14421573529,0.248738016212,0.0378234418361,0.0243580274152,0.0134654144209,0.0394829757448,0.64128284009,1.5593743314,0.0405585224308,0.0218266701942,0.416572610014,0.321680557349,0.359503999185,0.215288263895,0.406052893056,0.737511817793,0.659737538821,0.227287229332,0.677772168696,0.425747032462,-0.292023737686,0.662381550103,0.00295326619736,0,1,3.3407252832,1.40372449469,-1.11022302463e-16,-1.45432018437e-17,-5.8172807375e-17,1.33226762955e-15,0,B12: matched levy and monetary hybrid,ok,fast,B12
11,2038,0.490682087701,1.76784327787,1.76784327787,2.77685059612,1.99908033432,1.13080178506,0.0219409366448,0.344472597904,0.715736425142,0.228416138789,4.25175793683,0,0.0145134351987,0.00627298400047,0.00627298400047,0.335704717164,0,0.0105981229466,0.152369642766,0.269365648715,0.0382145387213,0.0247948525389,0.0134196861823,0.0404997134985,0.63701776468,1.56981493366,0.0405657124357,0.0219196079013,0.426955188833,0.329431733164,0.367646271885,0.215276629119,0.412813208317,0.740688808585,0.663511284805,0.228957262133,0.677374976956,0.436050684834,-0.278115087798,0.660076732924,0.00270350701698,0,1,3.87818946384,1.5707560907,0,-1.3537067901e-16,-5.55366888245e-17,5.55111512313e-16,0,B12: matched levy and monetary hybrid,ok,fast,B12
12,2039,0.556986124366,1.81292328722,1.81292328722,3.16839679163,2.09453726411,1.15533695158,0.0216971416594,0.312646660304,0.677324950661,0.229012875119,4.411835235,0,0.022509048711,0.0104301549497,0.0104301549497,0.344385458639,0,0.0180892729288,0.157614645159,0.285743260616,0.0389873393959,0.0255908035229,0.013396535873,0.042091094911,0.633576972023,1.57834019252,0.0405822809934,0.0220342773686,0.433152893105,0.333955303689,0.372942643085,0.215327997926,0.420810247693,0.743737762436,0.667058055629,0.230525093391,0.679554702208,0.447031009802,-0.265061966544,0.6587201483,0.0026208905146,0,1,4.44772888549,1.74767284085,0,9.93855877783e-18,7.95084702227e-17,2.22044604925e-16,0,B12: matched levy and monetary hybrid,ok,fast,B12
13,2040,0.617777756488,1.86071648969,1.86071648969,3.58210696422,2.19580029438,1.1800832134,0.0214190862527,0.283466676886,0.642106940667,0.229559999808,4.57427119792,0,0.0319935748804,0.015740863956,0.015740863956,0.351964010693,0,0.0281149190869,0.161014816354,0.299602923875,0.0401782851216,0.0268135571094,0.0133647280122,0.0443669725846,0.631172059558,1.58435403605,0.0405091424978,0.0221139074872,0.436404063462,0.336223146738,0.376401431859,0.215386615505,0.42866847114,0.746525109218,0.670252872025,0.231936235131,0.683801535358,0.458761901555,-0.251617020556,0.661260327515,0.00260172581973,0,1,5.0448074541,1.92512238381,2.22044604925e-16,5.05612021033e-17,-7.5841803155e-17,6.66133814775e-16,0,B12: matched levy and monetary hybrid,ok,fast,B12
14,2041,0.671383575888,1.91177293663,1.91177293663,4.00216535631,2.30358765791,1.20494835646,0.0210706692334,0.257735883574,0.611051839538,0.230042452183,4.7396038604,0,0.0427380398442,0.0221066118224,0.0221066118224,0.35848981855,0,0.0405449645812,0.162189945129,0.310070347692,0.041266849664,0.0279116691775,0.0133551804866,0.0463927319295,0.629550503896,1.58843491318,0.0404257258758,0.0221980027151,0.436885394112,0.336383206728,0.377650056392,0.215460111263,0.436396801716,0.749033863713,0.673076500197,0.233180182292,0.690967409261,0.471409844423,-0.237213918837,0.665665362208,0.002691441917,0,1,5.66426736293,2.09343132734,2.22044604925e-16,-6.02442358125e-18,9.63907773e-17,1.11022302463e-15,0,B12: matched levy and monetary hybrid,ok,fast,B12
15,2042,0.717051593972,1.96644689762,1.96644689762,4.41364964176,2.41957790461,1.23043134678,0.0211486161968,0.235815234893,0.5845952918,0.230453464346,4.90840212879,0,0.0544984286953,0.029362314681,0.029362314681,0.367079865124,0,0.0553401361582,0.164628202866,0.323732618786,0.0423543170477,0.0290021716009,0.0133521454468,0.0483876810022,0.628373147854,1.59141109612,0.04032120077,0.0222769302749,0.438852668157,0.337717550443,0.380071867491,0.215443664625,0.440499235537,0.750969857026,0.67531011199,0.234171768039,0.696205586531,0.484765227499,-0.21880704486,0.674367012522,0.00256424719899,0,1,6.30087555985,2.24447944519,0,-3.32666161035e-16,4.5884987729e-17,5.55111512313e-16,0,B12: matched levy and monetary hybrid,ok,fast,B12
16,2043,0.754828693508,2.02491253885,2.02491253885,4.80501290317,2.54397176316,1.25633661422,0.0210538097138,0.217682227116,0.562710137174,0.230793458242,5.08123456854,0,0.0670389302546,0.0373111702192,0.0373111702192,0.37534439059,0,0.0723638113652,0.165414568748,0.334950034366,0.0428450172912,0.0294566738921,0.0133883433991,0.0492877241647,0.627103945932,1.59463196889,0.040344584859,0.0224017476955,0.439457027495,0.338033220371,0.380878237662,0.215463668914,0.44381716836,0.752509689311,0.677093328362,0.234965017122,0.711341608076,0.499176160426,-0.197440959063,0.683834939571,0.0025140630876,0,1,6.94973981216,2.37294836739,0,2.34572130232e-16,0,1.33226762955e-15,0,B12: matched levy and monetary hybrid,ok,fast,B12
17,2044,0.785324733578,2.08720782699,2.08720782699,5.16923737323,2.67695793464,1.28255456885,0.020868574812,0.203044127882,0.545043070071,0.231067922602,5.25864727105,0,0.0801473736499,0.0457563065275,0.0457563065275,0.382357317777,0,0.0913548280534,0.164749804146,0.343867080709,0.0436515573342,0.0302581789325,0.0133933784018,0.0507729635707,0.626208795254,1.59691145761,0.0403161429141,0.0224739735725,0.437751293182,0.33660101125,0.380252568584,0.215502764438,0.446674324173,0.753712567978,0.678566347792,0.235583371789,0.726354423211,0.514625940849,-0.173676562259,0.695595042359,0.00251387799627,0,1,7.60655948211,2.47662801298,0,3.99180595023e-16,8.29466171476e-17,1.11022302463e-15,0,B12: matched levy and monetary hybrid,ok,fast,B12
18,2045,0.809461549339,2.15328566196,2.15328566196,5.50367404565,2.81940308345,1.30934930431,0.0208916923382,0.191458456317,0.531060049892,0.231285153944,5.44115144059,0,0.09364289056,0.0545222792272,0.0545222792272,0.390260547036,0,0.112091897532,0.164612427314,0.354457579515,0.0443720440024,0.030986345082,0.0133856989205,0.0521154885799,0.62555709413,1.5985751091,0.0402605724436,0.0225132146879,0.436752678229,0.335738267809,0.380110311811,0.215497884498,0.447243606347,0.754484691359,0.679575448678,0.236009327459,0.747343164029,0.530916196791,-0.146441872965,0.711701733804,0.00238689649896,0,1,8.26772842367,2.55594236421,0,9.35226218258e-17,0,8.881784197e-16,0,B12: matched levy and monetary hybrid,ok,fast,B12
19,2046,0.828268269498,2.2230584022,2.2230584022,5.80906547175,2.971019953,1.33645609583,0.0207024904914,0.182431230641,0.520164878379,0.231454414425,5.62921903487,0,0.107377562542,0.063465421305,0.063465421305,0.396946807724,0,0.134610479862,0.162645125713,0.361569613293,0.0447015694157,0.0313083458979,0.0133932235178,0.0527401751608,0.624942056868,1.60014834817,0.0402675077015,0.0225614268029,0.433912304849,0.333481386419,0.378182955834,0.215537830121,0.448167402101,0.755048979474,0.680311149157,0.236318966033,0.771188591103,0.548279209068,-0.117559933629,0.736196264813,0.00239387219094,0,1,8.93033184113,2.61309620386,0,3.69013084449e-16,1.4947365446e-16,4.4408920985e-16,0,B12: matched levy and monetary hybrid,ok,fast,B12
20,2047,0.842743849065,2.29643016327,2.29643016327,6.0883198483,3.13218917734,1.36393835416,0.0205635324783,0.175482952449,0.511778837603,0.231584694642,5.82328397091,0,0.12123426481,0.0724755996809,0.0724755996809,0.402948763628,0,0.15882600887,0.160180498835,0.367843329093,0.045274512236,0.0319013882451,0.0133731239909,0.0538161030418,0.624686566695,1.60080279186,0.0402107471474,0.0225598150512,0.430071032737,0.330473163947,0.375747676183,0.215567177347,0.448551819105,0.75540075317,0.680788278061,0.236519870377,0.796907276241,0.566543382573,-0.0870407355352,0.757980157442,0.00239486784292,0,1,9.59208099802,2.65121053785,0,4.43069911237e-17,-7.0891185798e-17,8.881784197e-16,0,B12: matched levy and monetary hybrid,ok,fast,B12
21,2048,0.853781225432,2.37331690364,2.37331690364,6.34542212849,3.30332916861,1.39186181312,0.0204726693639,0.170185011793,0.50538462811,0.231684031029,6.0237465598,0,0.13512260423,0.081472879247,0.081472879247,0.40885882371,0,0.184739760994,0.157396966404,0.373552880948,0.0455973934373,0.0322367748016,0.0133606186357,0.0544243544048,0.624559369238,1.60112881057,0.0401690597435,0.0225563211014,0.426108473187,0.327385944463,0.3729833379,0.215586371497,0.448321222352,0.75557288787,0.681051437239,0.236631117523,0.824126270845,0.585681601289,-0.055016298763,0.784482018641,0.00239403880401,0,1,10.2512203453,2.67365142799,0,1.09229950933e-16,0,7.77156117238e-16,0,B12: matched levy and monetary hybrid,ok,fast,B12
22,2049,0.862136705534,2.45365689682,2.45365689682,6.58464311293,3.48481965541,1.42025548068,0.0203997748141,0.166174381344,0.500544103658,0.23175923035,6.23097940016,0,0.148974270252,0.0904020144924,0.0904020144924,0.414472329097,0,0.211691856696,0.154282993039,0.378557529931,0.0458144508278,0.0324647070805,0.0133497437473,0.0548360566445,0.624496830961,1.6012891506,0.0401418008092,0.0225490192319,0.421834309512,0.324070314605,0.369884765432,0.215601772394,0.447730055513,0.755606014799,0.681147224092,0.236672205053,0.855207556018,0.605691735839,-0.0218080258932,0.812507815977,0.00239693645509,0,1,10.9064296695,2.68360385736,0,5.33635524972e-16,1.27435349247e-16,8.881784197e-16,0,B12: matched levy and monetary hybrid,ok,fast,B12
23,2050,0.86842756131,2.53741469604,2.53741469604,6.81005224428,3.67703985199,1.44912846045,0.0203294267553,0.163154770571,0.496899664221,0.231815848052,6.44533357577,0,0.162738571037,0.0992266454157,0.0992266454157,0.419692835246,0,0.240167556407,0.1508258565,0.382707744825,0.0459763040329,0.032639044141,0.0133372598919,0.0551474228676,0.624489804229,1.60130716823,0.0401199324442,0.0225348361298,0.417173654283,0.32046618983,0.366442493863,0.215616637363,0.446964070012,0.755538723738,0.681118346493,0.236660895646,0.888521021488,0.626573444944,0.0122459667389,0.841680819431,0.00241513832261,0,1,11.5567337167,2.68385465525,0,1.96257042364e-16,1.50966955665e-16,2.22044604925e-16,0,B12: matched levy and monetary hybrid,ok,fast,B12
24,2051,0.873144546918,2.62458121677,2.62458121677,7.02526909128,3.88039298035,1.4784808165,0.0202551787899,0.160890617479,0.49416700447,0.231858300922,6.66714450278,0,0.176378525081,0.107924155549,0.107924155549,0.424464125299,0,0.269758712169,0.147009532216,0.38583845694,0.0461018910963,0.0327788378866,0.0133230532097,0.0553918121824,0.624542071388,1.6011731568,0.0400988280266,0.0225141618395,0.41208538754,0.31653996975,0.362641860846,0.215632328631,0.446165849192,0.75540558166,0.681001665522,0.236612482036,0.923497137566,0.648330077264,0.0468436075081,0.871158170248,0.00245443597062,0,1,12.2014247195,2.67672002161,0,1.6451381146e-16,-5.72221952903e-17,1.11022302463e-15,0,B12: matched levy and monetary hybrid,ok,fast,B12
25,2052,0.876670539484,2.71517180932,2.71517180932,7.23337472649,4.09554984292,1.50839435975,0.0202326218296,0.159198141048,0.492124314759,0.231890034855,6.89673711811,0,0.189867626662,0.116481535273,0.116481535273,0.429189246371,0,0.300792138499,0.143270933995,0.389005201077,0.046200319077,0.032893075905,0.0133072431721,0.0555877752979,0.624625263939,1.60095989985,0.040076553637,0.0224886248224,0.407113206817,0.312707711098,0.358908030175,0.215637096181,0.445004119575,0.755198268587,0.680799321814,0.23652850573,0.960669078925,0.670922357206,0.0820833318152,0.902306677741,0.00247418175304,0,1,12.8399990494,2.66405783298,0,4.06620502939e-17,1.35540167646e-16,4.4408920985e-16,0,B12: matched levy and monetary hybrid,ok,fast,B12
26,2053,0.87930018792,2.80922351203,2.80922351203,7.43691689368,4.3230703273,1.53888443151,0.0202135943898,0.157935909798,0.490600898103,0.231913701691,7.13443031458,0,0.203187266432,0.124892255932,0.124892255932,0.433754251262,0,0.333615924352,0.139436194386,0.391707435696,0.0462153169638,0.0329208520057,0.0132944649581,0.0556328879897,0.62467247942,1.60083889229,0.0400697865489,0.0224662921777,0.402118871292,0.308861995331,0.355077312295,0.215641117909,0.443710731965,0.754941226399,0.680536717293,0.236419408078,0.999631095764,0.694388062782,0.117771717281,0.935041481926,0.00249827556082,0,1,13.472107032,2.64732117677,0,2.82494901685e-16,2.05450837589e-16,6.66133814775e-16,0,B12: matched levy and monetary hybrid,ok,fast,B12
27,2054,0.881257984548,2.90679216944,2.90679216944,7.63796245155,4.5633990445,1.56990895065,0.0201603957417,0.156996167417,0.489466700866,0.231931321861,7.38054064594,0,0.216324726145,0.133154011368,0.133154011368,0.437799826931,0,0.368248421484,0.135231037441,0.393088520698,0.0462375848968,0.0329582830314,0.0132793018654,0.0556939925446,0.624732755027,1.60068443979,0.0400640783169,0.0224398018059,0.396638769727,0.304645815563,0.35088340046,0.215652363019,0.442622343777,0.754670876087,0.680246637705,0.236298398982,1.03578645226,0.718773222222,0.153555287506,0.970977608217,0.00255220500503,0,1,14.0975140583,2.62762592106,0,4.0142621164e-16,9.73154452459e-17,4.4408920985e-16,0,B12: matched levy and monetary hybrid,ok,fast,B12
28,2055,0.882713717217,3.00794976627,3.00794976627,7.83816805442,4.81835705139,1.60187417537,0.0203611965524,0.156297415736,0.488623360987,0.231944423455,7.6353853815,0,0.229271647476,0.141267142187,0.141267142187,0.443463909864,0,0.404537637003,0.132865904823,0.399653967358,0.0462790611056,0.0330215903923,0.0132574707132,0.0558102851116,0.624697306191,1.60077527162,0.0400481187225,0.0224066500606,0.393456901956,0.302196767677,0.348475828783,0.21560992396,0.439698254201,0.754232460513,0.679815259022,0.236121362155,1.07292212551,0.743850008585,0.190882593652,1.0104262751,0.00242916251899,0,1,14.7160709141,2.60581747153,0,1.9585297662e-16,4.60830533223e-17,1.11022302463e-15,0,B12: matched levy and monetary hybrid,ok,fast,B12
29,2056,0.883795107144,3.1127821263,3.1127821263,8.03885276195,5.08817756329,1.6346076779,0.0204345029328,0.155778348571,0.487996886587,0.231954155964,7.89928500942,0,0.242022877757,0.149233568528,0.149233568528,0.44906190942,0,0.442523930493,0.130246664793,0.405429490179,0.0460127587892,0.032761349336,0.0132514094532,0.0553803156777,0.624331638075,1.6017128382,0.0401083589657,0.0224003972232,0.390378182787,0.299828340892,0.345841099681,0.215594434888,0.436899794986,0.753749959771,0.679340455373,0.235926608448,1.11581058958,0.769910781469,0.228692710889,1.05224709796,0.00234626771507,0,1,15.3276913966,2.58252985136,0,-4.36393192186e-17,-4.36393192186e-17,4.4408920985e-16,0,B12: matched levy and monetary hybrid,ok,fast,B12
30,2057,0.884597849001,3.22138701277,3.22138701277,8.24106450744,5.37293279459,1.66789422485,0.0203636306091,0.155393032479,0.487531839511,0.231961380641,8.17256528791,0,0.254575607931,0.157056087159,0.157056087159,0.453404210133,0,0.482227635908,0.1267576894,0.408335574403,0.0460189760529,0.0327970535196,0.0132219225333,0.0554713371702,0.624040300802,1.60246060826,0.0401303508798,0.0223629150845,0.385850549053,0.296348122974,0.342367099027,0.215609409627,0.434928561174,0.753298477982,0.678879927629,0.235736802448,1.15947335343,0.797031558391,0.266122411137,1.09558763609,0.00233782155879,0,1,15.9323355646,2.55823484566,0,1.91135146677e-16,-1.23979554601e-16,5.55111512313e-16,0,B12: matched levy and monetary hybrid,ok,fast,B12
31,2058,0.885193430923,3.33387260964,3.33387260964,8.44563722732,5.67315218458,1.70167035422,0.0202507622332,0.155107153157,0.487186805016,0.231966740878,8.4555589344,0,0.266928733145,0.164737921904,0.164737921904,0.45690550082,0,0.523716400174,0.122662750789,0.408941985079,0.0461284339534,0.0329458826033,0.0131825513501,0.0557444371174,0.623962391281,1.60266069554,0.0401090891827,0.0223048783859,0.380410060952,0.292167578916,0.338296012869,0.21563326208,0.433500796169,0.752892585642,0.678447036354,0.235557464942,1.20252910087,0.825186765503,0.303025615214,1.13824626426,0.00237713289426,0,1,16.5299972812,2.53328132662,0,-1.12526196793e-16,0,4.4408920985e-16,0,B12: matched levy and monetary hybrid,ok,fast,B12
32,2059,0.885635141644,3.45035633853,3.45035633853,8.65323810007,5.9896379593,1.73594764472,0.0201433200087,0.154895132011,0.486930911696,0.231970716275,8.74860702959,0,0.279082380863,0.172282445891,0.172282445891,0.459887179518,0,0.566960710083,0.118158779113,0.407689892466,0.0462100182164,0.0330620174046,0.0131480008118,0.055943170402,0.624054933378,1.60242303444,0.0400752286699,0.0222473069582,0.374471051717,0.287604733626,0.333814751843,0.21565597273,0.432408950134,0.752530519687,0.678042839472,0.235389232031,1.24957311111,0.854376856663,0.339472041762,1.18227922988,0.00244899474522,0,1,17.1206949876,2.50792592158,0,5.56071852173e-17,3.70714568115e-17,8.881784197e-16,0,B12: matched levy and monetary hybrid,ok,fast,B12
33,2060,0.885962639835,3.57096395901,3.57096395901,8.86440563029,6.32352549932,1.77081750807,0.0200869326115,0.154737932879,0.486741184357,0.231973663759,9.05206020053,0,0.291037563956,0.179693017668,0.179693017668,0.462742931593,0,0.612024179949,0.11363596769,0.405789945068,0.0462539473207,0.0331330096099,0.0131209377108,0.0560527297397,0.624237310218,1.60195487138,0.0400429960026,0.0221973308218,0.36854193739,0.283049913925,0.329303861246,0.215667893556,0.431304810354,0.752185536177,0.677648744395,0.235224961727,1.30057080689,0.884589914472,0.375747813784,1.22262568088,0.00252176766916,0,1,17.7044648945,2.4823565099,0,-1.93127287495e-16,0,6.66133814775e-16,0,B12: matched levy and monetary hybrid,ok,fast,B12
34,2061,0.886205405265,3.69582890193,3.69582890193,9.07957982842,6.67639441026,1.80646739539,0.0201318809819,0.154621405473,0.486600544683,0.231975848647,9.36627963448,0,0.302795926407,0.186972891004,0.186972891004,0.466135536392,0,0.659099309111,0.10973555117,0.405563821584,0.0462312967224,0.0331299612571,0.0131013354654,0.0560342955069,0.624374322543,1.60160333937,0.0400260797835,0.0221589182464,0.363481597417,0.279162645389,0.325393942111,0.215658390941,0.429629099857,0.751803657766,0.677225345642,0.235049327778,1.35730988035,0.915792462895,0.412384321394,1.27324106555,0.00254509906917,0,1,18.2813559693,2.45671000183,0,-2.49436212812e-17,0,7.77156117238e-16,0,B12: matched levy and monetary hybrid,ok,fast,B12
35,2062,0.88638533205,3.82509179101,3.82509179101,9.2991258428,7.04937689537,1.84293012574,0.0201845493831,0.154535040616,0.486496308901,0.231977467988,9.69163796492,0,0.314359557342,0.194125171127,0.194125171127,0.469743690505,0,0.708267128258,0.106086904532,0.405792147658,0.0461156424397,0.0330272450628,0.0130883973769,0.0558516567748,0.624365926312,1.60162487711,0.0400395642946,0.0221335045244,0.358867751778,0.275618519378,0.321734161818,0.215647257286,0.427722285291,0.751394557353,0.676780334364,0.234865275695,1.41221686143,0.948082216109,0.449318171155,1.32141890699,0.00255119978964,0,1,18.8514262534,2.43108567085,0,-1.77178908326e-16,-3.14984725914e-17,4.4408920985e-16,0,B12: matched levy and monetary hybrid,ok,fast,B12
36,2063,0.886518669972,3.95890011519,3.95890011519,9.52335230983,7.44293217438,1.88005050843,0.0201420456314,0.154471038414,0.486419063134,0.23197866803,10.0285200626,0,0.3257308553,0.201152799213,0.201152799213,0.472597684605,0,0.759611139575,0.101835702437,0.403157374109,0.0460470591751,0.0329755738044,0.0130714853706,0.055763047183,0.624327292735,1.60172398618,0.0400553648149,0.0221044176455,0.353434044203,0.271444885392,0.317491944567,0.21565624213,0.426349011554,0.751016560567,0.676357017373,0.234689613125,1.46951246379,0.981604614572,0.485965179827,1.37314404302,0.00260494398646,0,1,19.4147401602,2.4055550867,0,1.04415316307e-16,-2.98329475162e-17,6.66133814775e-16,0,B12: matched levy and monetary hybrid,ok,fast,B12
37,2064,0.886617473776,4.09740802071,4.09740802071,9.75252551889,7.8579633857,1.9177888426,0.0200730427211,0.154423612587,0.486361823786,0.231979557264,10.3773237574,0,0.336912429346,0.208058553285,0.208058553285,0.474809728737,0,0.813216636023,0.0971762912302,0.39817091511,0.0460959459893,0.0330496904507,0.0130462555386,0.0558883148514,0.624402114273,1.60153205305,0.0400426136894,0.0220617266676,0.347323014609,0.266751175452,0.312847121442,0.215670830211,0.425340502732,0.750673081502,0.675957705462,0.234523289554,1.524342124,1.01635950339,0.522243089323,1.42932135374,0.00268763685185,0,1,19.9713664963,2.38016948022,0,2.82572715125e-17,-5.6514543025e-17,8.881784197e-16,0,B12: matched levy and monetary hybrid,ok,fast,B12
38,2065,0.886690682963,4.24077619828,4.24077619828,9.98688030186,8.29575846227,1.95618869622,0.0200229831169,0.154388472178,0.486319411997,0.231980216147,10.7384605111,0,0.347907027138,0.214845057927,0.214845057927,0.476784805439,0,0.869172416486,0.0923895564932,0.391803432147,0.0461312236566,0.0331077598712,0.0130234637854,0.0559772461979,0.624558074417,1.60113213,0.0400219128163,0.0220195398752,0.341058593827,0.261939747512,0.308070971169,0.215681414675,0.424433126682,0.750351486963,0.675573751121,0.234363030653,1.58000896495,1.05234897606,0.558295021685,1.48597342005,0.00278682960217,0,1,20.5213770142,2.35496518442,0,4.01490603785e-17,5.35320805047e-17,1.22124532709e-15,0,B12: matched levy and monetary hybrid,ok,fast,B12
39,2066,0.886744925089,4.38917184573,4.38917184573,10.2266283815,8.7581274447,1.99539406351,0.0200417103785,0.154362435957,0.486287988269,0.231980704326,11.1123560566,0,0.358717482726,0.221514798106,0.221514798106,0.479059509954,0,0.927570231042,0.0879956870557,0.38622819217,0.0461284301208,0.0331231420961,0.0130052880247,0.0559904376488,0.624708839351,1.60074571866,0.0400068949351,0.0219837769659,0.335336251705,0.257544711848,0.303673141969,0.215677454913,0.423193867292,0.750013552052,0.67517727678,0.234198026533,1.64465198223,1.08955228786,0.594499650853,1.54452298596,0.00285687290983,0,1,21.064845354,2.32996764332,0,2.53529771435e-17,7.60589314304e-17,6.66133814775e-16,0,B12: matched levy and monetary hybrid,ok,fast,B12
40,2067,0.886785112721,4.54276869071,4.54276869071,10.4719647609,9.24790165804,2.03574125994,0.0202201646116,0.154343145894,0.486264706637,0.231981066014,11.4994510167,0,0.369346678722,0.228070134257,0.228070134257,0.482791495118,0,0.988506479964,0.085130270481,0.386727127372,0.0460486387989,0.0330578200606,0.0129908187383,0.0558764109268,0.624681718452,1.60081521591,0.0400125131136,0.0219579005743,0.331660261993,0.254721360861,0.30076999966,0.215639729179,0.420702482202,0.749571403487,0.674703727524,0.234003174373,1.71840146405,1.1278724865,0.631694527594,1.60830410179,0.0028050531777,0,1,21.6018462727,2.30519435918,0,1.20051344151e-16,0,4.4408920985e-16,0,B12: matched levy and monetary hybrid,ok,fast,B12
41,2068,0.886814886688,4.70174706168,4.70174706168,10.7230726094,9.76572080978,2.07704087048,0.0202872591699,0.15432885439,0.486247457883,0.23198133398,11.9002015111,0,0.379797518987,0.234513317027,0.234513317027,0.486372192978,0,1.05208179312,0.0820602322963,0.38582645608,0.0458269049563,0.0328443573881,0.0129825475682,0.0555217407817,0.624402851876,1.60153016117,0.0400660493835,0.0219463462856,0.327933274404,0.251858875952,0.297685780908,0.215625548612,0.418393362896,0.749113038607,0.674218657762,0.233803834347,1.79421269966,1.16760940411,0.669097822985,1.67293567251,0.00278114347819,0,1,22.1324550823,2.28065705549,0,6.82114334159e-17,4.54742889439e-17,3.33066907388e-16,0,B12: matched levy and monetary hybrid,ok,fast,B12
42,2069,0.886836945014,4.86629399787,4.86629399787,10.9801269989,10.3117455322,2.11901408683,0.0202081802751,0.154318266393,0.486234678981,0.231981532505,12.3150797597,0,0.390072908965,0.240846500816,0.240846500816,0.488625815196,0,1.1183989951,0.077957201277,0.379362660665,0.045820149186,0.0328637587342,0.0129563904518,0.055575098185,0.624203401982,1.60204189343,0.040086177751,0.0219102348366,0.322621557771,0.24777931438,0.293599463566,0.215642262289,0.416963969957,0.748706737123,0.673770186144,0.233618589966,1.86957946156,1.20890727043,0.705950845335,1.74624339402,0.00283710022293,0,1,22.6567472419,2.256363262,0,-5.38329335787e-17,-4.30663468629e-17,6.66133814775e-16,0,B12: matched levy and monetary hybrid,ok,fast,B12
43,2070,0.886853286897,5.03660339118,5.03660339118,11.2432977631,10.8876667671,2.16170818338,0.0201480947247,0.154310422289,0.486225211747,0.231981679582,12.7445746882,0,0.400175741592,0.247071755765,0.247071755765,0.49049126642,0,1.18756447451,0.0736938376969,0.371166632853,0.0459292904123,0.0330085421791,0.0129207482332,0.0558345275762,0.624193667441,1.6020668779,0.0400624540825,0.0218556720748,0.316944927202,0.243419510655,0.289348801067,0.21565496337,0.415687358887,0.748323143539,0.673336567926,0.233439126629,1.94054904588,1.25167254732,0.742497493723,1.82445275995,0.00290199396231,0,1,23.1747980625,2.23231747467,0,-4.07882808454e-17,-4.07882808454e-17,1.22124532709e-15,0,B12: matched levy and monetary hybrid,ok,fast,B12
44,2071,0.886865393632,5.21287615471,5.21287615471,11.5127516888,11.4953917287,2.20519179577,0.0201153942635,0.154304611056,0.486218198033,0.231981788543,13.1891925407,0,0.41010888728,0.253191078075,0.253191078075,0.492341149726,0,1.25968865897,0.0694314985746,0.361937803305,0.0459433032534,0.0330496203103,0.0128936829431,0.055903123134,0.624244145007,1.60193733173,0.0400444284174,0.0218095439056,0.311385938619,0.239150071651,0.285093374905,0.21566187633,0.414411631258,0.747952750951,0.672912419276,0.233263479286,2.0159835583,1.29593851706,0.778902164823,1.90241592767,0.00296991892834,0,1,23.6866824941,2.20852200342,0,-5.31189086856e-17,-7.72638671791e-17,4.4408920985e-16,0,B12: matched levy and monetary hybrid,ok,fast,B12
45,2072,0.886874362725,5.3953204137,5.3953204137,11.7886541996,12.1383913617,2.2497999064,0.0202286761257,0.154300305892,0.486213002028,0.231981869265,13.6494575031,0,0.419875186839,0.259206398757,0.259206398757,0.495324075554,0,1.33488556788,0.0664028605831,0.358264709232,0.0459231139363,0.0330531369984,0.0128699769379,0.0559107819836,0.624229576064,1.60197471947,0.040034618279,0.021770111404,0.307437633759,0.236117676797,0.282040790734,0.215637930151,0.412191397092,0.747512474986,0.672437546452,0.23306833305,2.10240032942,1.34158288265,0.81594511,1.97443882706,0.00294491220239,0,1,24.1924749727,2.18497759088,-1.11022302463e-16,7.31710152714e-17,7.31710152714e-17,7.77156117238e-16,0,B12: matched levy and monetary hybrid,ok,fast,B12
46,2073,0.886881007304,5.584151716,5.584151716,12.0711706542,12.8177037349,2.29537168522,0.0202559252907,0.154297116494,0.486209152669,0.231981929066,14.1259123402,0,0.429477446562,0.265119590934,0.265119590934,0.498108386879,0,1.41305772716,0.063107207921,0.352400223404,0.045750582833,0.0328945347708,0.0128560480622,0.0556453015467,0.624041205855,1.60245828419,0.0400686028377,0.021747645197,0.303363689947,0.232988795945,0.278739378778,0.215632170857,0.410195319282,0.747073610731,0.671965053929,0.232874222631,2.19113879224,1.3888997364,0.853026610121,2.05828678882,0.00294759982205,0,1,24.6922493126,2.16168386321,0,-3.0315731012e-17,-1.38586198912e-16,6.66133814775e-16,0,B12: matched levy and monetary hybrid,ok,fast,B12
47,2074,0.886885929791,5.77959325962,5.77959325962,12.360467353,13.5340888221,2.34170264483,0.020184512995,0.154294753701,0.486206300958,0.231981973368,14.6191190494,0,0.43891843487,0.270932475895,0.270932475895,0.499825200332,0,1.49416521051,0.0589954405973,0.340969650825,0.0457499811381,0.0329199234265,0.0128300577116,0.055701173147,0.623929440222,1.60274533551,0.0400767775872,0.0217087159292,0.298030406188,0.228892724437,0.274642705575,0.215647264978,0.408857938321,0.74667849495,0.671523330939,0.232692027389,2.28659981378,1.43801600856,0.889654129871,2.13951707884,0.00300805846057,0,1,25.1860786291,2.13863965815,2.22044604925e-16,1.06641086148e-16,-1.64063209458e-16,1.11022302463e-15,0,B12: matched levy and monetary hybrid,ok,fast,B12
48,2075,0.886889576492,5.98187613578,5.98187613578,12.6567123227,14.290304178,2.38893348067,0.0201694420666,0.154293003284,0.486204188339,0.231982006188,15.1296595332,0,0.448200880083,0.276646828077,0.276646828077,0.501585605313,0,1.57863181165,0.0551101301532,0.329661972403,0.0458218036455,0.0330233000942,0.0127985035512,0.0558852815845,0.623935596819,1.60272952064,0.0400553538985,0.0216588885054,0.292882170792,0.224938777235,0.270760580881,0.215650450727,0.407371876096,0.746281936863,0.671079410865,0.232509072515,2.38171935183,1.48881993589,0.926227500955,2.22140213671,0.00304939388359,0,1,25.6740352868,2.11584326313,0,7.76906503038e-18,6.21525202431e-17,1.11022302463e-15,0,B12: matched levy and monetary hybrid,ok,fast,B12
49,2076,0.886892278053,6.19123958621,6.19123958621,12.9600759344,15.0887014649,2.43710508288,0.0201644803449,0.154291706535,0.486202623261,0.231982030502,15.6581362918,0,0.457327469026,0.282264379157,0.282264379157,0.50341390255,0,1.6665843915,0.0512790091616,0.317480631463,0.0457809853435,0.033004969201,0.0127760161425,0.0558534444443,0.623925896807,1.60275443785,0.04005083262,0.0216205173072,0.287948371232,0.221149523394,0.266930508737,0.215651499575,0.405857387202,0.7458889141,0.670638648751,0.232327519551,2.4768195607,1.5414080646,0.962773175783,2.30689258243,0.00309140824481,0,1,26.1561908635,2.09329258768,0,-1.14048627191e-16,2.94319037913e-17,4.4408920985e-16,0,B12: matched levy and monetary hybrid,ok,fast,B12
50,2077,0.886894279428,6.40793127389,6.40793127389,13.2707313944,15.9302307391,2.48601772681,0.0200699773972,0.154290745874,0.486201463818,0.231982048515,16.2051731379,0,0.466300846222,0.287786821396,0.287786821396,0.504250201741,0,1.7581575091,0.0465488005597,0.298281514869,0.0457568985204,0.0330015230048,0.0127553755157,0.0558433124367,0.623967953267,1.60264640958,0.0400493441035,0.0215839256893,0.281846771844,0.216463380345,0.262220278865,0.215671478305,0.405023789377,0.745551909665,0.670238350517,0.232161727292,2.57224402432,1.59599631521,0.998796133302,2.39993972406,0.00320194403818,0,1,26.6326161273,2.07098528795,0,1.11508544257e-16,-2.78771360644e-17,8.881784197e-16,0,B12: matched levy and monetary hybrid,ok,fast,B12
1,2028,0.0144755795665,0.998373538428,1.03366772825,1.03366772825,0.97840606766,0.98,-0.02,0.573051721808,0.957755679283,0.220361889489,3.04000347934,0,0,0,0,0.25945523393,0,0,0.021540178113,0.021505143841,-0.00548916667747,-0.0182277964626,0.0127386297851,-0.0297236444317,0.595014516553,1.68063126559,0.04,0.0207725877924,0.33278931652,0.25945523393,0.253966067253,0.23242588914,0.374579112078,0.747325235439,0.674982033595,0.234594492797,0.36877659497,0.25226200487,-0.79099320596,0.386161123434,0.00261030676228,0,1,0.200243091146,1,-0.0341446181006,-4.2552233474e-17,-2.83681556493e-17,1.33226762955e-15,0,B13: usownership and targeted income protection,ok,fast,B13
2,2029,0.0332822997251,1.07796003714,1.08162237978,1.08162237978,1.03527281967,0.9604,-0.02,0.564024496132,0.977398101769,0.220832057493,3.09565140348,0,0,0,0,0.128961992438,0,0,0.0123234398276,0.0132841756543,0.108613941853,0.0973939297308,0.0112200121218,0.173196855502,0.659724749472,1.51578366705,0.04,0.0199526892852,0.16551244655,0.128961992438,0.23757593429,0.225252494463,0.404251772836,0.73961664906,0.662738973516,0.228930598077,0.493532624411,0.27111782779,-0.720612587502,0.42787724365,0.000239129670101,0,1,0.418846199304,1,-0.00338597157889,-1.34049571708e-16,0,1.33226762955e-15,0,B13: usownership and targeted income protection,ok,fast,B13
3,2030,0.0574191154862,1.14374672441,1.14374672441,1.14374672441,1.10104622795,0.962666125686,0.00235956443778,0.552438824567,0.966735767532,0.221435477887,3.16317842177,0,0,0,0,0.142265491866,0,0,0.0131882080483,0.015083969756,0.0904048339822,0.0774120099486,0.0129928240336,0.124794747947,0.697726656376,1.43322602177,0.04,0.0209455380562,0.182727940749,0.142265491866,0.232670325848,0.2194821178,0.40820085579,0.735722976777,0.65638040066,0.225821386871,0.508590120828,0.28577846763,-0.671952872374,0.460520105275,0.000231169765566,0,1,0.655529767911,1,0,-4.28542211478e-16,-7.56250961432e-17,1.33226762955e-15,0,B13: usownership and targeted income protection,ok,fast,B13
4,2031,0.0879151555569,1.22351782549,1.22351782549,1.22351782549,1.19297836055,0.975039624024,0.0128533642227,0.537800725333,0.949068700429,0.222197878889,3.24525078207,0,0,0,0,0.160653379562,0,0,0.0148511425338,0.018170637619,0.0714059075766,0.0575322437928,0.0138736637838,0.0893414526079,0.701491370418,1.42553428619,0.04,0.0215443235606,0.206547880498,0.160653379562,0.232059287139,0.217208144605,0.412103613628,0.734660535722,0.654046746923,0.224594355228,0.518725223656,0.304793524099,-0.616294155723,0.486893760984,0.000380575283937,0,1,0.916430423035,1,0,-2.67556504069e-16,0,1.33226762955e-15,0,B13: usownership and targeted income protection,ok,fast,B13
5,2032,0.125692255092,1.32637839565,1.32637839565,1.32637839565,1.3154319835,0.991747142301,0.0171352198052,0.519667717556,0.927183545803,0.223142306377,3.34650686948,0,0,0,0,0.160619942481,0,0,0.0157664528838,0.0209122824812,0.0714402693013,0.0576538573749,0.0137864119264,0.0906237162733,0.693843364336,1.44124747947,0.04,0.0216702912819,0.20675593973,0.160619942481,0.232060211783,0.216293758899,0.420179718614,0.73441505728,0.653226527241,0.224112966768,0.554452971827,0.330057524463,-0.548635458409,0.51481098615,0.000429593917331,0,1,1.21069321679,1,0,-1.47699791207e-16,4.21999403448e-17,1.33226762955e-15,0,B13: usownership and targeted income protection,ok,fast,B13
6,2033,0.171360273177,1.45921644717,1.45921644717,1.45921644717,1.4751352822,1.01090916639,0.0193214815305,0.497747068875,0.900726998065,0.224284006829,3.47299536892,0,0,0,0,0.15361542296,0,0,0.0165600524019,0.0241647008308,0.0787744770278,0.0653881815202,0.0133862955076,0.105682060892,0.684113639451,1.46174545037,0.04,0.0216352751224,0.1980304961,0.15361542296,0.232389899988,0.215829847586,0.431133776424,0.734358287317,0.653010951636,0.223952854844,0.601595294215,0.362766345977,-0.468381155115,0.554617817097,0.000473926815885,0,1,1.55039092293,1,-1.11022302463e-16,-9.40780684681e-17,7.52624547745e-17,1.33226762955e-15,0,B13: usownership and targeted income protection,ok,fast,B13
7,2034,0.224966092576,1.59997212018,1.59997212018,1.63015736493,1.65064648343,1.03167202891,0.020538801315,0.472016275563,0.869671896936,0.225624152314,3.62560800012,0,0,0,0,0.157815216295,0,0,0.0185762753151,0.0297215226009,0.0763334603014,0.0630503475098,0.0132831127916,0.103129154164,0.674423028892,1.48274889374,0.04,0.0217267031978,0.203796666394,0.157815216295,0.234148676596,0.215572401281,0.441695247574,0.735297365664,0.654188940236,0.224430250291,0.63165175406,0.397320967189,-0.393546342655,0.587432290709,0.000552908410791,0,1,1.94373767113,1.01886610671,0,7.56673773122e-17,1.00889836416e-16,1.33226762955e-15,0,B13: usownership and targeted income protection,ok,fast,B13
8,2035,0.285757724698,1.64149142006,1.64149142006,1.8467237747,1.72814361657,1.05278869901,0.0204683945222,0.442836292145,0.834453886942,0.226571819522,3.77998721789,0.000952173169538,0.000952173169538,0.000322874057838,0,0.205609278354,0.000322874057838,0.0004991042104,0.0250711552075,0.041154086164,0.0350491514625,0.0205852724561,0.0144638790064,0.0319558216502,0.664764373261,1.50429240829,0.0401616403945,0.0224531950639,0.265841462135,0.205609278354,0.240658429817,0.215587274609,0.443043581719,0.739173362867,0.65905221017,0.226540604043,0.579240921099,0.406944007987,-0.382877717121,0.576124118786,0.000835242289895,0,0.99904782683,2.37170306217,1.12502797891,0,-3.17203161331e-16,1.28487356489e-16,7.77156117238e-16,0,B13: usownership and targeted income protection,ok,fast,B13
9,2036,0.352061761364,1.68289415707,1.68289415707,2.10972838557,1.80769761219,1.07416001452,0.0202997197135,0.411010354545,0.796042412461,0.227168555852,3.93548862013,0.00366259636119,0.00366259636119,0.00134737958802,0,0.20567053728,0.00134737958802,0.00213000169025,0.0280972511018,0.0472846997088,0.0380496290779,0.0237182176332,0.0143314114447,0.0373216010679,0.659227331781,1.51692739635,0.0401405183566,0.022551071457,0.26612599531,0.20567053728,0.243720166358,0.215622915256,0.455666529791,0.742071795048,0.663099353533,0.228347126205,0.559435262071,0.416981629245,-0.376546949203,0.565808093648,0.000944337372635,0,0.996337403639,2.83664141918,1.25363105975,0,-2.87889434208e-16,-3.07082063155e-17,3.33066907388e-16,0,B13: usownership and targeted income protection,ok,fast,B13
10,2037,0.421371924532,1.72476336033,1.72476336033,2.42074688081,1.89094597824,1.09635096717,0.0206588891314,0.377741476225,0.755889418801,0.227792347321,4.09224719734,0.00819259332468,0.00819259332468,0.00327553124277,0,0.208210600041,0.00327553124277,0.00533382296488,0.031770579412,0.0547967313063,0.039107017018,0.0247980303995,0.0143089866185,0.0393491468356,0.655003063893,1.52671041576,0.040089915914,0.0227052877365,0.269630324587,0.208210600041,0.247317617059,0.215547037647,0.467473339672,0.743838617107,0.666239586541,0.229808490773,0.537035635984,0.426948849306,-0.372274117859,0.542440703351,0.00109063729413,0,0.991807406675,3.3386899857,1.40352406393,0,2.93562861499e-17,8.80688584497e-17,8.881784197e-16,0,B13: usownership and targeted income protection,ok,fast,B13
11,2038,0.490682087701,1.76784327787,1.76784327787,2.77649216452,1.97889647251,1.11938456156,0.0210093255535,0.344472597904,0.715736425142,0.228416138789,4.25051630102,0.0145134351987,0.0145134351987,0.00627298400047,0,0.211781626204,0.00627298400047,0.0104949821855,0.035721245926,0.0631495644873,0.0394126761322,0.0250280936755,0.0143845824567,0.0399878811673,0.650920062564,1.53628695367,0.0401976667394,0.0229825324045,0.274476485124,0.211781626204,0.251194302336,0.21547305641,0.478203231205,0.744351444466,0.668331014853,0.230856549219,0.516440001059,0.437210590924,-0.368447747171,0.522949367927,0.00121189388996,0,0.985486564801,3.87615416634,1.57055333992,0,1.89348091735e-16,8.41547074379e-17,9.99200722163e-16,0,B13: usownership and targeted income protection,ok,fast,B13
12,2039,0.556986124366,1.81292328722,1.81292328722,3.16802666881,2.07248563984,1.14317337885,0.021251693209,0.312646660304,0.677324950661,0.229012875119,4.41066809733,0.022509048711,0.022509048711,0.0104301549497,0,0.214936115567,0.0104301549497,0.0178401265986,0.0395892911983,0.0717723479379,0.0400750950889,0.0256141448889,0.0144609502,0.0412117123613,0.647140002983,1.54526067835,0.040302797666,0.0232668520733,0.278780421398,0.214936115567,0.255011210655,0.215421919457,0.487691243379,0.743525821418,0.669220917345,0.231417086729,0.500839416918,0.448072031423,-0.36370234388,0.504333826127,0.00140357903358,0,0.977490951289,4.44569358799,1.74746868284,0,-2.61151978136e-16,1.33924091352e-16,3.33066907388e-16,0,B13: usownership and targeted income protection,ok,fast,B13
13,2040,0.617777756488,1.86071648969,1.86071648969,3.58172790022,2.17265095534,1.16764212462,0.0214042298616,0.283466676886,0.642106940667,0.229559999808,4.57317408851,0.0319935748804,0.0319935748804,0.015740863956,0,0.217703024655,0.015740863956,0.0277587904755,0.0432839484737,0.080539156664,0.0409706721361,0.0264496523265,0.0145210198096,0.0428469736051,0.643754682321,1.55338675968,0.0403755079627,0.0235232488057,0.282569732362,0.217703024655,0.258673696791,0.215389748317,0.49537402486,0.741334913514,0.668833326092,0.231450386304,0.488524761121,0.459680640954,-0.356484958144,0.488976368794,0.00154676947285,0,0.96800642512,5.0427721566,1.92491866443,0,1.46912286484e-16,-5.10999257335e-17,1.11022302463e-15,0,B13: usownership and targeted income protection,ok,fast,B13
14,2041,0.671383575888,1.91177293663,1.91177293663,4.0017813977,2.28018939344,1.19270931696,0.0214682151449,0.257735883574,0.611051839538,0.230042452183,4.73857257756,0.0427380398442,0.0427380398442,0.0221066118224,0,0.219919464322,0.0221066118224,0.0400616455305,0.0465012917384,0.088899911064,0.0419580836112,0.0273938942563,0.0145641893548,0.044659549149,0.64078777705,1.56057908065,0.0404212689585,0.0237436168886,0.285625441228,0.219919464322,0.261877547933,0.215376256195,0.50124059492,0.737855707051,0.667195936286,0.230960045608,0.482293030531,0.472201127572,-0.34572450713,0.479586183986,0.00163802575423,0,0.957261960156,5.66223206543,2.09323048832,-1.11022302463e-16,-1.79544182386e-16,1.21724869414e-16,1.11022302463e-15,0,B13: usownership and targeted income protection,ok,fast,B13
15,2042,0.717051593972,1.96644689762,1.96644689762,4.41326550589,2.39565753066,1.21826708545,0.0214283297073,0.235815234893,0.5845952918,0.230453464346,4.90743272292,0.0544984286953,0.0544984286953,0.029362314681,0,0.221326575066,0.029362314681,0.0547337945618,0.0489125059631,0.0961838456058,0.042970597253,0.0283801594258,0.0145904378271,0.0465322898333,0.638282649234,1.56670403183,0.0404404645435,0.0239225746262,0.287606486172,0.221326575066,0.264297172319,0.215384666355,0.505597967919,0.733248943477,0.664421289587,0.229985302147,0.491196528477,0.48559500918,-0.331028635154,0.480869850779,0.001732928137,0,0.945501571305,6.29884026234,2.24428410004,0,-1.56408111767e-16,0,8.881784197e-16,0,B13: usownership and targeted income protection,ok,fast,B13
16,2043,0.754828693508,2.02491253885,2.02491253885,4.80463332502,2.5194714741,1.24423718346,0.02131724506,0.217682227116,0.562710137174,0.230793458242,5.08032332702,0.0670389302546,0.0670389302546,0.0373111702192,0,0.221834812462,0.0373111702192,0.0716177735004,0.0504003049403,0.102056209436,0.0439735853744,0.0293746011077,0.0145989842667,0.0483998093031,0.636290238394,1.57160984038,0.0404284989122,0.0240543880727,0.288394339386,0.221834812462,0.265808397836,0.215408092896,0.508685966761,0.727710566984,0.660664106436,0.228585815894,0.50560946236,0.500022695154,-0.312380939275,0.489649183522,0.00174615773774,0,0.932961069745,6.94770451466,2.37276091329,0,1.87279272783e-16,0,1.11022302463e-15,0,B13: usownership and targeted income protection,ok,fast,B13
17,2044,0.785324733578,2.08720782699,2.08720782699,5.16886658841,2.65195933613,1.27057751597,0.0211698644439,0.203044127882,0.545043070071,0.231067922602,5.25779070402,0.0801473736499,0.0801473736499,0.0457563065275,0,0.221500533638,0.0457563065275,0.0904936266615,0.0509489282136,0.106341001744,0.044887576302,0.0302943178165,0.0145932584855,0.0501144919169,0.634796461962,1.5753080868,0.040395173518,0.024140954051,0.28806254824,0.221500533638,0.266388109941,0.215439181727,0.51074586837,0.721443668172,0.656098810816,0.226831999208,0.520984754071,0.515477031736,-0.290071203878,0.503170737789,0.00174521423408,0,0.91985262635,7.60452418461,2.47645036664,0,4.70972871147e-16,1.67457020852e-16,6.66133814775e-16,0,B13: usownership and targeted income protection,ok,fast,B13
18,2045,0.809461549339,2.15328566196,2.15328566196,5.50331548581,2.79340819352,1.29727710674,0.0210137440892,0.191458456317,0.531060049892,0.231285153944,5.44034626759,0.09364289056,0.09364289056,0.0545222792272,0,0.220532690581,0.0545222792272,0.111211440038,0.0507180138707,0.109210372071,0.0456574472187,0.0310779365397,0.014579510679,0.0515685856234,0.633730426695,1.57795800529,0.0403509593332,0.024192235023,0.286884911502,0.220532690581,0.2661901378,0.215472123929,0.511903971119,0.714623147055,0.65088898227,0.224792267411,0.537426308557,0.531865304043,-0.264456070308,0.518498519437,0.00172467622066,0,0.90635710944,8.26569312617,2.55577584667,0,1.49041459533e-16,3.97443892089e-17,8.881784197e-16,0,B13: usownership and targeted income protection,ok,fast,B13
19,2046,0.828268269498,2.2230584022,2.2230584022,5.80872166279,2.94409967713,1.32434652828,0.020866337197,0.182431230641,0.520164878379,0.231454414425,5.62846217225,0.107377562542,0.107377562542,0.063465421305,0,0.219080410489,0.063465421305,0.13382056021,0.0498525924276,0.110825224468,0.0462754187321,0.031714416581,0.0145610021512,0.0527436613759,0.633007837509,1.57975927113,0.0403041232268,0.0242161341607,0.285058446241,0.219080410489,0.265355829222,0.215503236794,0.512321216774,0.707401133687,0.645181810642,0.222529595467,0.554912159839,0.549252532605,-0.235969014479,0.534872897978,0.00168986364332,0,0.892622437458,8.92829654363,2.61294154803,0,-4.71376289181e-18,0,4.4408920985e-16,0,B13: usownership and targeted income protection,ok,fast,B13
20,2047,0.842743849065,2.29643016327,2.29643016327,6.08799245457,3.10433828997,1.35181044894,0.020737714843,0.175482952449,0.511778837603,0.231584694642,5.82257252004,0.12123426481,0.12123426481,0.0724755996809,0,0.217280396547,0.0724755996809,0.157913786589,0.048503707361,0.111385376614,0.0467537030005,0.0322151742851,0.0145385287154,0.0536621328431,0.632548641822,1.58090608988,0.0402599011591,0.0242174216524,0.282764274777,0.217280396547,0.264034099548,0.215530392187,0.512130811095,0.69989882933,0.639102800283,0.220098505177,0.573348518477,0.567543434142,-0.205055300663,0.552110356802,0.00164777386838,0,0.87876573519,9.59004570052,2.65106797147,0,8.94089916208e-17,0,6.66133814775e-16,0,B13: usownership and targeted income protection,ok,fast,B13
21,2048,0.853781225432,2.37331690364,2.37331690364,6.34511207724,3.27448135424,1.37970675101,0.0206362527303,0.170185011793,0.50538462811,0.231684031029,6.02307779598,0.13512260423,0.13512260423,0.081472879247,0,0.215259619472,0.081472879247,0.18339182665,0.0468125416092,0.111100996304,0.0471047403399,0.0325912895167,0.0145134508233,0.0543476909082,0.632272508204,1.58159652211,0.0402213144529,0.0242019432508,0.280170695607,0.215259619472,0.262364359812,0.215551818203,0.511434348488,0.69221730247,0.632755291352,0.217544531089,0.592671581519,0.586738990489,-0.172125002389,0.570916541805,0.00159332399099,0,0.86487739577,10.2491850478,2.67352078751,0,6.35724545652e-17,0,1.11022302463e-15,0,B13: usownership and targeted income protection,ok,fast,B13
22,2049,0.862136705534,2.45365689682,2.45365689682,6.58435074685,3.45491412754,1.40806733493,0.0205555158025,0.166174381344,0.500544103658,0.23175923035,6.23035076217,0.148974270252,0.148974270252,0.0904020144924,0,0.21309010221,0.0904020144924,0.21008075533,0.044867732664,0.110090021696,0.0473465011263,0.0328598515738,0.0144866495525,0.0548347710258,0.632111949451,1.58199825342,0.0401908758191,0.0241745495824,0.277374113206,0.21309010221,0.260436603336,0.215568870672,0.510345971703,0.684436169963,0.626224457778,0.21490534163,0.612958934404,0.606806932346,-0.13758925089,0.591034579721,0.00154431251089,0,0.851025729748,10.904394372,2.68348470212,0,2.61093669541e-16,9.64038164459e-17,7.77156117238e-16,0,B13: usownership and targeted income protection,ok,fast,B13
23,2050,0.86842756131,2.53741469604,2.53741469604,6.80977746962,3.64606668509,1.43692187594,0.0204923019628,0.163154770571,0.496899664221,0.231815848052,6.44474265606,0.162738571037,0.162738571037,0.0992266454157,0,0.210814483179,0.0992266454157,0.238356976411,0.0427438432892,0.108458856127,0.0475115840784,0.0330540874735,0.0144574966049,0.0551846791467,0.632026265705,1.58221272479,0.0401666547407,0.0241371755322,0.274432221291,0.210814483179,0.258326067258,0.215582223969,0.508958301198,0.676615396742,0.619577792511,0.212210938993,0.634145991862,0.627746325123,-0.101807978372,0.612575712863,0.00148961158846,0,0.837261428963,11.5546984191,2.68374636603,0,1.75086824871e-16,1.52249412931e-16,1.11022302463e-15,0,B13: usownership and targeted income protection,ok,fast,B13
24,2051,0.873144546918,2.62458121677,2.62458121677,7.02501150557,3.84842095108,1.46629905239,0.0204445188984,0.160890617479,0.49416700447,0.231858300922,6.66658903825,0.176378525081,0.176378525081,0.107924155549,0,0.208472283067,0.107924155549,0.268256003383,0.0404972926144,0.106288433526,0.0476173283122,0.0331911543014,0.0144261740108,0.0554300400148,0.631984774017,1.58231660178,0.0401476905889,0.024092063669,0.271398211186,0.208472283067,0.256089611379,0.215592318765,0.507343882877,0.668801961365,0.612868006415,0.209484959536,0.65983665983,0.649551966074,-0.0650821318107,0.63467218021,0.00143942138933,0,0.823621474919,12.199389422,2.67662187806,0,3.17336731769e-16,-2.88487937972e-17,6.66133814775e-16,0,B13: usownership and targeted income protection,ok,fast,B13
25,2052,0.876670539484,2.71517180932,2.71517180932,7.23313372068,4.06250205729,1.49622283325,0.0204076929635,0.159198141048,0.492124314759,0.231890034855,6.89621498146,0.189867626662,0.189867626662,0.116481535273,0,0.206101103479,0.116481535273,0.29958684975,0.038178889875,0.1036622455,0.0476778857653,0.0332848899545,0.0143929958108,0.0555970225315,0.631966050184,1.58236348251,0.0401333556695,0.0240411704375,0.268322392407,0.206101103479,0.253778989244,0.215600099369,0.505550868196,0.661028687828,0.606135205104,0.206745250619,0.69814644612,0.672223869149,-0.0276487098285,0.659781714862,0.00138334612692,0,0.810132373338,12.8379637519,2.66396907034,0,-5.46571058412e-17,-2.73285529206e-17,4.4408920985e-16,0,B13: usownership and targeted income protection,ok,fast,B13
26,2053,0.87930018792,2.80922351203,2.80922351203,7.43669172998,4.28889761768,1.52671996348,0.0203827461743,0.157935909798,0.490600898103,0.231913701691,7.13393950612,0.203187266432,0.203187266432,0.124892255932,0,0.203745252303,0.124892255932,0.332466740044,0.0358475229842,0.100703704415,0.047707641141,0.0333496926013,0.0143579485397,0.0557121825127,0.631956516048,1.58238735515,0.0401223078891,0.023985607877,0.265263490251,0.203745252303,0.251452893444,0.21560537046,0.503593227008,0.653316610585,0.599407216705,0.204004816895,0.738851459566,0.695765934724,0.0103393537036,0.687589575065,0.00131694392351,0,0.796812733568,13.4700717345,2.6472410252,0,-3.23574704852e-17,-7.76579291646e-17,1.11022302463e-15,0,B13: usownership and targeted income protection,ok,fast,B13
27,2054,0.881257984548,2.90679216944,2.90679216944,7.63775232037,4.52825379419,1.55781821686,0.0203693238636,0.156996167417,0.489466700866,0.231931321861,7.38007928599,0.216324726145,0.216324726145,0.133154011368,0,0.201440706332,0.133154011368,0.366880000561,0.0335435344606,0.0975040833054,0.0477110347405,0.0333896520036,0.0143213827369,0.0557840160476,0.63194196805,1.58242378345,0.0401148238523,0.0239267017318,0.262269133042,0.201440706332,0.249151741072,0.215608206612,0.501484752258,0.645679809115,0.592704678912,0.201273212433,0.777784002741,0.720190072243,0.0487722572827,0.723115839854,0.00124533729049,0,0.783675273855,14.0954787608,2.62755363134,0,1.90012062749e-16,0,1.11022302463e-15,0,B13: usownership and targeted income protection,ok,fast,B13
28,2055,0.882713717217,3.00794976627,3.00794976627,7.8379721148,4.78130162137,1.58955501019,0.0203725909639,0.156297415736,0.488623360987,0.231944423455,7.63495170315,0.229271647476,0.229271647476,0.141267142187,0,0.199260818904,0.141267142187,0.402875510451,0.0313470085352,0.0942902269966,0.0476937058935,0.0334104200623,0.0142832858313,0.0558238929537,0.631907197955,1.58251085481,0.0401107971591,0.0238652677155,0.259435417161,0.199260818904,0.246954524798,0.215607516262,0.499177321008,0.638120495891,0.586038209357,0.198556269881,0.813223667461,0.745415703023,0.0876348099122,0.762949340773,0.00116080051016,0,0.770728352524,14.7140356166,2.60575233093,0,3.77326627325e-16,9.28804005723e-17,6.66133814775e-16,0,B13: usownership and targeted income protection,ok,fast,B13
29,2056,0.883795107144,3.1127821263,3.1127821263,8.03867016944,5.04883016071,1.62196708792,0.0203906612347,0.155778348571,0.487996886587,0.231954155964,7.89887735177,0.242022877757,0.242022877757,0.149233568528,0,0.197262919629,0.149233568528,0.440508264044,0.0293126478089,0.0912438861742,0.0476534262126,0.0334094982027,0.0142439280099,0.0558291827553,0.631833056526,1.582696552,0.0401117772892,0.0238024185576,0.2568374286,0.197262919629,0.244916345841,0.215603698032,0.496634173748,0.630637808993,0.579414627929,0.195857671924,0.856848802672,0.771587443596,0.12693106761,0.805163767143,0.00107600618748,0,0.757977122243,15.3256560991,2.58247119241,0,2.14399655871e-16,0,1.33226762955e-15,0,B13: usownership and targeted income protection,ok,fast,B13
30,2057,0.884597849001,3.22138701277,3.22138701277,8.24089443274,5.33163738387,1.65507508497,0.0204122496066,0.155393032479,0.487531839511,0.231961380641,8.17218208972,0.254575607931,0.254575607931,0.157056087159,0,0.195375108918,0.157056087159,0.479836855878,0.0273738993601,0.0881819238873,0.0475979270503,0.0333950165257,0.0142029105245,0.0558147728744,0.63171361223,1.58299580797,0.0401171983704,0.0237380396105,0.254381881319,0.195375108918,0.242973035969,0.215599136609,0.493958567567,0.623244542047,0.572846433642,0.193182772584,0.900412036038,0.798759405004,0.166534910865,0.849594863044,0.00102058744614,0,0.745424392069,15.9303002671,2.55818205018,0,1.35351471612e-16,0,4.4408920985e-16,0,B13: usownership and targeted income protection,ok,fast,B13
31,2058,0.885193430923,3.33387260964,3.33387260964,8.44547886827,5.63055710321,1.68889389683,0.0204334003719,0.155107153157,0.487186805016,0.231966740878,8.4551987281,0.266928733145,0.266928733145,0.164737921904,0,0.193597892196,0.164737921904,0.520925738131,0.0255450181421,0.0851638362967,0.0475417937803,0.033382437439,0.0141593563413,0.0558069864442,0.631559109681,1.58338306688,0.040123674882,0.0236708601294,0.25206967263,0.193597892196,0.241139685976,0.215594667834,0.49115123757,0.615947208081,0.566340819988,0.190534770797,0.945917411736,0.826953952213,0.206373138982,0.89000680862,0.000945191126214,0,0.733071266855,16.5279619837,2.53323382659,0,1.47883638014e-17,3.94356368037e-17,1.44328993201e-15,0,B13: usownership and targeted income protection,ok,fast,B13
32,2059,0.885635141644,3.45035633853,3.45035633853,8.65309068899,5.94649322338,1.7234432157,0.0204567728849,0.154895132011,0.486930911696,0.231970716275,8.74826843567,0.279082380863,0.279082380863,0.172282445891,0,0.191942446703,0.172282445891,0.56384297023,0.023838350894,0.0822508051071,0.0474856340509,0.0333723082931,0.0141133257578,0.0558061168493,0.631376795565,1.58384027893,0.0401300201116,0.0236007020987,0.249915531569,0.191942446703,0.239428080754,0.21558972986,0.488209070638,0.608745681678,0.559902199004,0.187915660109,0.997173504247,0.856157102726,0.24640888997,0.933768859677,0.000888175344092,0,0.720917619137,17.1186596901,2.50788319814,0,2.80053213613e-17,3.73404284818e-17,8.881784197e-16,0,B13: usownership and targeted income protection,ok,fast,B13
33,2060,0.885962639835,3.57096395901,3.57096395901,8.86426843799,6.28038674114,1.75873708422,0.0204786953258,0.154737932879,0.486741184357,0.231973663759,9.05174192225,0.291037563956,0.291037563956,0.179693017668,0,0.190399507767,0.179693017668,0.60865833322,0.0222385820131,0.0794131748682,0.0474241726982,0.0333586117038,0.0140655609944,0.0558013635414,0.631168585989,1.58436275537,0.0401370318655,0.0235284816237,0.247907524498,0.190399507767,0.237823680465,0.215585098452,0.485158534741,0.601643057454,0.553534750942,0.185327292045,1.05247581552,0.886364460856,0.286587194091,0.982118365014,0.000828040559016,0,0.708962436044,17.702429597,2.48231809106,0,7.07104877699e-17,1.06065731655e-16,4.4408920985e-16,0,B13: usownership and targeted income protection,ok,fast,B13
34,2061,0.886205405265,3.69582890193,3.69582890193,9.07945216608,6.63324723574,1.79479283586,0.020500933288,0.154621405473,0.486600544683,0.231975848647,9.36598045289,0.302795926407,0.302795926407,0.186972891004,0,0.188968073891,0.186972891004,0.655444191094,0.0207508490374,0.076691587612,0.0473631757361,0.0333472195011,0.014015956235,0.0558025505364,0.630940325561,1.58493594321,0.0401436085977,0.023454012593,0.246044442167,0.188968073891,0.236331249627,0.215580400589,0.481999084942,0.594637514333,0.547240665523,0.182770778436,1.11523751669,0.917625058793,0.326880204245,1.03429768895,0.000772237828674,0,0.697204073593,18.2793206718,2.45667545955,0,-4.60274313502e-17,0,7.77156117238e-16,0,B13: usownership and targeted income protection,ok,fast,B13
35,2062,0.88638533205,3.82509179101,3.82509179101,9.2990070623,7.00610043786,1.83161629071,0.0205168274082,0.154535040616,0.486496308901,0.231977467988,9.69135673422,0.314359557342,0.314359557342,0.194125171127,0,0.187608342706,0.194125171127,0.704275477947,0.0193303515559,0.0739403690538,0.0472990518653,0.0333339366492,0.0139651152161,0.0558018367757,0.63069665041,1.58554829703,0.0401502799864,0.0233779492666,0.24427452957,0.187608342706,0.234907394571,0.215577043015,0.478797116336,0.587734340135,0.541024767609,0.180247894,1.17101289174,0.950026990774,0.367207574519,1.08590453383,0.000722991481138,0,0.685640442658,18.8493909559,2.43105461787,0,-1.58465188227e-16,3.16930376454e-17,6.66133814775e-16,0,B13: usownership and targeted income protection,ok,fast,B13
36,2063,0.886518669972,3.95890011519,3.95890011519,9.52324180311,7.40008746028,1.86922813028,0.0205347810913,0.154471038414,0.486419063134,0.23197866803,10.0282557058,0.3257308553,0.3257308553,0.201152799213,0,0.186354434789,0.201152799213,0.755234973955,0.0180212250817,0.0713442300519,0.0472400407849,0.033327292735,0.0139127480499,0.055813596112,0.630445110912,1.58618091043,0.0401550482225,0.0232998373627,0.242642263999,0.186354434789,0.233594475574,0.215573250492,0.475493186567,0.580929301492,0.534886300601,0.177758331587,1.23175412778,0.983600621172,0.407588195797,1.14381710759,0.000661289120024,0,0.6742691447,19.4127048627,2.40552717321,0,5.62606369815e-17,9.00170191704e-17,1.55431223448e-15,0,B13: usownership and targeted income protection,ok,fast,B13
37,2064,0.886617473776,4.09740802071,4.09740802071,9.75242271671,7.81641332713,1.9076482712,0.0205540138747,0.154423612587,0.486361823786,0.231979557264,10.377075262,0.336912429346,0.336912429346,0.208058553285,0,0.185196762504,0.208058553285,0.80840423664,0.016800764911,0.0688395889003,0.0471731903271,0.0333131985428,0.0138599917843,0.0558135589236,0.630178891848,1.58685099253,0.0401604343274,0.0232212907187,0.241135199272,0.185196762504,0.232369952832,0.215569187921,0.472120678607,0.57422385347,0.528827036256,0.17530263161,1.29198540325,1.01836932572,0.447998403127,1.20453565101,0.00061897603259,0,0.663087570654,19.9693311988,2.38014439065,0,1.56241139763e-16,0,6.66133814775e-16,0,B13: usownership and targeted income protection,ok,fast,B13
38,2065,0.886690682963,4.24077619828,4.24077619828,9.98678467216,8.25640160926,1.94690811852,0.0205802337393,0.154388472178,0.486319411997,0.231980216147,10.7382269254,0.347907027138,0.347907027138,0.214845057927,0,0.184144937906,0.214845057927,0.863865220327,0.0156846115254,0.0665149272365,0.0471033233229,0.0332967299256,0.0138065933974,0.0558111568465,0.629893034445,1.5875711356,0.0401662041624,0.023142271068,0.239765878142,0.184144937906,0.231248261229,0.215563649703,0.468655213211,0.56761569191,0.522845949636,0.172880784383,1.35342518093,1.05434703753,0.488449571157,1.2661853499,0.000572941176378,0,0.652092972862,20.5193417167,2.35494263437,0,-1.3446814692e-17,8.06808881521e-17,1.11022302463e-15,0,B13: usownership and targeted income protection,ok,fast,B13
39,2066,0.886744925089,4.38917184573,4.38917184573,10.2265394276,8.72136178729,1.98701761832,0.02060163981,0.154362435957,0.486287988269,0.231980704326,11.112136486,0.358717482726,0.358717482726,0.221514798106,0,0.183177132661,0.221514798106,0.921840110565,0.0146410276739,0.0642619864587,0.0470230234903,0.0332695862374,0.0137534372529,0.0557922770653,0.629581262108,1.58835731015,0.0401740701218,0.023064175681,0.238505899126,0.183177132661,0.230200156151,0.215559128477,0.465145922708,0.561106348789,0.516944883475,0.170493335281,1.4233353865,1.09150930585,0.528894109247,1.32925993893,0.000535238152991,0,0.641282517274,21.0628100565,2.32994737664,0,1.01839419274e-16,2.54598548186e-17,2.22044604925e-16,0,B13: usownership and targeted income protection,ok,fast,B13
40,2067,0.886785112721,4.54276869071,4.54276869071,10.4718820194,9.21266836196,2.02798535193,0.0206177002328,0.154343145894,0.486264706637,0.231981066014,11.4992446204,0.369346678722,0.369346678722,0.228070134257,0,0.182259374838,0.228070134257,0.982535565882,0.0136556458631,0.0620344404783,0.0469520074678,0.0332529817282,0.0136990257396,0.0557930283577,0.629259018808,1.58917070731,0.040180491943,0.0229847096965,0.237311043742,0.182259374838,0.229211382306,0.215555736443,0.461616861827,0.554698324475,0.511125053825,0.168140537736,1.50092986138,1.12994017486,0.569295220241,1.39562831467,0.000508741598128,0,0.630653321278,21.5998109752,2.3051761453,0,-8.43573313077e-17,-2.41020946593e-17,6.66133814775e-16,0,B13: usownership and targeted income protection,ok,fast,B13
41,2068,0.886814886688,4.70174706168,4.70174706168,10.7229956485,9.73188878536,2.06984524214,0.020641120593,0.15432885439,0.486247457883,0.23198133398,11.9000074986,0.379797518987,0.379797518987,0.234513317027,0,0.181435851464,0.234513317027,1.04585852765,0.0127683604551,0.0600336012523,0.0468832991377,0.0332395690818,0.0136437300559,0.0558004415755,0.628926057276,1.59001203469,0.0401853100699,0.0229042127467,0.236238856543,0.181435851464,0.228319150602,0.215550790147,0.458002538271,0.548385652386,0.505384309015,0.165821490907,1.58079078883,1.16978763985,0.609695760315,1.46420946753,0.000463759537065,0,0.620202481013,22.1304197848,2.28064068692,0,9.12647523301e-17,4.56323761651e-17,9.99200722163e-16,0,B13: usownership and targeted income protection,ok,fast,B13
42,2069,0.886836945014,4.86629399787,4.86629399787,10.9800554162,10.2806314639,2.11262029553,0.0206658220216,0.154318266393,0.486234678981,0.231981532505,12.3148973879,0.390072908965,0.390072908965,0.240846500816,0,0.180713500101,0.240846500816,1.11190953591,0.0119693096413,0.0582461796661,0.0468013830799,0.0332125365693,0.0135888465106,0.0557859856607,0.628568810659,1.59091571685,0.0401923361779,0.0228247305051,0.235298378554,0.180713500101,0.227514883181,0.21554557354,0.454315742247,0.542164139212,0.499721538729,0.16353593921,1.66235528607,1.21107275005,0.650094608181,1.54196962264,0.000437768178784,0,0.609927091035,22.6547119444,2.25634855211,0,1.18790886667e-16,-4.31966860606e-17,6.66133814775e-16,0,B13: usownership and targeted income protection,ok,fast,B13
43,2070,0.886853286897,5.03660339118,5.03660339118,11.243231184,10.8604970009,2.15631372126,0.020682100718,0.154310422289,0.486225211747,0.231981679582,12.7444032587,0.400175741592,0.400175741592,0.247071755765,0,0.180039694909,0.247071755765,1.18078948683,0.0112181541535,0.0565013932524,0.0467205950825,0.0331870742079,0.0135335208746,0.0557758307713,0.628195230052,1.59186181646,0.0401997466065,0.0227451014607,0.234421094032,0.180039694909,0.226760289991,0.215542135838,0.450624596023,0.536038750265,0.494138081118,0.161284301702,1.73797565458,1.25381601479,0.690437086442,1.62644662771,0.000406506508732,0,0.599824258408,23.172762765,2.23230425562,0,2.45341926697e-16,1.63561284465e-16,3.33066907388e-16,0,B13: usownership and targeted income protection,ok,fast,B13
44,2071,0.886865393632,5.21287615471,5.21287615471,11.5126897643,11.4732707879,2.20094827641,0.0206994718426,0.154304611056,0.486218198033,0.231981788543,13.189031397,0.41010888728,0.41010888728,0.253191078075,0,0.179421394196,0.253191078075,1.25260408392,0.0105324212694,0.0549042076868,0.0466494946334,0.0331724768488,0.0134770177847,0.0557854330791,0.627816544624,1.59282199324,0.0402046302154,0.0226640077905,0.233616067326,0.179421394196,0.226070888829,0.21553846756,0.446898626077,0.530007992046,0.488632767019,0.15906616474,1.81783178979,1.29797281133,0.730732206996,1.70633601848,0.000380325364239,0,0.58989111272,23.6846471966,2.20851012429,0,-2.66106620699e-16,-7.74128351123e-17,6.66133814775e-16,0,B13: usownership and targeted income protection,ok,fast,B13
45,2072,0.886874362725,5.3953204137,5.3953204137,11.788596605,12.120796167,2.24653871089,0.0207139963095,0.154300305892,0.486213002028,0.231981869265,13.649306028,0.419875186839,0.419875186839,0.259206398757,0,0.17886661618,0.259206398757,1.32750449117,0.0099028941214,0.0534292868079,0.0465716784508,0.0331510050289,0.0134206734219,0.0557837681378,0.627427909146,1.59380860402,0.0402098415528,0.0225831987225,0.232893741725,0.17886661618,0.225438294631,0.215535400509,0.443151326528,0.52407105046,0.483205309818,0.156881287183,1.90695966385,1.34374564443,0.770967661955,1.78306825806,0.00035673353209,0,0.580124813161,24.1904396752,2.18496691597,0,2.74789628336e-17,3.66386171115e-17,6.66133814775e-16,0,B13: usownership and targeted income protection,ok,fast,B13
46,2073,0.886881007304,5.584151716,5.584151716,12.0711170873,12.8049711841,2.29309156257,0.0207220340573,0.154297116494,0.486209152669,0.231981929066,14.1257699536,0.429477446562,0.429477446562,0.265119590934,0,0.178339549906,0.265119590934,1.40579061693,0.00930219663823,0.0519448773199,0.0464963499932,0.0331321690895,0.0133641809037,0.0557870624675,0.62703634013,1.59480389891,0.0402141988929,0.022502251298,0.232207491796,0.178339549906,0.224835899899,0.215533703261,0.439429178949,0.518230297246,0.477856783828,0.154729761295,2.00299341221,1.39111891773,0.811105487866,1.86807709831,0.000339064232531,0,0.570522553438,24.6902140151,2.16167427054,2.22044604925e-16,2.42767002305e-16,-1.04043000988e-16,8.881784197e-16,0,B13: usownership and targeted income protection,ok,fast,B13
47,2074,0.886885929791,5.77959325962,5.77959325962,12.3604175325,13.5278374907,2.34062102349,0.0207272407706,0.154294753701,0.486206300958,0.231981973368,14.618985206,0.43891843487,0.43891843487,0.270932475895,0,0.177844182924,0.270932475895,1.4873927328,0.00873690162402,0.0504957377362,0.0464253225268,0.0331175837426,0.0133077387841,0.0557976237272,0.626647944543,1.59579235631,0.0402166102172,0.0224213278091,0.231562511239,0.177844182924,0.224269505451,0.215532603827,0.435719033862,0.512483440286,0.472586315539,0.15261125571,2.10467044031,1.44015296014,0.851142326585,1.95589058141,0.000320907167373,0,0.56108156513,25.1840433316,2.13863103808,0,-2.46208536742e-17,-9.84834146969e-17,4.4408920985e-16,0,B13: usownership and targeted income protection,ok,fast,B13
48,2075,0.886889576492,5.98187613578,5.98187613578,12.656665987,14.2915427501,2.38914053479,0.0207293324351,0.154293003284,0.486204188339,0.231982006188,15.1295337204,0.448200880083,0.448200880083,0.276646828077,0,0.177381340379,0.276646828077,1.57243279288,0.00820276404084,0.0490679184633,0.0463535858224,0.0331016550392,0.0132519307833,0.0558054769523,0.626263058668,1.59677309105,0.0402181722312,0.0223411885908,0.23095987569,0.177381340379,0.223734926201,0.21553216216,0.43202814378,0.506829772651,0.467393269101,0.150525412609,2.20415620726,1.4909966798,0.891072481194,2.04279770709,0.000298968933905,0,0.551799119917,25.6719999893,2.1158355171,2.22044604925e-16,1.00989092448e-16,3.1073566907e-17,1.11022302463e-15,0,B13: usownership and targeted income protection,ok,fast,B13
49,2076,0.886892278053,6.19123958621,6.19123958621,12.9600328398,15.0984033444,2.43867211633,0.0207319665028,0.154291706535,0.486202623261,0.231982030502,15.6580180277,0.457327469026,0.457327469026,0.282264379157,0,0.176952670194,0.282264379157,1.66104662088,0.00770547385188,0.0477064347422,0.0462844096228,0.0330880725852,0.0131963370376,0.0558170121653,0.625883553776,1.59774129543,0.0402187997305,0.0222611970846,0.230401731759,0.176952670194,0.223237079817,0.215531605965,0.428345202894,0.501265054952,0.462276103033,0.148471487886,2.30514777036,1.54360140093,0.930906886197,2.13417125472,0.000276934503844,0,0.542672530974,26.154155566,2.09328562711,0,1.02945470393e-16,-2.94129915409e-17,1.11022302463e-15,0,B13: usownership and targeted income protection,ok,fast,B13
50,2077,0.886894279428,6.40793127389,6.40793127389,13.2706913145,15.9508335484,2.48923293129,0.0207329286354,0.154290745874,0.486201463818,0.231982048515,16.2050619697,0.466300846222,0.466300846222,0.287786821396,0,0.176555467095,0.287786821396,1.75336658393,0.00723599747884,0.0463677745425,0.0462119331912,0.0330705446586,0.0131413885325,0.0558213284559,0.625506188406,1.59870520634,0.0402195899509,0.022181968069,0.229884557715,0.176555467095,0.222767400286,0.215531402807,0.424685949999,0.495789968893,0.457234056163,0.146449151777,2.41382936208,1.59802025288,0.970639121327,2.23658786434,0.000264321000925,0,0.533699153778,26.6305808298,2.07097903322,2.22044604925e-16,8.35233861295e-17,2.78411287098e-17,8.881784197e-16,0,B13: usownership and targeted income protection,ok,fast,B13
