sample,code,dilution_cap,liquidity_elasticity,money_gdp,income_floor,speed,midpoint,ai_gain,resource_growth,excluded_fraction,dilution_investment_penalty,terminal_year,calendar_terminal_year,status,sunset,price_band,mvi_gdp,gini_wealth,real_gdp,tax_gdp,usownership_share,coverage_shortfall,max_inflation,max_accounting_error
0,B2,0.0385309828607,1.75585622674,0.474921391818,0.370970140241,0.184312313311,21.2690339982,1.09821131849,0.0287686988004,0.0659882673837,1.95344553498,50,2077,ok,False,True,0.33003328432,0.783661843891,4.78641681652,0.52209370082,0,0.00202168037481,0.0221100387953,4.87904925371e-16
0,B5,0.0385309828607,1.75585622674,0.474921391818,0.370970140241,0.184312313311,21.2690339982,1.09821131849,0.0287686988004,0.0659882673837,1.95344553498,50,2077,ok,False,True,0.198749229619,0.487936419323,4.78641681652,0.388028238468,0.498657386579,0.00935077984071,0.0213017437488,3.63798475607e-16
0,B6,0.0385309828607,1.75585622674,0.474921391818,0.370970140241,0.184312313311,21.2690339982,1.09821131849,0.0287686988004,0.0659882673837,1.95344553498,50,2077,ok,False,True,0.193134190709,0.488615129065,4.78641681652,0.373208605204,0.498657386579,0.0097113353541,0.0213169984073,4.3479037679e-16
1,B2,0.023289816678,7.12717249128,0.559745758425,0.188565443055,0.121176733976,20.351366307,1.36950593453,0.0479818656707,0.117319883521,1.6029858911,50,2077,ok,False,True,0.117403722562,0.804103582938,11.6524361853,0.300412129543,0,0.0026329529674,0.0216053695673,3.75477628028e-16
1,B5,0.023289816678,7.12717249128,0.559745758425,0.188565443055,0.121176733976,20.351366307,1.36950593453,0.0479818656707,0.117319883521,1.6029858911,50,2077,ok,False,True,0.0493368269394,0.627102755344,11.1021241883,0.23219672014,0.317636746261,0.00834667367291,0.0212558329363,3.88930583844e-16
1,B6,0.023289816678,7.12717249128,0.559745758425,0.188565443055,0.121176733976,20.351366307,1.36950593453,0.0479818656707,0.117319883521,1.6029858911,50,2077,ok,False,True,0.0469087020608,0.628221584298,11.1021301263,0.222327515629,0.317636746261,0.00849032017563,0.021256917481,3.92963186988e-16
2,B2,0.0393231800339,8.91740648636,0.769637532777,0.207366540323,0.111207447166,16.8146516759,1.41559848756,0.0549021249242,0.239686559391,0.37728779463,50,2077,ok,False,True,0.137364410795,0.787664009382,12.7492917944,0.310211320374,0,0.00262223995352,0.021530479282,4.84605162741e-16
2,B5,0.0393231800339,8.91740648636,0.769637532777,0.207366540323,0.111207447166,16.8146516759,1.41559848756,0.0549021249242,0.239686559391,0.37728779463,50,2077,ok,False,True,0.147201761681,0.539829933166,12.4539371302,0.320764235768,0.5014841951,0.00202583473909,0.0211655659151,4.81240854815e-16
2,B6,0.0393231800339,8.91740648636,0.769637532777,0.207366540323,0.111207447166,16.8146516759,1.41559848756,0.0549021249242,0.239686559391,0.37728779463,50,2077,ok,False,True,0.146095256271,0.541939488104,12.4538737353,0.311851813889,0.5014841951,0.00207950572476,0.0212295759385,4.90995679443e-16
3,B2,0.0195635402175,8.43653930899,0.360249644819,0.253275491595,0.136240870061,23.1925143049,1.20377537777,0.0161001396651,0.161209767786,1.55632005201,50,2077,ok,False,True,0.195191723431,0.819235649016,2.58199846305,0.396845804281,0,0.0023017455971,0.0215629734205,5.42292127233e-16
3,B5,0.0195635402175,8.43653930899,0.360249644819,0.253275491595,0.136240870061,23.1925143049,1.20377537777,0.0161001396651,0.161209767786,1.55632005201,50,2077,ok,False,True,0.183166243298,0.660689717455,2.58199846305,0.384534098713,0.259046844395,0.00334704730469,0.0213737318291,5.42292127233e-16
3,B6,0.0195635402175,8.43653930899,0.360249644819,0.253275491595,0.136240870061,23.1925143049,1.20377537777,0.0161001396651,0.161209767786,1.55632005201,50,2077,ok,False,True,0.182327806745,0.66344138857,2.58199846305,0.379403548957,0.259046844395,0.00338321037749,0.0213739977475,5.02986028876e-16
4,B2,0.0283114208799,3.70216968715,0.964397633409,0.238976754809,0.138458722217,11.4928710993,1.47356443588,0.0226147113589,0.0687853841741,0.587952198064,50,2077,ok,False,True,0.175782342766,0.77774544204,3.54616199852,0.347013134391,0,0.00245552989365,0.0217137284678,5.32879370482e-16
4,B5,0.0283114208799,3.70216968715,0.964397633409,0.238976754809,0.138458722217,11.4928710993,1.47356443588,0.0226147113589,0.0687853841741,0.587952198064,50,2077,ok,False,True,0.0234034135393,0.531750656422,3.54616199852,0.193472870606,0.472966929742,0.0120316241946,0.0212047202034,6.47465264125e-16
4,B6,0.0283114208799,3.70216968715,0.964397633409,0.238976754809,0.138458722217,11.4928710993,1.47356443588,0.0226147113589,0.0687853841741,0.587952198064,50,2077,ok,False,True,0.0119926381395,0.53115564626,3.54616199852,0.161544562624,0.472966929742,0.0127490467658,0.0214449954094,5.30178978651e-16
5,B2,0.0246044725125,5.69403437069,0.853615757042,0.258248461625,0.193583504825,31.82922203,1.44096763409,0.0493988456518,0.158843380988,1.91270156961,50,2077,ok,False,True,0.193242407851,0.758888045476,11.6734222965,0.351889232911,0,0.00253603170946,0.02199006103,4.76980286453e-16
5,B5,0.0246044725125,5.69403437069,0.853615757042,0.258248461625,0.193583504825,31.82922203,1.44096763409,0.0493988456518,0.158843380988,1.91270156961,50,2077,ok,False,True,0.176567294277,0.639297369445,10.9562000844,0.335516585547,0.23014409787,0.00394667939309,0.0215001705829,4.6100187908e-16
5,B6,0.0246044725125,5.69403437069,0.853615757042,0.258248461625,0.193583504825,31.82922203,1.44096763409,0.0493988456518,0.158843380988,1.91270156961,50,2077,ok,False,True,0.173952221826,0.6436866623,10.9562948348,0.319862855992,0.23014409787,0.00415292391607,0.0215062846125,6.80577515627e-16
6,B2,0.0427857704552,7.48640830616,0.752107655188,0.343401685802,0.217528418729,22.1596130969,1.57342160742,0.0390083231507,0.212160912167,0.266038274711,50,2077,ok,False,True,0.295143909772,0.754177170086,7.85137190572,0.465257118533,0,0.00218213056848,0.0228364453879,3.96062130759e-16
6,B5,0.0427857704552,7.48640830616,0.752107655188,0.343401685802,0.217528418729,22.1596130969,1.57342160742,0.0390083231507,0.212160912167,0.266038274711,50,2077,ok,False,True,0.30084350081,0.489940724227,7.85137190572,0.471209362077,0.533801750938,0.001833684063,0.02193689799,4.24066976277e-16
6,B6,0.0427857704552,7.48640830616,0.752107655188,0.343401685802,0.217528418729,22.1596130969,1.57342160742,0.0390083231507,0.212160912167,0.266038274711,50,2077,ok,False,True,0.299897073217,0.494152558176,7.85137190572,0.463286176244,0.533801750938,0.00209118768768,0.0219324908257,4.32517672051e-16
7,B2,0.0081317078969,3.12759468494,0.940849083395,0.243141719999,0.173798067012,12.7355679998,1.14361837828,0.0249670034157,0.146595123673,0.966456637902,50,2077,ok,False,True,0.180776031988,0.776745111185,3.97610279962,0.350811612832,0,0.00243843009156,0.0222047453411,6.42710823896e-16
7,B5,0.0081317078969,3.12759468494,0.940849083395,0.243141719999,0.173798067012,12.7355679998,1.14361837828,0.0249670034157,0.146595123673,0.966456637902,50,2077,ok,False,True,0.163561625558,0.681191933183,3.97610279962,0.333354421337,0.175598512704,0.00398822385883,0.0217501706624,4.84774961809e-16
7,B6,0.0081317078969,3.12759468494,0.940849083395,0.243141719999,0.173798067012,12.7355679998,1.14361837828,0.0249670034157,0.146595123673,0.966456637902,50,2077,ok,False,True,0.159294503069,0.683923980073,3.97610279962,0.308678902582,0.175598512704,0.00430206273427,0.0219160689922,5.32256795174e-16
8,B2,0.0415675991714,2.92736768056,0.255621747788,0.211979411826,0.126476059524,23.8426238035,1.18572902452,0.0551676057463,0.148442074437,0.155143192393,50,2077,ok,False,True,0.146537232267,0.825970043339,9.14105544261,0.347546620678,0,0.00247308784661,0.0215423216222,4.24335999559e-16
8,B5,0.0415675991714,2.92736768056,0.255621747788,0.211979411826,0.126476059524,23.8426238035,1.18572902452,0.0551676057463,0.148442074437,0.155143192393,50,2077,ok,False,True,0.148906766011,0.552978040157,9.0595470622,0.350167502838,0.449056862493,0.00249707401481,0.0215596007237,4.24335999559e-16
8,B6,0.0415675991714,2.92736768056,0.255621747788,0.211979411826,0.126476059524,23.8426238035,1.18572902452,0.0551676057463,0.148442074437,0.155143192393,50,2077,ok,False,True,0.148381652137,0.553163622408,9.0595498601,0.346451409359,0.449056862493,0.00251520287547,0.0215669804035,4.23109704142e-16
9,B2,0.0342544869892,7.01109646501,0.623521632551,0.158169227378,0.292602879943,33.2815210057,1.29470720165,0.0324091611241,0.0623660045088,0.765983761049,50,2077,ok,False,True,0.0845879306406,0.809831594829,5.71251999041,0.26384504453,0,0.0026842099181,0.0219516790859,4.08785213597e-16
9,B5,0.0342544869892,7.01109646501,0.623521632551,0.158169227378,0.292602879943,33.2815210057,1.29470720165,0.0324091611241,0.0623660045088,0.765983761049,50,2077,ok,False,True,0,0.640035009737,5.71251999041,0.179350871451,0.303173400649,0.00664817618425,0.0211994241146,4.9330212388e-16
9,B6,0.0342544869892,7.01109646501,0.623521632551,0.158169227378,0.292602879943,33.2815210057,1.29470720165,0.0324091611241,0.0623660045088,0.765983761049,50,2077,ok,True,True,0,0.639442386682,5.71251999041,0.170536522983,0.303173400649,0.00655704829298,0.0211796783034,5.18759906116e-16
10,B2,0.032997749745,6.16280539336,0.243720423963,0.231785254403,0.158620232017,10.8650346993,0.642727557535,0.0180566208349,0.0913300430682,1.14999526738,50,2077,ok,False,True,0.173579357256,0.831617820085,2.83525033624,0.379159420787,0,0.00228359370975,0.0221844493801,4.09174230763e-16
10,B5,0.032997749745,6.16280539336,0.243720423963,0.231785254403,0.158620232017,10.8650346993,0.642727557535,0.0180566208349,0.0913300430682,1.14999526738,50,2077,ok,False,True,0,0.495631686206,2.83525033624,0.204977341631,0.546133366664,0.0152608981293,0.0218687799358,5.07038300111e-16
10,B6,0.032997749745,6.16280539336,0.243720423963,0.231785254403,0.158620232017,10.8650346993,0.642727557535,0.0180566208349,0.0913300430682,1.14999526738,50,2077,ok,False,True,0,0.495195916898,2.83525033624,0.202005714095,0.546133366664,0.0152212622101,0.0218818109601,4.32112699469e-16
11,B2,0.00997428717044,8.1923335344,0.888170478692,0.225287805397,0.192143219804,15.0002053736,1.33905858023,0.03805069601,0.231212689219,0.332541435497,50,2077,ok,False,True,0.158845916673,0.778756385424,7.49671221744,0.319084183036,0,0.00254489440804,0.0221504297061,5.56187448529e-16
11,B5,0.00997428717044,8.1923335344,0.888170478692,0.225287805397,0.192143219804,15.0002053736,1.33905858023,0.03805069601,0.231212689219,0.332541435497,50,2077,ok,False,True,0.160440439104,0.674833268863,7.49671221744,0.32103776434,0.203147586316,0.00248877733459,0.0219410492912,5.0413132531e-16
11,B6,0.00997428717044,8.1923335344,0.888170478692,0.225287805397,0.192143219804,15.0002053736,1.33905858023,0.03805069601,0.231212689219,0.332541435497,50,2077,ok,False,True,0.159040146014,0.681225420809,7.49671221744,0.310803629123,0.203147586316,0.00259554367559,0.0219974683149,5.83863744346e-16
12,B2,0.0238338572948,9.20405343658,0.696468837981,0.309787893724,0.296402804695,37.707230618,0.384111717199,0.0592228239906,0.0727202918086,1.78988265954,50,2077,ok,False,True,0.256387180082,0.770102102173,3.39543654943,0.436629653662,0,0.00225889373826,0.0228417968592,4.49397230225e-16
12,B5,0.0238338572948,9.20405343658,0.696468837981,0.309787893724,0.296402804695,37.707230618,0.384111717199,0.0592228239906,0.0727202918086,1.78988265954,50,2077,ok,False,True,0.219571944996,0.67661508854,3.2759029526,0.401965737583,0.161497459135,0.00404306385486,0.0219947017753,4.49397230225e-16
12,B6,0.0238338572948,9.20405343658,0.696468837981,0.309787893724,0.296402804695,37.707230618,0.384111717199,0.0592228239906,0.0727202918086,1.78988265954,50,2077,ok,False,True,0.217364364573,0.68542546767,3.27600146711,0.391762460781,0.161497459135,0.00423934440412,0.0220164182845,2.95070502295e-16
13,B2,0.0259901469617,4.63512848227,0.202273422376,0.189170613567,0.166411861125,25.3659190816,1.56886163463,0.0365997451097,0.1136495067,1.00169104611,50,2077,ok,False,True,0.122963017572,0.834964467478,7.00198157713,0.326156093645,0,0.00247703956821,0.0219334214467,4.24233465042e-16
13,B5,0.0259901469617,4.63512848227,0.202273422376,0.189170613567,0.166411861125,25.3659190816,1.56886163463,0.0365997451097,0.1136495067,1.00169104611,50,2077,ok,False,True,0.0592008374418,0.635945400545,7.00198157713,0.262016112065,0.317788043236,0.0078493672036,0.0215407295784,3.76962812695e-16
13,B6,0.0259901469617,4.63512848227,0.202273422376,0.189170613567,0.166411861125,25.3659190816,1.56886163463,0.0365997451097,0.1136495067,1.00169104611,50,2077,ok,False,True,0.0584645675899,0.636243836731,7.00198157713,0.258928619533,0.317788043236,0.00789225805306,0.0215405525986,4.3216791256e-16
14,B2,0.0210625182899,9.50666144919,0.800290515262,0.289210806515,0.14125415816,16.3806738515,1.1290062111,0.0143789782974,0.182206253802,1.99656687298,50,2077,ok,False,True,0.235330542328,0.779473313711,2.36777912488,0.421656002801,0,0.00224001914624,0.0217133487652,4.83466707518e-16
14,B5,0.0210625182899,9.50666144919,0.800290515262,0.289210806515,0.14125415816,16.3806738515,1.1290062111,0.0143789782974,0.182206253802,1.99656687298,50,2077,ok,False,True,0.234802313507,0.590277842176,2.36777912488,0.420064873772,0.343430417911,0.00225889462196,0.0215952566563,5.13189235472e-16
14,B6,0.0210625182899,9.50666144919,0.800290515262,0.289210806515,0.14125415816,16.3806738515,1.1290062111,0.0143789782974,0.182206253802,1.99656687298,50,2077,ok,False,True,0.233227216592,0.596689163641,2.36777912488,0.408040065765,0.343430417911,0.00244991690584,0.0217252256541,5.03052877171e-16
15,B2,0.0139563916512,5.07830009343,0.591396330487,0.191660627778,0.249503945314,27.0157404272,0.515796513403,0.0335375925921,0.191334793149,1.22225079827,50,2077,ok,False,True,0.124732135695,0.807271274457,4.24842261302,0.312327404488,0,0.00251211498613,0.0227226208669,5.69451315083e-16
15,B5,0.0139563916512,5.07830009343,0.591396330487,0.191660627778,0.249503945314,27.0157404272,0.515796513403,0.0335375925921,0.191334793149,1.22225079827,50,2077,ok,False,True,0.125255503705,0.70131806431,4.14847412723,0.313024118034,0.187829300274,0.00249273097287,0.0220479981427,4.83074740292e-16
15,B6,0.0139563916512,5.07830009343,0.591396330487,0.191660627778,0.249503945314,27.0157404272,0.515796513403,0.0335375925921,0.191334793149,1.22225079827,50,2077,ok,False,True,0.123592960693,0.703869556925,4.14848116579,0.300814439914,0.187829300274,0.00255076147858,0.0220472639214,3.79259097938e-16
16,B2,0.0377423615582,5.8133892222,0.806727927972,0.284761977917,0.22401649286,35.682037828,0.945548856411,0.0455789492078,0.00877678806798,0.554088695252,50,2077,ok,False,True,0.223755712054,0.757447380986,6.24785887618,0.388651415441,0,0.00244721359242,0.0222193724368,4.46751111743e-16
16,B5,0.0377423615582,5.8133892222,0.806727927972,0.284761977917,0.22401649286,35.682037828,0.945548856411,0.0455789492078,0.00877678806798,0.554088695252,50,2077,ok,False,True,0.152314742799,0.610480955433,6.11570669673,0.317225712906,0.266824284488,0.00313967047685,0.0215828900345,4.17283181124e-16
16,B6,0.0377423615582,5.8133892222,0.806727927972,0.284761977917,0.22401649286,35.682037828,0.945548856411,0.0455789492078,0.00877678806798,0.554088695252,50,2077,ok,False,True,0.148052532197,0.614074440025,6.11577629748,0.301798922197,0.266824284488,0.00336458228058,0.0215942741863,4.34545972239e-16
17,B2,0.0201454148617,7.4083061064,0.51291020387,0.336889646725,0.165837484934,19.2392766226,0.35108535991,0.057669784375,0.175913725721,0.127032958996,50,2077,ok,False,True,0.291361214538,0.788372064368,3.55942121411,0.485486560506,0,0.00208335965856,0.0217832332298,5.75165249986e-16
17,B5,0.0201454148617,7.4083061064,0.51291020387,0.336889646725,0.165837484934,19.2392766226,0.35108535991,0.057669784375,0.175913725721,0.127032958996,50,2077,ok,False,True,0.293069983953,0.605525710315,3.54591821282,0.487463326899,0.318492202664,0.0019861184301,0.0216371693702,4.64925747215e-16
17,B6,0.0201454148617,7.4083061064,0.51291020387,0.336889646725,0.165837484934,19.2392766226,0.35108535991,0.057669784375,0.175913725721,0.127032958996,50,2077,ok,False,True,0.292170644275,0.609976375881,3.54596061458,0.480803430336,0.318492202664,0.00208413727421,0.02165777607,4.43055089701e-16
18,B2,0.0450137999969,6.93646813587,0.405128110129,0.23355346707,0.283999362637,17.8419258255,0.573394941923,0.0409614696363,0.183932133753,1.57128625796,50,2077,ok,False,True,0.174550259045,0.815043027512,4.77332352199,0.372362658676,0,0.00231387385878,0.0229562359592,4.19906503099e-16
18,B5,0.0450137999969,6.93646813587,0.405128110129,0.23355346707,0.283999362637,17.8419258255,0.573394941923,0.0409614696363,0.183932133753,1.57128625796,50,2077,ok,False,True,0.180132441888,0.47102147384,4.18821510206,0.377640868844,0.622870783139,0.00197222243692,0.0220399772529,5.04562014635e-16
18,B6,0.0450137999969,6.93646813587,0.405128110129,0.23355346707,0.283999362637,17.8419258255,0.573394941923,0.0409614696363,0.183932133753,1.57128625796,50,2077,ok,False,True,0.179470619439,0.471698377854,4.18822006435,0.371705136816,0.622870783139,0.00199161101222,0.02204067785,3.9394005811e-16
19,B2,0.0098049789966,2.78383800444,0.465948518535,0.378070332511,0.080821597719,36.3579127732,0.609651727683,0.0150686863832,0.043219542358,1.34202570719,50,2077,ok,False,True,0.322543006308,0.78737185983,2.51909595292,0.522046766953,0,0.00243544574727,0.0211939994491,5.87961889408e-16
19,B5,0.0098049789966,2.78383800444,0.465948518535,0.378070332511,0.080821597719,36.3579127732,0.609651727683,0.0150686863832,0.043219542358,1.34202570719,50,2077,ok,False,True,0.314217852634,0.752309081659,2.51909595292,0.513558648034,0.0523109881772,0.00269165280705,0.0208652854225,5.87961889408e-16
19,B6,0.0098049789966,2.78383800444,0.465948518535,0.378070332511,0.080821597719,36.3579127732,0.609651727683,0.0150686863832,0.043219542358,1.34202570719,50,2077,ok,False,True,0.312071559775,0.755235080559,2.51909595292,0.503738887319,0.0523109881772,0.0028930067274,0.0208660709571,4.06026632049e-16
20,B2,0.0349566017821,2.1331710326,0.377723033796,0.333979206743,0.162545298184,22.5753431033,1.49068009958,0.0236220388436,0.115632060281,1.18049036148,50,2077,ok,False,True,0.288376646158,0.803887290337,3.7275199267,0.486962629335,0,0.00207550583907,0.0220680568251,4.85173718525e-16
20,B5,0.0349566017821,2.1331710326,0.377723033796,0.333979206743,0.162545298184,22.5753431033,1.49068009958,0.0236220388436,0.115632060281,1.18049036148,50,2077,ok,False,True,0.21114835587,0.539531344488,3.7275199267,0.40875263152,0.438358567938,0.00871338861785,0.021489891961,5.24353030053e-16
20,B6,0.0349566017821,2.1331710326,0.377723033796,0.333979206743,0.162545298184,22.5753431033,1.49068009958,0.0236220388436,0.115632060281,1.18049036148,50,2077,ok,False,True,0.208391902819,0.540132078792,3.7275199267,0.399670019699,0.438358567938,0.00890493684025,0.0215027928113,5.3979986604e-16
21,B2,0.0441175316891,7.59786335771,0.783763050558,0.341909271729,0.131397244555,12.5226928875,1.27780300572,0.0461777709624,0.0768227014533,0.889530658039,50,2077,ok,False,True,0.293793433172,0.748687013847,10.8284435451,0.469491165604,0,0.00217734824393,0.0216236323614,5.64160291071e-16
21,B5,0.0441175316891,7.59786335771,0.783763050558,0.341909271729,0.131397244555,12.5226928875,1.27780300572,0.0461777709624,0.0768227014533,0.889530658039,50,2077,ok,False,True,0.117686013982,0.43489965754,10.2724831412,0.292645974175,0.611737572941,0.0143479449794,0.0209765819596,4.4113208412e-16
21,B6,0.0441175316891,7.59786335771,0.783763050558,0.341909271729,0.131397244555,12.5226928875,1.27780300572,0.0461777709624,0.0768227014533,0.889530658039,50,2077,ok,False,True,0.110158724208,0.434936351963,10.2725063961,0.275301545595,0.611737572941,0.0149187483807,0.0210983260547,4.52106079282e-16
22,B2,0.0198937529889,7.83064302731,0.38879024758,0.229176328737,0.198682385869,18.5567116322,0.700136206475,0.0433317514047,0.0538541051392,0.478986670641,50,2077,ok,False,True,0.169378162407,0.816040205925,5.53993902213,0.367268065358,0,0.00233121972222,0.0221980742471,4.84676763022e-16
22,B5,0.0198937529889,7.83064302731,0.38879024758,0.229176328737,0.198682385869,18.5567116322,0.700136206475,0.0433317514047,0.0538541051392,0.478986670641,50,2077,ok,False,True,0.075385477359,0.61008614806,5.45401076193,0.273269656392,0.332470348788,0.0065379667841,0.0217998473691,3.55582741678e-16
22,B6,0.0198937529889,7.83064302731,0.38879024758,0.229176328737,0.198682385869,18.5567116322,0.700136206475,0.0433317514047,0.0538541051392,0.478986670641,50,2077,ok,False,True,0.0733604483474,0.611171472355,5.45396073501,0.26663483,0.332470348788,0.00662134186385,0.0218119248142,3.86686914426e-16
23,B2,0.0477370705475,7.34695971626,0.94792008813,0.369039215951,0.0879147372316,35.3511159065,1.23491241755,0.0276195965719,0.124683262262,0.35998426715,50,2077,ok,False,True,0.307187841801,0.729173081528,4.6378371091,0.477896247715,0,0.00262082168989,0.0213084600372,5.10978316334e-16
23,B5,0.0477370705475,7.34695971626,0.94792008813,0.369039215951,0.0879147372316,35.3511159065,1.23491241755,0.0276195965719,0.124683262262,0.35998426715,50,2077,ok,False,True,0.292587196299,0.59468831824,4.6378371091,0.463465665891,0.253120595562,0.00368092003404,0.0208535620001,4.55294810838e-16
23,B6,0.0477370705475,7.34695971626,0.94792008813,0.369039215951,0.0879147372316,35.3511159065,1.23491241755,0.0276195965719,0.124683262262,0.35998426715,50,2077,ok,False,True,0.289117812635,0.603898650941,4.6378371091,0.447948179993,0.253120595562,0.00411823620691,0.0209034932646,5.01576636273e-16
24,B2,0.0205743188724,5.19077711406,0.428031407019,0.256791013584,0.246596067411,11.3791084763,0.830419500689,0.0429855861454,0.201305157615,1.31871471742,50,2077,ok,False,True,0.200897845619,0.809147263539,6.73310275777,0.397719903937,0,0.00225205453624,0.0227478080017,3.80328812432e-16
24,B5,0.0205743188724,5.19077711406,0.428031407019,0.256791013584,0.246596067411,11.3791084763,0.830419500689,0.0429855861454,0.201305157615,1.31871471742,50,2077,ok,False,True,0.203966441508,0.5766233108,6.41326278195,0.400717928278,0.415746877287,0.00207974788674,0.0218894504923,3.21903685462e-16
24,B6,0.0205743188724,5.19077711406,0.428031407019,0.256791013584,0.246596067411,11.3791084763,0.830419500689,0.0429855861454,0.201305157615,1.31871471742,50,2077,ok,False,True,0.203087852433,0.578179860072,6.41327762381,0.393721248053,0.415746877287,0.00211089145878,0.0219553845758,3.46286812297e-16
25,B2,0.0297969259235,6.49049905662,0.792516513198,0.177453216588,0.235633921137,38.3339682374,0.498668227871,0.0423292871202,0.15448274854,0.494812402269,50,2077,ok,False,True,0.0982544293367,0.79384344648,3.74239537804,0.267826016323,0,0.0028715659142,0.0224866778361,4.58003795054e-16
25,B5,0.0297969259235,6.49049905662,0.792516513198,0.177453216588,0.235633921137,38.3339682374,0.498668227871,0.0423292871202,0.15448274854,0.494812402269,50,2077,ok,False,True,0.0822029838221,0.698902738831,3.70142260227,0.253095250198,0.176297341176,0.00434210219043,0.021839202263,4.58003795054e-16
25,B6,0.0297969259235,6.49049905662,0.792516513198,0.177453216588,0.235633921137,38.3339682374,0.498668227871,0.0423292871202,0.15448274854,0.494812402269,50,2077,ok,False,True,0.0795875218318,0.702311091809,3.70143052361,0.238333785253,0.176297341176,0.00445757195632,0.0217807686407,4.64257598579e-16
26,B2,0.0161072490954,8.54885213747,0.813749542562,0.181787934023,0.234641475483,39.1350991219,1.19848236497,0.0308659852749,0.105390259488,1.12498163116,50,2077,ok,False,True,0.101918500956,0.788188159516,5.33867877943,0.273147794431,0,0.00289818800672,0.0226217392009,5.17563419513e-16
26,B5,0.0161072490954,8.54885213747,0.813749542562,0.181787934023,0.234641475483,39.1350991219,1.19848236497,0.0308659852749,0.105390259488,1.12498163116,50,2077,ok,False,True,0.0797510453105,0.739189456136,5.33867877943,0.250726809897,0.0919046360521,0.00426326410103,0.0218922643861,5.17563419513e-16
26,B6,0.0161072490954,8.54885213747,0.813749542562,0.181787934023,0.234641475483,39.1350991219,1.19848236497,0.0308659852749,0.105390259488,1.12498163116,50,2077,ok,False,True,0.0774954268372,0.74600015957,5.33867877943,0.238784110434,0.0919046360521,0.00436116909514,0.0218284345332,3.88402189828e-16
27,B2,0.0479900408029,1.08148898092,0.924660972993,0.352145989777,0.264668801556,23.5964166018,1.02050059028,0.0468425233784,0.203988439025,0.186891994254,50,2077,ok,False,True,0.305577306069,0.737636399612,8.11095938442,0.477887743706,0,0.00215190557498,0.0223275992515,5.00458680938e-16
27,B5,0.0479900408029,1.08148898092,0.924660972993,0.352145989777,0.264668801556,23.5964166018,1.02050059028,0.0468425233784,0.203988439025,0.186891994254,50,2077,ok,False,True,0.311393475239,0.466740744615,7.99285487106,0.484325987275,0.564039754357,0.00181692422036,0.0218821915746,4.9410646147e-16
27,B6,0.0479900408029,1.08148898092,0.924660972993,0.352145989777,0.264668801556,23.5964166018,1.02050059028,0.0468425233784,0.203988439025,0.186891994254,50,2077,ok,False,True,0.308801713885,0.467352225498,7.99285840107,0.462598206769,0.564039754357,0.00239493277205,0.0219319131378,5.65927281955e-16
28,B2,0.0104976463593,5.35209570185,0.572460369313,0.202567817186,0.209678646087,38.6259435125,0.576889040431,0.055658753813,0.0245404991562,1.51934532235,50,2077,ok,False,True,0.126331833026,0.799739983993,3.98567311787,0.307116031199,0,0.00280715071632,0.0222687601858,4.25045285273e-16
28,B5,0.0104976463593,5.35209570185,0.572460369313,0.202567817186,0.209678646087,38.6259435125,0.576889040431,0.055658753813,0.0245404991562,1.51934532235,50,2077,ok,False,True,0.110356760732,0.761482125222,3.94079080334,0.291358031947,0.0624304572825,0.00302997977232,0.0217978660981,4.77640606535e-16
28,B6,0.0104976463593,5.35209570185,0.572460369313,0.202567817186,0.209678646087,38.6259435125,0.576889040431,0.055658753813,0.0245404991562,1.51934532235,50,2077,ok,False,True,0.108367992326,0.765552127204,3.94079797109,0.280552145959,0.0624304572825,0.00309398883379,0.021805341382,5.02618656993e-16
29,B2,0.0110585492838,1.00898108363,0.605152220558,0.293194956779,0.178543166719,37.1782241914,0.377254512737,0.0107832444869,0.0393623974113,0.192976351718,50,2077,ok,False,True,0.234191167478,0.792639867024,2.00061289209,0.430957103403,0,0.00239007487114,0.0218647686134,4.93302498994e-16
29,B5,0.0110585492838,1.00898108363,0.605152220558,0.293194956779,0.178543166719,37.1782241914,0.377254512737,0.0107832444869,0.0393623974113,0.192976351718,50,2077,ok,False,True,0.220710118219,0.747187873636,2.00061289209,0.417436861763,0.0723524804661,0.00278479996359,0.0217482335911,5.28743634031e-16
29,B6,0.0110585492838,1.00898108363,0.605152220558,0.293194956779,0.178543166719,37.1782241914,0.377254512737,0.0107832444869,0.0393623974113,0.192976351718,50,2077,ok,False,True,0.217416580248,0.748420099599,2.00061289209,0.400273445894,0.0723524804661,0.00300493530299,0.0217658295266,6.73933149654e-16
30,B2,0.00729582379067,8.45511779601,0.725636371776,0.339428717351,0.198522071501,18.1333563992,0.875958767727,0.0313692882599,0.223592492141,0.223037786385,50,2077,ok,False,True,0.291803653542,0.762430034579,5.42849267446,0.4689341073,0,0.00215487535585,0.0221071502249,5.06188624799e-16
30,B5,0.00729582379067,8.45511779601,0.725636371776,0.339428717351,0.198522071501,18.1333563992,0.875958767727,0.0313692882599,0.223592492141,0.223037786385,50,2077,ok,False,True,0.291995345618,0.687188654044,5.42849267446,0.469267795733,0.140508933493,0.00209753291382,0.0220215786611,4.49525235467e-16
30,B6,0.00729582379067,8.45511779601,0.725636371776,0.339428717351,0.198522071501,18.1333563992,0.875958767727,0.0313692882599,0.223592492141,0.223037786385,50,2077,ok,False,True,0.290884033273,0.696977886928,5.42849267446,0.46130609353,0.140508933493,0.00232467742899,0.0219997790854,5.21843596337e-16
31,B2,0.00956831852604,2.7232111346,0.49795098521,0.155342548144,0.203944170091,12.3149531105,0.900445673502,0.0116260171211,0.0860753814343,0.263683450737,50,2077,ok,False,True,0.0853074529036,0.825509231007,2.06493192503,0.283235734082,0,0.00256570765098,0.021803385923,3.97059025746e-16
31,B5,0.00956831852604,2.7232111346,0.49795098521,0.155342548144,0.203944170091,12.3149531105,0.900445673502,0.0116260171211,0.0860753814343,0.263683450737,50,2077,ok,False,True,0.0285209449865,0.69904609564,2.06493192503,0.226382576403,0.211656660408,0.00616008224942,0.0215999901465,6.30508370806e-16
31,B6,0.00956831852604,2.7232111346,0.49795098521,0.155342548144,0.203944170091,12.3149531105,0.900445673502,0.0116260171211,0.0860753814343,0.263683450737,50,2077,ok,False,True,0.0251575957233,0.699349351154,2.06493192503,0.211730867603,0.211656660408,0.00631776780938,0.0215068852132,6.68528739096e-16
32,B2,0.0421797794107,2.39426498379,0.385433709484,0.268867096345,0.093218902319,22.1964701354,0.66076096393,0.0376124731883,0.0468626380647,0.849258643652,50,2077,ok,False,True,0.207156305933,0.807800995191,4.75801170381,0.403407272147,0,0.00243324807456,0.0212124855861,4.4614152994e-16
32,B5,0.0421797794107,2.39426498379,0.385433709484,0.268867096345,0.093218902319,22.1964701354,0.66076096393,0.0376124731883,0.0468626380647,0.849258643652,50,2077,ok,False,True,0.0755704971017,0.544243110902,4.55660547408,0.271576963238,0.427931484235,0.00804589103572,0.0210656515117,4.83249937068e-16
32,B6,0.0421797794107,2.39426498379,0.385433709484,0.268867096345,0.093218902319,22.1964701354,0.66076096393,0.0376124731883,0.0468626380647,0.849258643652,50,2077,ok,False,True,0.0715436956517,0.544391597896,4.55661218838,0.260578547275,0.427931484235,0.00821372473052,0.0210741872854,5.92438046841e-16
33,B2,0.0176384838612,4.77333122376,0.974919759732,0.355222790233,0.230745151668,17.5694402712,1.50735656185,0.0122235332129,0.0298748563078,1.48672995275,50,2077,ok,False,True,0.310875115078,0.751734374909,2.12682279168,0.493837029828,0,0.00208970603791,0.0224704676675,5.0196971323e-16
33,B5,0.0176384838612,4.77333122376,0.974919759732,0.355222790233,0.230745151668,17.5694402712,1.50735656185,0.0122235332129,0.0298748563078,1.48672995275,50,2077,ok,False,True,0.236946328954,0.569776850246,2.12682279168,0.418472867909,0.316692714566,0.00403647211922,0.0224188491507,5.39815908047e-16
33,B6,0.0176384838612,4.77333122376,0.974919759732,0.355222790233,0.230745151668,17.5694402712,1.50735656185,0.0122235332129,0.0298748563078,1.48672995275,50,2077,ok,False,True,0.22880593511,0.574500056353,2.12682279168,0.391661487547,0.316692714566,0.00473291694961,0.0225300010769,5.35287105346e-16
34,B2,0.0376643607885,4.34206684117,0.235444098892,0.387452935971,0.148393438635,24.7254606075,0.963418328578,0.0355693691077,0.187857146695,0.355825766911,50,2077,ok,False,True,0.349526435563,0.811199308408,6.66741540403,0.552062131674,0,0.00198030176234,0.0215171393346,4.18728891861e-16
34,B5,0.0376643607885,4.34206684117,0.235444098892,0.387452935971,0.148393438635,24.7254606075,0.963418328578,0.0355693691077,0.187857146695,0.355825766911,50,2077,ok,False,True,0.351898293172,0.563374618547,6.66741540403,0.554332392542,0.422789042471,0.00173988733461,0.0212173057229,4.67874068021e-16
34,B6,0.0376643607885,4.34206684117,0.235444098892,0.387452935971,0.148393438635,24.7254606075,0.963418328578,0.0355693691077,0.187857146695,0.355825766911,50,2077,ok,False,True,0.35162695101,0.564382667642,6.66741540403,0.552211909546,0.422789042471,0.00174719744128,0.0212264476754,4.54532274201e-16
35,B2,0.0455291517118,9.07079361582,0.36742504622,0.278491423402,0.299337409469,33.9762266425,0.800277863848,0.0329364718429,0.133369187324,0.24617624066,50,2077,ok,False,True,0.224696715897,0.80461659173,5.60681497868,0.420258115136,0,0.00222050365253,0.0228933744252,4.95583077441e-16
35,B5,0.0455291517118,9.07079361582,0.36742504622,0.278491423402,0.299337409469,33.9762266425,0.800277863848,0.0329364718429,0.133369187324,0.24617624066,50,2077,ok,False,True,0.209101831838,0.586119757396,5.53301305458,0.405289220562,0.366849466705,0.00364148385508,0.0223571851519,4.95583077441e-16
35,B6,0.0455291517118,9.07079361582,0.36742504622,0.278491423402,0.299337409469,33.9762266425,0.800277863848,0.0329364718429,0.133369187324,0.24617624066,50,2077,ok,False,True,0.208436704394,0.588831777824,5.5329122345,0.401482992421,0.366849466705,0.00367223021081,0.0223792819204,4.29044579195e-16
36,B2,0.0172326199765,2.42041056479,0.983622642093,0.20351394459,0.214146986647,16.2002854444,1.03232251743,0.0417276024629,0.181183653332,1.0192503245,50,2077,ok,False,True,0.135202597818,0.780713400706,8.27997104246,0.302373798772,0,0.00257647477551,0.0223571998086,5.09551120855e-16
36,B5,0.0172326199765,2.42041056479,0.983622642093,0.20351394459,0.214146986647,16.2002854444,1.03232251743,0.0417276024629,0.181183653332,1.0192503245,50,2077,ok,False,True,0.137573520783,0.611976860143,8.07338622859,0.305328751236,0.319135360712,0.00250300573287,0.0216674474682,6.08686035627e-16
36,B6,0.0172326199765,2.42041056479,0.983622642093,0.20351394459,0.214146986647,16.2002854444,1.03232251743,0.0417276024629,0.181183653332,1.0192503245,50,2077,ok,False,True,0.13407305359,0.612340188561,8.07339361931,0.278884379501,0.319135360712,0.00273100428557,0.0217410197283,6.03602249264e-16
37,B2,0.00614551961618,1.90966621684,0.594780655488,0.353304693785,0.26207250516,39.8197950609,0.686270470758,0.02327307907,0.143434064982,1.08652707582,50,2077,ok,False,True,0.305028946078,0.767685917175,3.68586502788,0.494990801839,0,0.00218385710932,0.0225185130511,4.44305216237e-16
37,B5,0.00614551961618,1.90966621684,0.594780655488,0.353304693785,0.26207250516,39.8197950609,0.686270470758,0.02327307907,0.143434064982,1.08652707582,50,2077,ok,False,True,0.298847620558,0.747075464441,3.68586502788,0.488606115567,0.0345628205729,0.00264641805998,0.0219073541617,4.12326530051e-16
37,B6,0.00614551961618,1.90966621684,0.594780655488,0.353304693785,0.26207250516,39.8197950609,0.686270470758,0.02327307907,0.143434064982,1.08652707582,50,2077,ok,False,True,0.296485236447,0.75013773847,3.68586502788,0.474781438173,0.0345628205729,0.00298408146179,0.0219343047279,4.04375952252e-16
38,B2,0.02153356746,9.64520104874,0.409715420477,0.301311158276,0.195477774717,15.6773127273,0.755449548132,0.0338972846639,0.0193723692674,1.73749280854,50,2077,ok,False,True,0.251620572179,0.80202396965,5.8732576263,0.448705403491,0,0.00213864908061,0.0221474684675,4.5613374305e-16
38,B5,0.02153356746,9.64520104874,0.409715420477,0.301311158276,0.195477774717,15.6773127273,0.755449548132,0.0338972846639,0.0193723692674,1.73749280854,50,2077,ok,False,True,0.145222461836,0.560492160291,5.55951079734,0.342044978269,0.380550994296,0.00457934745617,0.0214659243961,4.99830091326e-16
38,B6,0.02153356746,9.64520104874,0.409715420477,0.301311158276,0.195477774717,15.6773127273,0.755449548132,0.0338972846639,0.0193723692674,1.73749280854,50,2077,ok,False,True,0.143191560928,0.56253549269,5.55944510825,0.33603954984,0.380550994296,0.00464676109148,0.0214865184469,5.14797531362e-16
39,B2,0.0275357772271,9.55333000243,0.701373740233,0.227427719709,0.258571769228,11.6870021961,1.27574475967,0.0105229670403,0.0921279206259,0.649707614172,50,2077,ok,False,True,0.166651076547,0.801828688395,1.95521563833,0.358851103003,0,0.0023615215616,0.0225806064897,4.7290126159e-16
39,B5,0.0275357772271,9.55333000243,0.701373740233,0.227427719709,0.258571769228,11.6870021961,1.27574475967,0.0105229670403,0.0921279206259,0.649707614172,50,2077,ok,False,True,0.00278359895745,0.518074548765,1.95521563833,0.19422612023,0.510937729102,0.0145207588998,0.0219902428454,4.77313849243e-16
39,B6,0.0275357772271,9.55333000243,0.701373740233,0.227427719709,0.258571769228,11.6870021961,1.27574475967,0.0105229670403,0.0921279206259,0.649707614172,50,2077,ok,False,True,0,0.516794865735,1.95521563833,0.181500127411,0.510937729102,0.0146286611723,0.0221682676942,4.60451198609e-16
40,B2,0.00909380817503,7.75318381501,0.270509904295,0.222222229784,0.203653306263,33.1076017009,1.36477181713,0.0358220806341,0.0471469026491,0.0711162012014,50,2077,ok,False,True,0.158639844608,0.823576470878,6.7548228422,0.358029114911,0,0.00243091027831,0.0222577271544,3.85693054742e-16
40,B5,0.00909380817503,7.75318381501,0.270509904295,0.222222229784,0.203653306263,33.1076017009,1.36477181713,0.0358220806341,0.0471469026491,0.0711162012014,50,2077,ok,False,True,0.139353707333,0.767010540201,6.7548228422,0.338742235583,0.0862569625037,0.00309645289528,0.0222121048265,4.15044387896e-16
40,B6,0.00909380817503,7.75318381501,0.270509904295,0.222222229784,0.203653306263,33.1076017009,1.36477181713,0.0358220806341,0.0471469026491,0.0711162012014,50,2077,ok,False,True,0.138834790006,0.769711947508,6.7548228422,0.33595592451,0.0862569625037,0.00311388598982,0.0222109614381,4.2385148501e-16
41,B2,0.0059448622982,2.30059085855,0.28587518697,0.327068327826,0.289181208247,13.2648460301,0.551356735705,0.0441570419376,0.136916311109,1.69253715249,50,2077,ok,False,True,0.282208924831,0.816014956667,4.71029125509,0.486025893455,0,0.00204636103507,0.0229212969368,4.86043092927e-16
41,B5,0.0059448622982,2.30059085855,0.28587518697,0.327068327826,0.289181208247,13.2648460301,0.551356735705,0.0441570419376,0.136916311109,1.69253715249,50,2077,ok,False,True,0.261787896376,0.725817420349,4.62650456582,0.465470421613,0.140837613718,0.00364317099045,0.0222402013538,4.15024648287e-16
41,B6,0.0059448622982,2.30059085855,0.28587518697,0.327068327826,0.289181208247,13.2648460301,0.551356735705,0.0441570419376,0.136916311109,1.69253715249,50,2077,ok,False,True,0.260803933869,0.72678702934,4.62651002121,0.460423800871,0.140837613718,0.0036929243627,0.0222561218706,4.55618346088e-16
42,B2,0.0434393277831,3.95012985461,0.797166723092,0.32337066988,0.149650025164,32.8803560459,1.51766527526,0.055833944758,0.0331820421459,0.906442152148,50,2077,ok,False,True,0.263881254582,0.739850584367,11.5691918327,0.421694321907,0,0.00245523284729,0.0215039800162,5.8560268266e-16
42,B5,0.0434393277831,3.95012985461,0.797166723092,0.32337066988,0.149650025164,32.8803560459,1.51766527526,0.055833944758,0.0331820421459,0.906442152148,50,2077,ok,False,True,0.172248280133,0.569161699035,11.0550500275,0.329349885444,0.326327013545,0.00536916183835,0.0210353285727,5.11052618777e-16
42,B6,0.0434393277831,3.95012985461,0.797166723092,0.32337066988,0.149650025164,32.8803560459,1.51766527526,0.055833944758,0.0331820421459,0.906442152148,50,2077,ok,False,True,0.166248415445,0.571734518327,11.0551131791,0.310271884607,0.326327013545,0.0057650581315,0.0210500642216,4.63892058545e-16
43,B2,0.0308840195021,8.09059970785,0.503115700948,0.150493193522,0.171676759373,21.5804233994,0.428334103736,0.032026588986,0.245384820065,1.67547605931,50,2077,ok,False,True,0.0779457981678,0.82161208546,3.8820071625,0.270236085105,0,0.00263812556985,0.0214339848273,3.76951935996e-16
43,B5,0.0308840195021,8.09059970785,0.503115700948,0.150493193522,0.171676759373,21.5804233994,0.428334103736,0.032026588986,0.245384820065,1.67547605931,50,2077,ok,False,True,0.0818289831951,0.600515558611,3.58693160772,0.274383695336,0.417039915207,0.00242293087232,0.0207107267432,4.00552154411e-16
43,B6,0.0308840195021,8.09059970785,0.503115700948,0.150493193522,0.171676759373,21.5804233994,0.428334103736,0.032026588986,0.245384820065,1.67547605931,50,2077,ok,False,True,0.0807922763001,0.601482182595,3.5868402517,0.266103442036,0.417039915207,0.00245607224704,0.0207078996251,3.97094839788e-16
44,B2,0.0135891847926,9.94671232588,0.837386264053,0.313809948919,0.191699276603,24.1445232554,1.34715725099,0.0532345594634,0.164087626747,1.81966932663,50,2077,ok,False,True,0.261193685913,0.751629434921,11.8933143593,0.432812057697,0,0.00225082229164,0.0219167497896,4.65147026587e-16
44,B5,0.0135891847926,9.94671232588,0.837386264053,0.313809948919,0.191699276603,24.1445232554,1.34715725099,0.0532345594634,0.164087626747,1.81966932663,50,2077,ok,False,True,0.255640566417,0.644231751337,11.4241957612,0.427150808074,0.197773790794,0.00266871251278,0.021331580909,4.89640927702e-16
44,B6,0.0135891847926,9.94671232588,0.837386264053,0.313809948919,0.191699276603,24.1445232554,1.34715725099,0.0532345594634,0.164087626747,1.81966932663,50,2077,ok,False,True,0.25435669621,0.655157451217,11.4243149158,0.418459000545,0.197773790794,0.0028737745942,0.0213807235861,4.43243138389e-16
45,B2,0.0185700803683,7.11677349153,0.507172306559,0.341264247394,0.0840143832113,39.6421161423,0.838348881823,0.0295878528741,0.17198699988,0.422323358362,50,2077,ok,False,True,0.27048843461,0.774305791921,4.32736775496,0.455483860048,0,0.00283150382036,0.0209200721669,4.65233230598e-16
45,B5,0.0185700803683,7.11677349153,0.507172306559,0.341264247394,0.0840143832113,39.6421161423,0.838348881823,0.0295878528741,0.17198699988,0.422323358362,50,2077,ok,False,True,0.27061072617,0.729984124062,4.31181165663,0.455656959425,0.0749433291713,0.00280688721068,0.0207665121373,4.17430877775e-16
45,B6,0.0185700803683,7.11677349153,0.507172306559,0.341264247394,0.0840143832113,39.6421161423,0.838348881823,0.0295878528741,0.17198699988,0.422323358362,50,2077,ok,False,True,0.269418667223,0.737357058975,4.31186049453,0.449809059943,0.0749433291713,0.00289614879174,0.0207775394648,4.83277837002e-16
46,B2,0.0460222786463,3.8767246456,0.950142237569,0.320332873712,0.107820285821,14.7108068043,0.714477326287,0.0514214064232,0.0146611960962,0.506317400809,50,2077,ok,False,True,0.267080702528,0.749601284684,5.46358182474,0.43891739383,0,0.00226601421362,0.0213498175641,6.12389099005e-16
46,B5,0.0460222786463,3.8767246456,0.950142237569,0.320332873712,0.107820285821,14.7108068043,0.714477326287,0.0514214064232,0.0146611960962,0.506317400809,50,2077,ok,False,True,0.0985432053209,0.437546354616,5.27360361184,0.270024111637,0.573177240347,0.00513627862562,0.0209679477489,5.17372386062e-16
46,B6,0.0460222786463,3.8767246456,0.950142237569,0.320332873712,0.107820285821,14.7108068043,0.714477326287,0.0514214064232,0.0146611960962,0.506317400809,50,2077,ok,False,True,0.085260691123,0.437396594054,5.27364618187,0.238439279811,0.573177240347,0.0056924433236,0.0210614274888,5.08166751388e-16
47,B2,0.0423302802559,9.84390681385,0.525309807881,0.362905110273,0.296747365222,29.1417564723,0.629274019417,0.0484423278397,0.00184562144779,0.317981160195,50,2077,ok,False,True,0.320896601828,0.775984123173,4.81744319977,0.512263015177,0,0.00203780360337,0.0226903628374,5.21005086538e-16
47,B5,0.0423302802559,9.84390681385,0.525309807881,0.362905110273,0.296747365222,29.1417564723,0.629274019417,0.0484423278397,0.00184562144779,0.317981160195,50,2077,ok,False,True,0.22585992774,0.501538992449,4.72913153838,0.417406231217,0.436761703401,0.00253699277948,0.0220698186081,3.74835773509e-16
47,B6,0.0423302802559,9.84390681385,0.525309807881,0.362905110273,0.296747365222,29.1417564723,0.629274019417,0.0484423278397,0.00184562144779,0.317981160195,50,2077,ok,False,True,0.223213862851,0.504764949585,4.72920005855,0.410254893385,0.436761703401,0.00268238138216,0.0221186057865,4.68359365644e-16
48,B2,0.033392162731,3.08983283142,0.215340036219,0.389415720275,0.094146284681,15.358058316,1.15724692078,0.0345623994405,0.074815377214,1.40377670278,50,2077,ok,False,True,0.350794008126,0.815515071886,6.36618786385,0.554685027284,0,0.00199504523117,0.0212548631424,4.48920721842e-16
48,B5,0.033392162731,3.08983283142,0.215340036219,0.389415720275,0.094146284681,15.358058316,1.15724692078,0.0345623994405,0.074815377214,1.40377670278,50,2077,ok,False,True,0.262918651387,0.534886340848,6.36618786385,0.466029708313,0.431842182009,0.00723504753443,0.0211022109851,4.53678064832e-16
48,B6,0.033392162731,3.08983283142,0.215340036219,0.389415720275,0.094146284681,15.358058316,1.15724692078,0.0345623994405,0.074815377214,1.40377670278,50,2077,ok,False,True,0.261715038328,0.535397711485,6.36618786385,0.462720602264,0.431842182009,0.00729984266925,0.0211088043238,4.74185443653e-16
49,B2,0.0132887426966,3.25951941888,0.882776035264,0.280435951047,0.144853116885,31.384327191,1.03431496543,0.0254112273028,0.207685968204,1.26470614772,50,2077,ok,False,True,0.21787015886,0.765813506085,4.09086979339,0.391611556742,0,0.00248283193207,0.0215350359421,5.60950083594e-16
49,B5,0.0132887426966,3.25951941888,0.882776035264,0.280435951047,0.144853116885,31.384327191,1.03431496543,0.0254112273028,0.207685968204,1.26470614772,50,2077,ok,False,True,0.216548412105,0.698438020332,4.09086979339,0.38969747918,0.125493943024,0.00256366077808,0.0211997792555,5.4386169799e-16
49,B6,0.0132887426966,3.25951941888,0.882776035264,0.280435951047,0.144853116885,31.384327191,1.03431496543,0.0254112273028,0.207685968204,1.26470614772,50,2077,ok,False,True,0.213254282731,0.702608424784,4.09086979339,0.36807412553,0.125493943024,0.00288131083386,0.021209369596,5.1114486993e-16
50,B2,0.0247611955349,6.09830593796,0.413102107734,0.241298445827,0.152962750847,34.4223888029,0.517248326067,0.0583074271026,0.220955782272,1.47517742262,50,2077,ok,False,True,0.173781222149,0.808142523438,3.8679762992,0.367091099697,0,0.002580755323,0.021659124176,3.92065814684e-16
50,B5,0.0247611955349,6.09830593796,0.413102107734,0.241298445827,0.152962750847,34.4223888029,0.517248326067,0.0583074271026,0.220955782272,1.47517742262,50,2077,ok,False,True,0.172818185183,0.703213583063,3.74643576717,0.366607068392,0.183844583617,0.0026166183832,0.0212860127202,4.00813688926e-16
50,B6,0.0247611955349,6.09830593796,0.413102107734,0.241298445827,0.152962750847,34.4223888029,0.517248326067,0.0583074271026,0.220955782272,1.47517742262,50,2077,ok,False,True,0.171808192435,0.706387141626,3.74644029624,0.359968515369,0.183844583617,0.00264961622437,0.021293789362,3.1104217738e-16
51,B2,0.0404274549528,4.97999225048,0.871625823882,0.373240936056,0.279112109185,37.3288633571,0.927260857329,0.0164149417608,0.0489889341702,1.06400024391,50,2077,ok,False,True,0.329520106851,0.748189896211,2.62285564938,0.512642831652,0,0.00210321421567,0.0236384292523,6.49414594963e-16
51,B5,0.0404274549528,4.97999225048,0.871625823882,0.373240936056,0.279112109185,37.3288633571,0.927260857329,0.0164149417608,0.0489889341702,1.06400024391,50,2077,ok,False,True,0.27229367836,0.598285610639,2.62285564938,0.454453498091,0.261611793196,0.00423256000327,0.021633790051,6.4921035408e-16
51,B6,0.0404274549528,4.97999225048,0.871625823882,0.373240936056,0.279112109185,37.3288633571,0.927260857329,0.0164149417608,0.0489889341702,1.06400024391,50,2077,ok,False,True,0.266181798348,0.604229361037,2.62285564938,0.432321771053,0.261611793196,0.00488097233014,0.0216932616651,7.18314989013e-16
52,B2,0.0162982931518,2.09287335466,0.626555686953,0.348283331793,0.122039009231,21.1396397308,0.708191050063,0.0270435742836,0.119626801069,0.750733477017,50,2077,ok,False,True,0.301153284743,0.771516014454,4.4135502666,0.486576800868,0,0.00213672885613,0.0214140154094,5.58387953395e-16
52,B5,0.0162982931518,2.09287335466,0.626555686953,0.348283331793,0.122039009231,21.1396397308,0.708191050063,0.0270435742836,0.119626801069,0.750733477017,50,2077,ok,False,True,0.278605632698,0.637952080593,4.4135502666,0.463657850035,0.229789539293,0.00378906154407,0.0210997986478,5.58387953395e-16
52,B6,0.0162982931518,2.09287335466,0.626555686953,0.348283331793,0.122039009231,21.1396397308,0.708191050063,0.0270435742836,0.119626801069,0.750733477017,50,2077,ok,False,True,0.275548444698,0.640180448385,4.4135502666,0.448775617557,0.229789539293,0.00408141391936,0.0211138735358,4.23293917437e-16
53,B2,0.0318006774132,2.85962695699,0.581497583145,0.31850154262,0.2113060162,32.6347000107,1.49546549846,0.0330545976201,0.196140436592,1.21330919496,50,2077,ok,False,True,0.267097500198,0.777020130156,5.90506482186,0.450873672199,0,0.00220892621969,0.0224816725601,3.75635871044e-16
53,B5,0.0318006774132,2.85962695699,0.581497583145,0.31850154262,0.2113060162,32.6347000107,1.49546549846,0.0330545976201,0.196140436592,1.21330919496,50,2077,ok,False,True,0.265750984821,0.621952307505,5.90506482186,0.448327964557,0.278438636439,0.00224207353348,0.021510849736,3.67514978651e-16
53,B6,0.0318006774132,2.85962695699,0.581497583145,0.31850154262,0.2113060162,32.6347000107,1.49546549846,0.0330545976201,0.196140436592,1.21330919496,50,2077,ok,False,True,0.264097405773,0.624253965423,5.90506482186,0.436208207466,0.278438636439,0.00240893139385,0.0215285897124,3.90971273674e-16
54,B2,0.0293423684339,2.6147564631,0.819374196885,0.160502030935,0.167791072591,25.6033342743,0.458282580596,0.031838733722,0.168193928321,0.636795559127,50,2077,ok,False,True,0.0855995493842,0.802728711359,3.93994010039,0.261904618748,0,0.00272519469396,0.0215917646362,4.82819695201e-16
54,B5,0.0293423684339,2.6147564631,0.819374196885,0.160502030935,0.167791072591,25.6033342743,0.458282580596,0.031838733722,0.168193928321,0.636795559127,50,2077,ok,False,True,0.0882266589958,0.611413099725,3.84393886184,0.265281119401,0.347603665867,0.0026487612311,0.0210425835557,3.79036434173e-16
54,B6,0.0293423684339,2.6147564631,0.819374196885,0.160502030935,0.167791072591,25.6033342743,0.458282580596,0.031838733722,0.168193928321,0.636795559127,50,2077,ok,False,True,0.085234488835,0.611051445365,3.84393696127,0.24322995647,0.347603665867,0.00276102527615,0.0210719570633,4.03264308472e-16
55,B2,0.0054051945659,8.62652063833,0.580722806074,0.330768636254,0.0889089912379,22.7358571179,1.37607623409,0.0275232792347,0.101079532165,0.537102047778,50,2077,ok,False,True,0.276350654977,0.779013530084,4.54825427357,0.463637601145,0,0.00229820726501,0.0214575069852,4.84196072509e-16
55,B5,0.0054051945659,8.62652063833,0.580722806074,0.330768636254,0.0889089912379,22.7358571179,1.37607623409,0.0275232792347,0.101079532165,0.537102047778,50,2077,ok,False,True,0.266163803825,0.738969678735,4.54825427357,0.453389114433,0.0667068067863,0.00294740391197,0.0213477713229,4.39903131599e-16
55,B6,0.0054051945659,8.62652063833,0.580722806074,0.330768636254,0.0889089912379,22.7358571179,1.37607623409,0.0275232792347,0.101079532165,0.537102047778,50,2077,ok,False,True,0.264872275885,0.74789380648,4.54825427357,0.446478045653,0.0667068067863,0.00308852683878,0.0213658773863,3.96617469795e-16
56,B2,0.0118158462263,7.29031894343,0.643681278188,0.166065947206,0.186537838372,13.021452659,0.854557807327,0.0200199042557,0.248986674594,1.8898597806,50,2077,ok,False,True,0.0956670443688,0.813540494579,3.12152629716,0.282594694507,0,0.00259281994822,0.0219016041316,4.94861702624e-16
56,B5,0.0118158462263,7.29031894343,0.643681278188,0.166065947206,0.186537838372,13.021452659,0.854557807327,0.0200199042557,0.248986674594,1.8898597806,50,2077,ok,False,True,0.096811860734,0.679868968766,3.12152629716,0.283216421809,0.2461255275,0.00255067911767,0.0209911940401,5.40455377334e-16
56,B6,0.0118158462263,7.29031894343,0.643681278188,0.166065947206,0.186537838372,13.021452659,0.854557807327,0.0200199042557,0.248986674594,1.8898597806,50,2077,ok,False,True,0.095279130603,0.68260004836,3.12152629716,0.271751446362,0.2461255275,0.00260177996346,0.0209211905082,4.29038690738e-16
57,B2,0.0496622155609,7.73087947215,0.826231335827,0.184974983936,0.159476366155,29.5311611873,1.16931763496,0.0221919274914,0.15237118344,1.28592147441,50,2077,ok,False,True,0.111310674682,0.79756459802,3.48550054111,0.288663379933,0,0.00270662664033,0.0217770540422,5.39854873497e-16
57,B5,0.0496622155609,7.73087947215,0.826231335827,0.184974983936,0.159476366155,29.5311611873,1.16931763496,0.0221919274914,0.15237118344,1.28592147441,50,2077,ok,False,True,0.107746003668,0.558364934791,3.48550054111,0.284244265597,0.435701880273,0.00311321200268,0.0213196631314,5.0985580307e-16
57,B6,0.0496622155609,7.73087947215,0.826231335827,0.184974983936,0.159476366155,29.5311611873,1.16931763496,0.0221919274914,0.15237118344,1.28592147441,50,2077,ok,False,True,0.105573324777,0.558823812777,3.48550054111,0.268805526307,0.435701880273,0.00320222862371,0.0212794503053,5.14578897779e-16
58,B2,0.0462907407223,8.99691825734,0.223266531278,0.392933725264,0.259612475625,27.2783205989,1.54160069341,0.0201591004109,0.213887677528,0.731455458174,50,2077,ok,False,True,0.357627837772,0.819047702798,3.14345770413,0.564156121287,0,0.00194031066675,0.0229005650232,5.1545116443e-16
58,B5,0.0462907407223,8.99691825734,0.223266531278,0.392933725264,0.259612475625,27.2783205989,1.54160069341,0.0201591004109,0.213887677528,0.731455458174,50,2077,ok,False,True,0.358867880778,0.538603486218,3.14345770413,0.565086619316,0.491054842862,0.00168391279242,0.0225084417798,4.05423472518e-16
58,B6,0.0462907407223,8.99691825734,0.223266531278,0.392933725264,0.259612475625,27.2783205989,1.54160069341,0.0201591004109,0.213887677528,0.731455458174,50,2077,ok,False,True,0.358681208174,0.540145941611,3.14345770413,0.563499680153,0.491054842862,0.00168867662494,0.0225456622918,4.66530985443e-16
59,B2,0.0445686011085,2.22453206779,0.8608523922,0.217128140058,0.255762202274,30.0618014255,1.00339338288,0.0219216061328,0.00611531857894,1.65415705496,50,2077,ok,False,True,0.151627936534,0.788153775022,3.42806260768,0.32794373917,0,0.00249953783085,0.0227143992043,5.10338141067e-16
59,B5,0.0445686011085,2.22453206779,0.8608523922,0.217128140058,0.255762202274,30.0618014255,1.00339338288,0.0219216061328,0.00611531857894,1.65415705496,50,2077,ok,False,True,0,0.550562687608,3.42806260768,0.172965161191,0.428187326818,0.00284838472888,0.0219760284188,5.12754067758e-16
59,B6,0.0445686011085,2.22453206779,0.8608523922,0.217128140058,0.255762202274,30.0618014255,1.00339338288,0.0219216061328,0.00611531857894,1.65415705496,50,2077,ok,True,True,0,0.547611049695,3.42806260768,0.150208262275,0.428187326818,0.0024024303054,0.0219632368103,5.08341288366e-16
60,B2,0.0452880852276,3.37880744354,0.867851131185,0.349297068891,0.263727047306,32.0458115038,0.817101057589,0.0170633960872,0.0668016736844,0.0461401186711,50,2077,ok,False,True,0.303378395502,0.755806670304,2.70206574327,0.485621187954,0,0.00212108398457,0.0233847768401,5.16619146297e-16
60,B5,0.0452880852276,3.37880744354,0.867851131185,0.349297068891,0.263727047306,32.0458115038,0.817101057589,0.0170633960872,0.0668016736844,0.0461401186711,50,2077,ok,False,True,0.220910786785,0.536460887042,2.70206574327,0.403032813625,0.396984598805,0.00670064771195,0.0232768618151,4.76313957421e-16
60,B6,0.0452880852276,3.37880744354,0.867851131185,0.349297068891,0.263727047306,32.0458115038,0.817101057589,0.0170633960872,0.0668016736844,0.0461401186711,50,2077,ok,False,True,0.212620175844,0.539131189385,2.70206574327,0.37815434618,0.396984598805,0.00740647503743,0.0233138908353,4.96480233024e-16
61,B2,0.00880510694406,1.3231167498,0.905839243093,0.237039070996,0.137810640461,20.699417528,0.954596166231,0.0438564324146,0.0639162969773,0.976183155439,50,2077,ok,False,True,0.171974949225,0.773976303858,7.27916325517,0.341780814307,0,0.00250707512438,0.0216419683598,4.80143460902e-16
61,B5,0.00880510694406,1.3231167498,0.905839243093,0.237039070996,0.137810640461,20.699417528,0.954596166231,0.0438564324146,0.0639162969773,0.976183155439,50,2077,ok,False,True,0.139620854013,0.698394219912,7.18588697275,0.309169694537,0.140041011879,0.00382761255562,0.02130689811,5.50549422026e-16
61,B6,0.00880510694406,1.3231167498,0.905839243093,0.237039070996,0.137810640461,20.699417528,0.954596166231,0.0438564324146,0.0639162969773,0.976183155439,50,2077,ok,False,True,0.133813624404,0.699674138946,7.18589102901,0.280227597891,0.140041011879,0.00417127901972,0.0213285781128,5.33003548808e-16
62,B2,0.0472379944412,1.99687953659,0.758418010199,0.247989833148,0.225092753634,26.2755461979,1.58336323375,0.0169766566579,0.0557964972482,0.803297213964,50,2077,ok,False,True,0.1885059477,0.790056370193,2.68941787172,0.373857697681,0,0.00235140218305,0.0224008967753,5.54732034829e-16
62,B5,0.0472379944412,1.99687953659,0.758418010199,0.247989833148,0.225092753634,26.2755461979,1.58336323375,0.0169766566579,0.0557964972482,0.803297213964,50,2077,ok,False,True,0.0110255541107,0.508658927072,2.68941787172,0.194746488732,0.50614931183,0.010948101773,0.0220793392121,4.00793046267e-16
62,B6,0.0472379944412,1.99687953659,0.758418010199,0.247989833148,0.225092753634,26.2755461979,1.58336323375,0.0169766566579,0.0557964972482,0.803297213964,50,2077,ok,False,True,0,0.508081052306,2.68941787172,0.165114409268,0.50614931183,0.0114987719747,0.0221261577926,4.45281496566e-16
63,B2,0.0395179270227,3.80712108661,0.261477936733,0.323959161833,0.270564033334,30.2815061426,1.01332691733,0.0196778851208,0.210851023879,0.085670336258,50,2077,ok,False,True,0.27845922736,0.819950671865,3.07085765135,0.483256923351,0,0.00205681012094,0.0231745512648,4.91592712131e-16
63,B5,0.0395179270227,3.80712108661,0.261477936733,0.323959161833,0.270564033334,30.2815061426,1.01332691733,0.0196778851208,0.210851023879,0.085670336258,50,2077,ok,False,True,0.281554166434,0.593558580631,3.07085765135,0.486401848205,0.390784034645,0.00188263797699,0.0229125321045,3.9954215669e-16
63,B6,0.0395179270227,3.80712108661,0.261477936733,0.323959161833,0.270564033334,30.2815061426,1.01332691733,0.0196778851208,0.210851023879,0.085670336258,50,2077,ok,False,True,0.281130653804,0.594371928415,3.07085765135,0.483129488525,0.390784034645,0.00189503212614,0.0229427581425,3.82200001587e-16
64,B2,0.0265301869473,9.32679726615,0.98789945051,0.357871921642,0.228695942107,11.0215735757,0.784556014318,0.0598629636731,0.0712350531612,0.695029534566,50,2077,ok,False,True,0.312506758534,0.739331159279,6.38356165553,0.48681436461,0,0.00212688681809,0.0218750042127,5.37883069345e-16
64,B5,0.0265301869473,9.32679726615,0.98789945051,0.357871921642,0.228695942107,11.0215735757,0.784556014318,0.0598629636731,0.0712350531612,0.695029534566,50,2077,ok,False,True,0.193814713524,0.48061078386,6.16937008187,0.367253986853,0.49785868451,0.0094854463013,0.0210242169085,4.97667492128e-16
64,B6,0.0265301869473,9.32679726615,0.98789945051,0.357871921642,0.228695942107,11.0215735757,0.784556014318,0.0598629636731,0.0712350531612,0.695029534566,50,2077,ok,False,True,0.186809959698,0.484361578222,6.16937008187,0.349008420273,0.49785868451,0.0101163850728,0.0213902462727,4.62892236105e-16
65,B2,0.018094293958,5.8775560863,0.288225612233,0.271007760306,0.221160813197,28.1055431783,1.17390586646,0.0369783877893,0.0132162883522,0.0960507686585,50,2077,ok,False,True,0.216648400635,0.8164040523,7.12424829227,0.414964634631,0,0.00222363604146,0.0223356433882,6.15683303677e-16
65,B5,0.018094293958,5.8775560863,0.288225612233,0.271007760306,0.221160813197,28.1055431783,1.17390586646,0.0369783877893,0.0132162883522,0.0960507686585,50,2077,ok,False,True,0.164829172494,0.6693780909,7.12424829227,0.362973401537,0.220193662926,0.0029969893189,0.0221940679505,6.15683303677e-16
65,B6,0.018094293958,5.8775560863,0.288225612233,0.271007760306,0.221160813197,28.1055431783,1.17390586646,0.0369783877893,0.0132162883522,0.0960507686585,50,2077,ok,False,True,0.163876117214,0.670991086361,7.12424829227,0.359231582348,0.220193662926,0.00302010548895,0.0222006839194,3.72493811046e-16
66,B2,0.0127702243118,8.84730649058,0.372872205387,0.274220717331,0.151175825476,14.4466169112,0.77647776168,0.0542783480423,0.145800625909,1.04243883912,50,2077,ok,False,True,0.220652942382,0.81092757537,6.12658388855,0.419469049814,0,0.00220571352316,0.0218784476748,5.21376410971e-16
66,B5,0.0127702243118,8.84730649058,0.372872205387,0.274220717331,0.151175825476,14.4466169112,0.77647776168,0.0542783480423,0.145800625909,1.04243883912,50,2077,ok,False,True,0.20924598455,0.662389405973,5.99134393935,0.408055658318,0.242354377962,0.0032282094512,0.0214855111727,4.55444297704e-16
66,B6,0.0127702243118,8.84730649058,0.372872205387,0.274220717331,0.151175825476,14.4466169112,0.77647776168,0.0542783480423,0.145800625909,1.04243883912,50,2077,ok,False,True,0.208530469837,0.665901502144,5.9911918538,0.403703150559,0.242354377962,0.00325999724267,0.0215091528032,5.10558310484e-16
67,B2,0.0357185257586,3.66581719839,0.715371724496,0.376369260391,0.16104618708,33.650503037,0.408607276992,0.0186615578711,0.157429604839,0.710236749481,50,2077,ok,False,True,0.33134078367,0.758945103833,2.94153754741,0.519205321991,0,0.00213515274046,0.0218034026004,5.26690507802e-16
67,B5,0.0357185257586,3.66581719839,0.715371724496,0.376369260391,0.16104618708,33.650503037,0.408607276992,0.0186615578711,0.157429604839,0.710236749481,50,2077,ok,False,True,0.324689330909,0.60663871212,2.94153754741,0.512097957291,0.27013946839,0.00259250571629,0.0211788995303,3.74481100969e-16
67,B6,0.0357185257586,3.66581719839,0.715371724496,0.376369260391,0.16104618708,33.650503037,0.408607276992,0.0186615578711,0.157429604839,0.710236749481,50,2077,ok,False,True,0.322170823412,0.610772926609,2.94153754741,0.496934296896,0.27013946839,0.00295917190454,0.0211966630747,4.17627190413e-16
68,B2,0.0364808831699,5.94039057649,0.485386963145,0.310576288205,0.118532570457,39.3663507142,1.04486688707,0.0427354442226,0.237688333908,0.826331347973,50,2077,ok,False,True,0.238924616468,0.778745778451,5.50907050138,0.419773144623,0,0.0028454506771,0.0212389800624,3.90717141007e-16
68,B5,0.0364808831699,5.94039057649,0.485386963145,0.310576288205,0.118532570457,39.3663507142,1.04486688707,0.0427354442226,0.237688333908,0.826331347973,50,2077,ok,False,True,0.238785447198,0.690573327162,5.41365203153,0.419735224601,0.160223355728,0.00281738777651,0.0209398004043,3.90717141007e-16
68,B6,0.0364808831699,5.94039057649,0.485386963145,0.310576288205,0.118532570457,39.3663507142,1.04486688707,0.0427354442226,0.237688333908,0.826331347973,50,2077,ok,False,True,0.23766008968,0.695666928244,5.41369401235,0.413576356707,0.160223355728,0.00288392343741,0.0209496761834,3.76114326988e-16
69,B2,0.035521248808,8.15507237347,0.648019933497,0.306016189906,0.290869219166,34.2928349632,1.42801771295,0.0247915414755,0.216731402442,1.75812172276,50,2077,ok,False,True,0.25419413777,0.778619461044,3.94589031245,0.439005383348,0,0.00220869109174,0.0235657471899,6.93005935853e-16
69,B5,0.035521248808,8.15507237347,0.648019933497,0.306016189906,0.290869219166,34.2928349632,1.42801771295,0.0247915414755,0.216731402442,1.75812172276,50,2077,ok,False,True,0.251534859571,0.618523154005,3.94589031245,0.435540977197,0.293706697958,0.00227682696943,0.02200892637,6.93005935853e-16
69,B6,0.035521248808,8.15507237347,0.648019933497,0.306016189906,0.290869219166,34.2928349632,1.42801771295,0.0247915414755,0.216731402442,1.75812172276,50,2077,ok,False,True,0.250250652228,0.624678039234,3.94589031245,0.425692036952,0.293706697958,0.00241343313968,0.0220536212392,4.21923733389e-16
70,B2,0.043716256377,8.02022522335,0.763579240141,0.2881577997,0.104769589191,34.7173817521,0.673927220287,0.011514847198,0.140345167212,1.53323450336,50,2077,ok,False,True,0.219343997133,0.779601334744,2.09274891226,0.410440002692,0,0.00270824124631,0.0211851580508,4.4617278014e-16
70,B5,0.043716256377,8.02022522335,0.763579240141,0.2881577997,0.104769589191,34.7173817521,0.673927220287,0.011514847198,0.140345167212,1.53323450336,50,2077,ok,False,True,0.197977909494,0.628686971075,2.09274891226,0.388516877916,0.262150200387,0.00433718520899,0.0210565048042,4.4617278014e-16
70,B6,0.043716256377,8.02022522335,0.763579240141,0.2881577997,0.104769589191,34.7173817521,0.673927220287,0.011514847198,0.140345167212,1.53323450336,50,2077,ok,False,True,0.194631784515,0.634660904072,2.09274891226,0.372239994416,0.262150200387,0.00458605838492,0.0210438457818,4.35388867295e-16
71,B2,0.00845550104924,5.04951728312,0.395563622565,0.314340223173,0.266993901434,13.7004540269,0.971279012295,0.0353026419638,0.0292652902542,1.50166516055,50,2077,ok,False,True,0.265909450733,0.799802021195,6.56525915309,0.45884599994,0,0.00212766099092,0.0226506065933,5.50146317471e-16
71,B5,0.00845550104924,5.04951728312,0.395563622565,0.314340223173,0.266993901434,13.7004540269,0.971279012295,0.0353026419638,0.0292652902542,1.50166516055,50,2077,ok,False,True,0.225131791667,0.676065387311,6.56525915309,0.417585538136,0.190216145261,0.00302971008454,0.022053722283,5.11114967564e-16
71,B6,0.00845550104924,5.04951728312,0.395563622565,0.314340223173,0.266993901434,13.7004540269,0.971279012295,0.0353026419638,0.0292652902542,1.50166516055,50,2077,ok,False,True,0.223643109244,0.678807807537,6.56525915309,0.411290298172,0.190216145261,0.00309481823287,0.0220862193438,5.48957882817e-16
72,B2,0.0256154449193,1.22117458219,0.451288176024,0.21445408514,0.154287236644,25.7778335624,1.44376211339,0.0586838517957,0.19779461473,0.998663582089,50,2077,ok,False,True,0.148670048723,0.805615185188,12.639722048,0.337207300299,0,0.00249542367335,0.0218006592569,3.79804235226e-16
72,B5,0.0256154449193,1.22117458219,0.451288176024,0.21445408514,0.154287236644,25.7778335624,1.44376211339,0.0586838517957,0.19779461473,0.998663582089,50,2077,ok,False,True,0.149848269477,0.635247503561,12.165731584,0.338376854963,0.303407264514,0.00247424017817,0.0214262081176,3.45814997247e-16
72,B6,0.0256154449193,1.22117458219,0.451288176024,0.21445408514,0.154287236644,25.7778335624,1.44376211339,0.0586838517957,0.19779461473,0.998663582089,50,2077,ok,False,True,0.148375775177,0.635400270512,12.1657275294,0.327619628686,0.303407264514,0.00252278322726,0.0214276729878,3.5607560268e-16
73,B2,0.0360413506342,1.69685499565,0.432258952146,0.213245359604,0.180999546324,28.8195743201,0.826455548885,0.0267614444298,0.246514994562,1.8354257319,50,2077,ok,False,True,0.148432005968,0.814175035449,4.34878647167,0.342208792432,0,0.002463041048,0.0220035526034,4.13402364912e-16
73,B5,0.0360413506342,1.69685499565,0.432258952146,0.213245359604,0.180999546324,28.8195743201,0.826455548885,0.0267614444298,0.246514994562,1.8354257319,50,2077,ok,False,True,0.147737953131,0.616713660636,4.34878647167,0.339917251532,0.362971062997,0.00250609215002,0.0214204471544,4.13402364912e-16
73,B6,0.0360413506342,1.69685499565,0.432258952146,0.213245359604,0.180999546324,28.8195743201,0.826455548885,0.0267614444298,0.246514994562,1.8354257319,50,2077,ok,False,True,0.146349676342,0.616902303128,4.34878647167,0.329289678687,0.362971062997,0.00255192842362,0.0214213139056,4.41624779627e-16
74,B2,0.0398595975966,7.20910434711,0.745867482278,0.360317750561,0.187487441809,17.2760482005,0.556563010048,0.0130048165306,0.121356919478,0.0242456499419,50,2077,ok,False,True,0.317744414427,0.7684079637,2.21087629337,0.507868740971,0,0.00204648903948,0.0225278359002,4.38375925235e-16
74,B5,0.0398595975966,7.20910434711,0.745867482278,0.360317750561,0.187487441809,17.2760482005,0.556563010048,0.0130048165306,0.121356919478,0.0242456499419,50,2077,ok,False,True,0.315634093165,0.448983793192,2.21087629337,0.506317755609,0.562724383595,0.00221535555761,0.0225321004094,4.79425205386e-16
74,B6,0.0398595975966,7.20910434711,0.745867482278,0.360317750561,0.187487441809,17.2760482005,0.556563010048,0.0130048165306,0.121356919478,0.0242456499419,50,2077,ok,False,True,0.313976753458,0.452192041307,2.21087629337,0.495040404487,0.562724383595,0.00248556125304,0.0225430370865,4.78091215829e-16
75,B2,0.0490544184063,1.55426476963,0.532569205832,0.186901336305,0.100575930011,29.6912816093,1.10841474055,0.025889034848,0.0371473215295,1.84748239875,50,2077,ok,False,True,0.105087391334,0.809837516554,4.21349319162,0.294328453842,0,0.00295587974984,0.0212627895918,4.66791311144e-16
75,B5,0.0490544184063,1.55426476963,0.532569205832,0.186901336305,0.100575930011,29.6912816093,1.10841474055,0.025889034848,0.0371473215295,1.84748239875,50,2077,ok,True,True,0,0.587469729453,4.21349319162,0.186807253882,0.374027554909,0.00533073734261,0.0209688225151,3.40669636507e-16
75,B6,0.0490544184063,1.55426476963,0.532569205832,0.186901336305,0.100575930011,29.6912816093,1.10841474055,0.025889034848,0.0371473215295,1.84748239875,50,2077,ok,True,True,0,0.586080450121,4.21349319162,0.173164210381,0.374027554909,0.0051699704308,0.0209704501863,4.33725451164e-16
76,B2,0.0156922808839,9.38882264611,0.538990531568,0.266371261453,0.28491210924,19.5667892345,0.591596981859,0.0260403937961,0.128824384883,0.217512719161,50,2077,ok,False,True,0.210564001135,0.797670680399,4.18903353505,0.399721720735,0,0.00226614107572,0.0229240962515,5.8030688712e-16
76,B5,0.0156922808839,9.38882264611,0.538990531568,0.266371261453,0.28491210924,19.5667892345,0.591596981859,0.0260403937961,0.128824384883,0.217512719161,50,2077,ok,False,True,0.187463923453,0.634596371064,4.18903353505,0.376882780314,0.277877729909,0.00407853312416,0.0225950563806,5.31179600327e-16
76,B6,0.0156922808839,9.38882264611,0.538990531568,0.266371261453,0.28491210924,19.5667892345,0.591596981859,0.0260403937961,0.128824384883,0.217512719161,50,2077,ok,False,True,0.186250572291,0.639000283018,4.18903353505,0.370522261112,0.277877729909,0.00414053196943,0.0226229688681,4.05707933744e-16
77,B2,0.0107702905685,7.62947281716,0.936309652556,0.153766821136,0.270903662289,38.4221455369,1.52422465181,0.0535422904728,0.12524295509,1.58983076457,50,2077,ok,False,True,0.0668681727821,0.781868757518,11.2040758565,0.19903218859,0,0.00309636896662,0.0217674793877,4.76648995548e-16
77,B5,0.0107702905685,7.62947281716,0.936309652556,0.153766821136,0.270903662289,38.4221455369,1.52422465181,0.0535422904728,0.12524295509,1.58983076457,50,2077,ok,False,True,0.0491051944077,0.74849723291,11.0082543137,0.181540295614,0.0700930672819,0.00432497382826,0.0213840853804,4.76648995548e-16
77,B6,0.0107702905685,7.62947281716,0.936309652556,0.153766821136,0.270903662289,38.4221455369,1.52422465181,0.0535422904728,0.12524295509,1.58983076457,50,2077,ok,False,True,0.0476931079316,0.753982399177,11.0082789429,0.173527611207,0.0700930672819,0.00438711192774,0.0211266967943,5.00132380409e-16
78,B2,0.0225941980068,1.3838446698,0.523209929435,0.194251224363,0.25204417681,20.9955604113,0.48769793835,0.0526801381557,0.16794075894,0.518728190729,50,2077,ok,False,True,0.12871884621,0.812669619899,4.22823282679,0.320806327509,0,0.00247044839807,0.0227446322997,3.93522422612e-16
78,B5,0.0225941980068,1.3838446698,0.523209929435,0.194251224363,0.25204417681,20.9955604113,0.48769793835,0.0526801381557,0.16794075894,0.518728190729,50,2077,ok,False,True,0.131003582192,0.608104292962,4.15044915093,0.323380006498,0.353504435287,0.00241221735408,0.022142533353,4.98729613232e-16
78,B6,0.0225941980068,1.3838446698,0.523209929435,0.194251224363,0.25204417681,20.9955604113,0.48769793835,0.0526801381557,0.16794075894,0.518728190729,50,2077,ok,False,True,0.129269646456,0.608077210041,4.1504513751,0.310362736896,0.353504435287,0.00247197965603,0.022154388676,4.02506671915e-16
79,B2,0.0408570300967,4.42849505658,0.898526226069,0.38563784295,0.142008979491,36.1413464238,1.24128050077,0.0507349899774,0.0358085523947,1.30004938021,50,2077,ok,False,True,0.330874394374,0.71233793374,7.66802386387,0.48217149788,0,0.00243440527902,0.0213034081354,6.43551746596e-16
79,B5,0.0408570300967,4.42849505658,0.898526226069,0.38563784295,0.142008979491,36.1413464238,1.24128050077,0.0507349899774,0.0358085523947,1.30004938021,50,2077,ok,False,True,0.271273621142,0.583650745934,7.31755387086,0.421463657083,0.245635070974,0.00428501668846,0.020901934841,6.43551746596e-16
79,B6,0.0408570300967,4.42849505658,0.898526226069,0.38563784295,0.142008979491,36.1413464238,1.24128050077,0.0507349899774,0.0358085523947,1.30004938021,50,2077,ok,False,True,0.265852907766,0.589564283507,7.31755387086,0.402417976062,0.245635070974,0.00491478410515,0.0209280024976,4.43613844305e-16
80,B2,0.0251343266805,3.00118328963,0.443738712964,0.174312690686,0.0962827265704,11.9178147596,0.893643366165,0.0571362948951,0.162283710715,1.41862159981,50,2077,ok,False,True,0.102335244174,0.818737583852,6.75669982822,0.295549802313,0,0.00263699640192,0.0215802442511,4.75665183549e-16
80,B5,0.0251343266805,3.00118328963,0.443738712964,0.174312690686,0.0962827265704,11.9178147596,0.893643366165,0.0571362948951,0.162283710715,1.41862159981,50,2077,ok,False,True,0.0970322714234,0.598489805427,6.39083156883,0.290256020129,0.377959222154,0.00322975891978,0.0213137332386,3.23371375073e-16
80,B6,0.0251343266805,3.00118328963,0.443738712964,0.174312690686,0.0962827265704,11.9178147596,0.893643366165,0.0571362948951,0.162283710715,1.41862159981,50,2077,ok,False,True,0.0955530018361,0.598689696637,6.39082671471,0.28031225253,0.377959222154,0.00328698948126,0.0213305418715,3.10549765877e-16
81,B2,0.0214250378005,1.48138146533,0.668590501671,0.195799205242,0.280743762777,27.6232339002,0.456513165176,0.0574415824558,0.234047789104,0.116513095222,50,2077,ok,False,True,0.129102402353,0.802138613376,3.95449876035,0.31358991986,0,0.00251102065788,0.0230531371748,5.51394270851e-16
81,B5,0.0214250378005,1.48138146533,0.668590501671,0.195799205242,0.280743762777,27.6232339002,0.456513165176,0.0574415824558,0.234047789104,0.116513095222,50,2077,ok,False,True,0.131591495994,0.660534555734,3.94109250846,0.316446367345,0.270087627794,0.00242860782095,0.0228540059044,5.51394270851e-16
81,B6,0.0214250378005,1.48138146533,0.668590501671,0.195799205242,0.280743762777,27.6232339002,0.456513165176,0.0574415824558,0.234047789104,0.116513095222,50,2077,ok,False,True,0.129154804041,0.660795449539,3.94109443058,0.298447700953,0.270087627794,0.00252955488845,0.022869584641,4.46748443047e-16
82,B2,0.041026890042,9.7134660458,0.329425786527,0.205086847507,0.226975602811,19.8101870038,0.444999681179,0.0387317595426,0.193880833156,0.294834196365,50,2077,ok,False,True,0.142497718848,0.825298881159,4.02019652796,0.343506865702,0,0.00238723559181,0.0225534169759,4.13155276364e-16
82,B5,0.041026890042,9.7134660458,0.329425786527,0.205086847507,0.226975602811,19.8101870038,0.444999681179,0.0387317595426,0.193880833156,0.294834196365,50,2077,ok,False,True,0.151324928001,0.515579751229,3.94372251994,0.352608619973,0.553850818417,0.00190492578955,0.022009043127,4.01270601665e-16
82,B6,0.041026890042,9.7134660458,0.329425786527,0.205086847507,0.226975602811,19.8101870038,0.444999681179,0.0387317595426,0.193880833156,0.294834196365,50,2077,ok,False,True,0.150935169777,0.516434779734,3.94360660518,0.349325151422,0.553850818417,0.00191608187089,0.0220156569149,3.49460414047e-16
83,B2,0.024192526611,6.02668368781,0.686395174865,0.165318180434,0.282681338583,20.1987961024,0.366321748547,0.0134674721958,0.111624208571,1.66717627147,50,2077,ok,False,True,0.095408426838,0.813750127402,2.26143385506,0.285312844555,0,0.00257592275021,0.022702808285,5.19280877207e-16
83,B5,0.024192526611,6.02668368781,0.686395174865,0.165318180434,0.282681338583,20.1987961024,0.366321748547,0.0134674721958,0.111624208571,1.66717627147,50,2077,ok,False,True,0.00485503631415,0.599208074272,2.26143385506,0.193451940678,0.386076799936,0.0104386323622,0.0212891590726,4.58452627753e-16
83,B6,0.024192526611,6.02668368781,0.686395174865,0.165318180434,0.282681338583,20.1987961024,0.366321748547,0.0134674721958,0.111624208571,1.66717627147,50,2077,ok,False,True,0.000100961754231,0.598681473705,2.26143385506,0.175254909044,0.386076799936,0.0107429808214,0.020917129269,4.82549109882e-16
84,B2,0.00693383708089,8.27994993527,0.671835916595,0.246322482049,0.100681212437,10.624003872,0.594721610067,0.0405301087411,0.101862355292,1.37644861879,50,2077,ok,False,True,0.184481632148,0.790909736552,4.76217733799,0.369345616285,0,0.00241253784457,0.0214870176364,4.60619559363e-16
84,B5,0.00693383708089,8.27994993527,0.671835916595,0.246322482049,0.100681212437,10.624003872,0.594721610067,0.0405301087411,0.101862355292,1.37644861879,50,2077,ok,False,True,0.159216290331,0.715504321398,4.69358045271,0.343577738116,0.130549437121,0.00400473350844,0.0210980175612,4.82132991268e-16
84,B6,0.00693383708089,8.27994993527,0.671835916595,0.246322482049,0.100681212437,10.624003872,0.594721610067,0.0405301087411,0.101862355292,1.37644861879,50,2077,ok,False,True,0.157179326585,0.721895202679,4.69358578062,0.333121247648,0.130549437121,0.00412216901557,0.0211994567353,6.3216855842e-16
85,B2,0.0287451175229,4.50179618571,0.849684789278,0.261710183392,0.0856469662761,30.7590560004,1.31664116877,0.0211325335992,0.0885705291735,1.97532436577,50,2077,ok,False,True,0.185115350466,0.773426129048,3.35927064605,0.364225107347,0,0.00291064561325,0.0211734934876,4.49189908536e-16
85,B5,0.0287451175229,4.50179618571,0.849684789278,0.261710183392,0.0856469662761,30.7590560004,1.31664116877,0.0211325335992,0.0885705291735,1.97532436577,50,2077,ok,False,True,0.132716641141,0.656057189616,3.35927064605,0.309347639176,0.211546707185,0.00609461467245,0.0209829597375,4.37550024632e-16
85,B6,0.0287451175229,4.50179618571,0.849684789278,0.261710183392,0.0856469662761,30.7590560004,1.31664116877,0.0211325335992,0.0885705291735,1.97532436577,50,2077,ok,False,True,0.126830351572,0.659693505555,3.35927064605,0.286049526127,0.211546707185,0.00644707623985,0.0210047576453,5.14930248733e-16
86,B2,0.0312884577328,4.89390142401,0.732357033104,0.285898897655,0.286825523086,15.6005397444,1.26502184624,0.0191788613431,0.242244922629,1.6225166027,50,2077,ok,False,True,0.232187046431,0.782337040635,2.99506061207,0.417288346704,0,0.00223502947684,0.0233215845301,4.68281319271e-16
86,B5,0.0312884577328,4.89390142401,0.732357033104,0.285898897655,0.286825523086,15.6005397444,1.26502184624,0.0191788613431,0.242244922629,1.6225166027,50,2077,ok,False,True,0.236253074513,0.519040874787,2.99506061207,0.419745394781,0.520205165557,0.00190565043364,0.0220336008674,5.62156548767e-16
86,B6,0.0312884577328,4.89390142401,0.732357033104,0.285898897655,0.286825523086,15.6005397444,1.26502184624,0.0191788613431,0.242244922629,1.6225166027,50,2077,ok,False,True,0.234593526442,0.520981081595,2.99506061207,0.405434338147,0.520205165557,0.00210466205235,0.0221308664204,6.09122640184e-16
87,B2,0.0151786706519,4.69040630975,0.911302835536,0.346517704718,0.124463928135,24.8748796988,0.61971201305,0.0138666089331,0.200170782824,0.737793694829,50,2077,ok,False,True,0.297878237361,0.756189342592,2.31741848503,0.481731290283,0,0.00216790461992,0.0218354767243,7.11157477232e-16
87,B5,0.0151786706519,4.69040630975,0.911302835536,0.346517704718,0.124463928135,24.8748796988,0.61971201305,0.0138666089331,0.200170782824,0.737793694829,50,2077,ok,False,True,0.297779960821,0.654940612894,2.31741848503,0.481440268308,0.188361895074,0.00214633547566,0.0214027809978,7.36855267039e-16
87,B6,0.0151786706519,4.69040630975,0.911302835536,0.346517704718,0.124463928135,24.8748796988,0.61971201305,0.0138666089331,0.200170782824,0.737793694829,50,2077,ok,False,True,0.294956452855,0.661362534749,2.31741848503,0.462069528429,0.188361895074,0.00262626318122,0.0214225109837,6.72479995384e-16
88,B2,0.0168943106097,1.17657263669,0.71989717501,0.209972271544,0.12518063992,26.6453495956,1.55362985676,0.0538182374759,0.059813337984,1.26805413443,50,2077,ok,False,True,0.136568367893,0.784106093965,13.3770341819,0.304538659884,0,0.00272691092073,0.0215029566571,4.33978658638e-16
88,B5,0.0168943106097,1.17657263669,0.71989717501,0.209972271544,0.12518063992,26.6453495956,1.55362985676,0.0538182374759,0.059813337984,1.26805413443,50,2077,ok,False,True,0.0821598192838,0.680786153654,12.9943043806,0.249503173484,0.191956394763,0.00528797755052,0.021239219553,5.72138060739e-16
88,B6,0.0168943106097,1.17657263669,0.71989717501,0.209972271544,0.12518063992,26.6453495956,1.55362985676,0.0538182374759,0.059813337984,1.26805413443,50,2077,ok,False,True,0.0766911193958,0.681157876818,12.9942929732,0.226054841502,0.191956394763,0.00553949263681,0.021238441009,5.81948481922e-16
89,B2,0.0373057538081,3.96060214786,0.635820636365,0.179485871441,0.133510342733,14.6589502001,0.479141781395,0.0213315203113,0.235034051181,1.05619318862,50,2077,ok,False,True,0.10985285531,0.810303557687,3.33194162789,0.296446414159,0,0.00258084574108,0.0217901753046,4.30561346825e-16
89,B5,0.0373057538081,3.96060214786,0.635820636365,0.179485871441,0.133510342733,14.6589502001,0.479141781395,0.0213315203113,0.235034051181,1.05619318862,50,2077,ok,False,True,0.118476403404,0.539877151109,3.33194162789,0.304351085337,0.533558782859,0.00204743503776,0.0212025747936,3.98907576856e-16
89,B6,0.0373057538081,3.96060214786,0.635820636365,0.179485871441,0.133510342733,14.6589502001,0.479141781395,0.0213315203113,0.235034051181,1.05619318862,50,2077,ok,False,True,0.116864355861,0.539858182795,3.33194162789,0.290718706839,0.533558782859,0.00209783441789,0.0212611655921,3.72266958963e-16
90,B2,0.0113634668681,9.886412247,0.554354500141,0.272689063809,0.294618475604,10.1354778765,0.764131885469,0.0279706523358,0.226028087809,1.80174380913,50,2077,ok,False,True,0.217496603554,0.794776836881,4.6017069959,0.404882286256,0,0.0022581581429,0.022878495455,4.36332309824e-16
90,B5,0.0113634668681,9.886412247,0.554354500141,0.272689063809,0.294618475604,10.1354778765,0.764131885469,0.0279706523358,0.226028087809,1.80174380913,50,2077,ok,False,True,0.218020444434,0.647803376143,4.6017069959,0.404916556131,0.270152034912,0.00222700603632,0.0218144173713,5.13697217283e-16
90,B6,0.0113634668681,9.886412247,0.554354500141,0.272689063809,0.294618475604,10.1354778765,0.764131885469,0.0279706523358,0.226028087809,1.80174380913,50,2077,ok,False,True,0.217299056366,0.653709448493,4.6017069959,0.399491201411,0.270152034912,0.00227275672599,0.0219691777305,5.96715384436e-16
91,B2,0.0273972895683,3.39286663434,0.926060865177,0.155963150552,0.239636449231,31.2934204636,0.421768982577,0.0565215561837,0.191547566882,1.34621039364,50,2077,ok,False,True,0.0800639215151,0.798763469803,3.69927017704,0.250145318903,0,0.0027557096634,0.0217843429138,6.06086175156e-16
91,B5,0.0273972895683,3.39286663434,0.926060865177,0.155963150552,0.239636449231,31.2934204636,0.421768982577,0.0565215561837,0.191547566882,1.34621039364,50,2077,ok,False,True,0.0812810529296,0.656059824852,3.54110796329,0.252331991427,0.27172848854,0.00271691465926,0.0207917046098,6.06086175156e-16
91,B6,0.0273972895683,3.39286663434,0.926060865177,0.155963150552,0.239636449231,31.2934204636,0.421768982577,0.0565215561837,0.191547566882,1.34621039364,50,2077,ok,False,True,0.0778611900523,0.656262211964,3.54110936485,0.226761914442,0.27172848854,0.00285166197282,0.0208088562892,4.8515882825e-16
92,B2,0.048879242053,2.66342325395,0.958921807053,0.16270760178,0.155804806492,27.8477007221,0.401134103389,0.0154572336805,0.0263504095043,0.604599194413,50,2077,ok,False,True,0.0865662400909,0.800317679632,2.5028736974,0.264565264869,0,0.00276007587232,0.0214901037633,5.01961014291e-16
92,B5,0.048879242053,2.66342325395,0.958921807053,0.16270760178,0.155804806492,27.8477007221,0.401134103389,0.0154572336805,0.0263504095043,0.604599194413,50,2077,ok,True,True,0,0.537782768749,2.5028736974,0.177710900588,0.459581579549,0.00328211695408,0.0216743138797,5.28620478808e-16
92,B6,0.048879242053,2.66342325395,0.958921807053,0.16270760178,0.155804806492,27.8477007221,0.401134103389,0.0154572336805,0.0263504095043,0.604599194413,50,2077,ok,True,True,0,0.533900140368,2.5028736974,0.153370429655,0.459581579549,0.00318588200118,0.0216815107376,5.18944425947e-16
93,B2,0.00512199725628,7.93273484895,0.978700896453,0.303562009275,0.219536724188,30.5810867665,0.664098689998,0.051831074536,0.107891930637,1.7750635407,50,2077,ok,False,True,0.248002164036,0.748266957514,4.89604246973,0.414486298112,0,0.0023190878833,0.0221264758961,6.31997017983e-16
93,B5,0.00512199725628,7.93273484895,0.978700896453,0.303562009275,0.219536724188,30.5810867665,0.664098689998,0.051831074536,0.107891930637,1.7750635407,50,2077,ok,False,True,0.238154550581,0.716582192913,4.8416701706,0.404823797589,0.0595083939288,0.00294873184151,0.0216709793029,6.31997017983e-16
93,B6,0.00512199725628,7.93273484895,0.978700896453,0.303562009275,0.219536724188,30.5810867665,0.664098689998,0.051831074536,0.107891930637,1.7750635407,50,2077,ok,False,True,0.235768362153,0.728623461234,4.84173282579,0.390287928948,0.0595083939288,0.00329556200815,0.0217107864963,5.99311857817e-16
94,B2,0.0494074114629,6.47407317769,0.916978277193,0.30709211369,0.182182203078,27.5163253766,0.744520716007,0.0465919988856,0.218190455885,0.686968998673,50,2077,ok,False,True,0.25241523822,0.751895178817,5.47035732853,0.4224417012,0,0.00229516967473,0.0218511758181,5.39633223199e-16
94,B5,0.0494074114629,6.47407317769,0.916978277193,0.30709211369,0.182182203078,27.5163253766,0.744520716007,0.0465919988856,0.218190455885,0.686968998673,50,2077,ok,False,True,0.257653015,0.517481613358,5.22370825719,0.428461652831,0.483681572316,0.00191050681725,0.0213448318857,5.37903068311e-16
94,B6,0.0494074114629,6.47407317769,0.916978277193,0.30709211369,0.182182203078,27.5163253766,0.744520716007,0.0465919988856,0.218190455885,0.686968998673,50,2077,ok,False,True,0.25580548228,0.521093939475,5.22378226553,0.413202803366,0.483681572316,0.00223324096675,0.0213668691649,4.59832253677e-16
95,B2,0.0345577902299,4.26844908878,0.656532790396,0.235010104934,0.276514813265,23.5543860091,0.541527448372,0.0102157268556,0.241281652354,1.23851374708,50,2077,ok,False,True,0.175526407643,0.802882815542,1.925841734,0.3694984014,0,0.00233167539542,0.0229866261476,4.7032109672e-16
95,B5,0.0345577902299,4.26844908878,0.656532790396,0.235010104934,0.276514813265,23.5543860091,0.541527448372,0.0102157268556,0.241281652354,1.23851374708,50,2077,ok,False,True,0.179394477703,0.564077849033,1.925841734,0.372563263782,0.454789415247,0.00207556046562,0.0222506900809,4.37518728687e-16
95,B6,0.0345577902299,4.26844908878,0.656532790396,0.235010104934,0.276514813265,23.5543860091,0.541527448372,0.0102157268556,0.241281652354,1.23851374708,50,2077,ok,False,True,0.177596634887,0.56516386364,1.925841734,0.35772714624,0.454789415247,0.00217577987726,0.0222710296264,5.2148770151e-16
96,B2,0.0147233783521,6.65308692031,0.332006858821,0.197090845097,0.273373477492,35.3004585898,0.729873861707,0.0243190962516,0.0567258370241,0.840811771799,50,2077,ok,False,True,0.131253910241,0.824065540192,3.85906634692,0.330649889863,0,0.00247654496002,0.0228346015566,4.53563982266e-16
96,B5,0.0147233783521,6.65308692031,0.332006858821,0.197090845097,0.273373477492,35.3004585898,0.729873861707,0.0243190962516,0.0567258370241,0.840811771799,50,2077,ok,False,True,0.102833065151,0.744667862497,3.85906634692,0.302146142846,0.124164276322,0.00358710372287,0.0223553169289,4.76240780314e-16
96,B6,0.0147233783521,6.65308692031,0.332006858821,0.197090845097,0.273373477492,35.3004585898,0.729873861707,0.0243190962516,0.0567258370241,0.840811771799,50,2077,ok,False,True,0.101768786372,0.746889081507,3.85906634692,0.296651938271,0.124164276322,0.00362468095609,0.0223610674813,4.82259872713e-16
97,B2,0.0123208599716,9.78762498446,0.690647685674,0.294851778332,0.0818781701885,18.7818284645,1.21441896229,0.0490186826987,0.106623206156,1.12844417993,50,2077,ok,False,True,0.232770529896,0.768900900365,8.80556710038,0.409056496545,0,0.00248588546689,0.0211317619684,4.63048784705e-16
97,B5,0.0123208599716,9.78762498446,0.690647685674,0.294851778332,0.0818781701885,18.7818284645,1.21441896229,0.0490186826987,0.106623206156,1.12844417993,50,2077,ok,False,True,0.205434311697,0.680957984416,8.65094547441,0.381264313298,0.158055503941,0.00455684408249,0.0209516832192,5.2654293864e-16
97,B6,0.0123208599716,9.78762498446,0.690647685674,0.294851778332,0.0818781701885,18.7818284645,1.21441896229,0.0490186826987,0.106623206156,1.12844417993,50,2077,ok,False,True,0.204015088861,0.690067890295,8.65110447767,0.374728552269,0.158055503941,0.00467868421475,0.0209952186541,5.47258452114e-16
98,B2,0.0304664844769,3.57556188745,0.480939941831,0.296663054303,0.216981724855,38.8446348064,1.59918989464,0.030103248053,0.128983837399,1.42362036804,50,2077,ok,False,True,0.238081565413,0.789603494962,5.14989096581,0.429091520407,0,0.00238485042237,0.0222072833287,3.2974701376e-16
98,B5,0.0304664844769,3.57556188745,0.480939941831,0.296663054303,0.216981724855,38.8446348064,1.59918989464,0.030103248053,0.128983837399,1.42362036804,50,2077,ok,False,True,0.209791194315,0.68959559596,5.14989096581,0.399535219126,0.167451517934,0.00438385947704,0.0214966841938,3.18553789694e-16
98,B6,0.0304664844769,3.57556188745,0.480939941831,0.296663054303,0.216981724855,38.8446348064,1.59918989464,0.030103248053,0.128983837399,1.42362036804,50,2077,ok,False,True,0.207606197675,0.692342404921,5.14989096581,0.389048401985,0.167451517934,0.00450272360248,0.0215051393671,3.95058852429e-16
99,B2,0.019346833854,5.71625326178,0.304539168208,0.254247689927,0.24696520925,28.4581132492,0.866422579981,0.0183389933293,0.109835403251,0.161841546899,50,2077,ok,False,True,0.198559869787,0.823235860683,2.8756227421,0.401609838176,0,0.00223886801633,0.0226909512297,5.47200326347e-16
99,B5,0.019346833854,5.71625326178,0.304539168208,0.254247689927,0.24696520925,28.4581132492,0.866422579981,0.0183389933293,0.109835403251,0.161841546899,50,2077,ok,False,True,0.163980308676,0.676464965699,2.8756227421,0.367039156536,0.233970279069,0.00499275426002,0.0224717185854,4.97053512284e-16
99,B6,0.019346833854,5.71625326178,0.304539168208,0.254247689927,0.24696520925,28.4581132492,0.866422579981,0.0183389933293,0.109835403251,0.161841546899,50,2077,ok,False,True,0.162899396224,0.67792248848,2.8756227421,0.361983767231,0.233970279069,0.00504880975323,0.0225003428199,5.43784979513e-16
100,B2,0.026830962433,4.84915746806,0.320326708186,0.362509633206,0.244633445686,36.9121687243,1.3257527204,0.0141479081255,0.0114128211515,1.10141181906,50,2077,ok,False,True,0.320164476958,0.810691604148,2.34855485193,0.524627697082,0,0.00203619482694,0.0224477822128,5.41195987766e-16
100,B5,0.026830962433,4.84915746806,0.320326708186,0.362509633206,0.244633445686,36.9121687243,1.3257527204,0.0141479081255,0.0114128211515,1.10141181906,50,2077,ok,False,True,0.287610620301,0.681597354002,2.34855485193,0.49196520016,0.183968322135,0.00213142807782,0.0220834593442,5.41195987766e-16
100,B6,0.026830962433,4.84915746806,0.320326708186,0.362509633206,0.244633445686,36.9121687243,1.3257527204,0.0141479081255,0.0114128211515,1.10141181906,50,2077,ok,False,True,0.286330339113,0.683789637447,2.34855485193,0.486506414058,0.183968322135,0.00217945259621,0.0220654358931,4.22166559529e-16
101,B2,0.00674475073212,6.37546643906,0.211803013547,0.39989236153,0.242217521866,18.9814851086,0.53530755094,0.0294095879367,0.187180415689,1.46082667103,50,2077,ok,False,True,0.365755154996,0.81849212471,4.5190003051,0.572683788386,0,0.00193565251885,0.0222958667182,4.30755496439e-16
101,B5,0.00674475073212,6.37546643906,0.211803013547,0.39989236153,0.242217521866,18.9814851086,0.53530755094,0.0294095879367,0.187180415689,1.46082667103,50,2077,ok,False,True,0.364757131109,0.734659048225,4.4473270281,0.571627994076,0.131127059349,0.00182099509826,0.0217751229832,4.42337250289e-16
101,B6,0.00674475073212,6.37546643906,0.211803013547,0.39989236153,0.242217521866,18.9814851086,0.53530755094,0.0294095879367,0.187180415689,1.46082667103,50,2077,ok,False,True,0.364515685852,0.73649042107,4.44734258836,0.569893212207,0.131127059349,0.00182835455168,0.0217884229853,4.29964497103e-16
102,B2,0.0223353384197,2.50952313548,0.840187289511,0.396519153351,0.176131841093,13.7885923405,1.22373248389,0.0478608591384,0.178610457926,1.19554376208,50,2077,ok,False,True,0.35678290659,0.73078217673,10.579043764,0.533109535175,0,0.00205768268315,0.0223868698987,4.70993527888e-16
102,B5,0.0223353384197,2.50952313548,0.840187289511,0.396519153351,0.176131841093,13.7885923405,1.22373248389,0.0478608591384,0.178610457926,1.19554376208,50,2077,ok,False,True,0.357251029206,0.522819419232,10.1566179536,0.533501476157,0.401301861227,0.00191058339988,0.021149966406,6.80645418726e-16
102,B6,0.0223353384197,2.50952313548,0.840187289511,0.396519153351,0.176131841093,13.7885923405,1.22373248389,0.0478608591384,0.178610457926,1.19554376208,50,2077,ok,False,True,0.354994171896,0.525854847929,10.1566179536,0.515779673862,0.401301861227,0.00246118484209,0.0212322043088,6.23687560718e-16
103,B2,0.0338527834555,4.1006097878,0.607487677479,0.365437522192,0.103358757169,26.6302330439,1.07881022916,0.0365100061438,0.152142516482,0.660072375306,50,2077,ok,False,True,0.315988311346,0.760546378549,7.0258992846,0.497062081121,0,0.00222369837785,0.0211194316296,5.10171034048e-16
103,B5,0.0338527834555,4.1006097878,0.607487677479,0.365437522192,0.103358757169,26.6302330439,1.07881022916,0.0365100061438,0.152142516482,0.660072375306,50,2077,ok,False,True,0.31243731098,0.577952604984,7.0258992846,0.493011355459,0.322651769061,0.00248220011781,0.0209038534539,5.10171034048e-16
103,B6,0.0338527834555,4.1006097878,0.607487677479,0.365437522192,0.103358757169,26.6302330439,1.07881022916,0.0365100061438,0.152142516482,0.660072375306,50,2077,ok,False,True,0.310767052516,0.581538048702,7.0258992846,0.482654429531,0.322651769061,0.00268895433593,0.0209196286196,5.50637316716e-16
104,B2,0.0324106313009,6.82008665415,0.777627609506,0.28094731687,0.267598967469,32.4432506582,0.98155959413,0.0589285999732,0.0992103494806,1.86902181397,50,2077,ok,False,True,0.22352465157,0.763745097576,7.01991758038,0.395601807486,0,0.00233990373974,0.0226472144704,4.51988402617e-16
104,B5,0.0324106313009,6.82008665415,0.777627609506,0.28094731687,0.267598967469,32.4432506582,0.98155959413,0.0589285999732,0.0992103494806,1.86902181397,50,2077,ok,False,True,0.134617377921,0.610243718177,6.46824869992,0.306931871163,0.299268986258,0.00879054783722,0.0218364031171,3.88716022165e-16
104,B6,0.0324106313009,6.82008665415,0.777627609506,0.28094731687,0.267598967469,32.4432506582,0.98155959413,0.0589285999732,0.0992103494806,1.86902181397,50,2077,ok,False,True,0.129947133029,0.613761661985,6.46833350644,0.29039760891,0.299268986258,0.0091354478005,0.0218624270974,4.71318281728e-16
105,B2,0.0141999965284,8.79495074207,0.308693063921,0.177050408118,0.212526548725,16.6414286128,0.731831886038,0.0176351272417,0.0221270917408,0.297357969178,50,2077,ok,False,True,0.110816530341,0.831997522106,2.77669250967,0.313551832712,0,0.00246927780744,0.0224127805613,4.02098760303e-16
105,B5,0.0141999965284,8.79495074207,0.308693063921,0.177050408118,0.212526548725,16.6414286128,0.731831886038,0.0176351272417,0.0221270917408,0.297357969178,50,2077,ok,False,True,0.0323886550229,0.65539134734,2.77669250967,0.235135856319,0.268332523765,0.00398469020522,0.0221895870431,3.92246924939e-16
105,B6,0.0141999965284,8.79495074207,0.308693063921,0.177050408118,0.212526548725,16.6414286128,0.731831886038,0.0176351272417,0.0221270917408,0.297357969178,50,2077,ok,False,True,0.0311043732707,0.656129933544,2.77669250967,0.230291078334,0.268332523765,0.00401886953041,0.0221854190668,4.57744906112e-16
106,B2,0.04678926922,5.44985355461,0.421055660943,0.380623725394,0.189663745318,18.2914616668,1.24866471564,0.0498372998666,0.0855384464622,0.444059611866,50,2077,ok,False,True,0.341832077787,0.784176804497,10.9634577556,0.537693344877,0,0.00198941833938,0.0218285332964,4.29928313993e-16
106,B5,0.04678926922,5.44985355461,0.421055660943,0.380623725394,0.189663745318,18.2914616668,1.24866471564,0.0498372998666,0.0855384464622,0.444059611866,50,2077,ok,False,True,0.207791709013,0.429136214366,10.6135536904,0.40330313198,0.608325359784,0.0118888120227,0.0213764909451,6.0887915238e-16
106,B6,0.04678926922,5.44985355461,0.421055660943,0.380623725394,0.189663745318,18.2914616668,1.24866471564,0.0498372998666,0.0855384464622,0.444059611866,50,2077,ok,False,True,0.203850747819,0.430076190151,10.6135787246,0.394386900335,0.608325359784,0.0121937365688,0.0214065112568,4.47827300283e-16
107,B2,0.0414854567822,9.24240395686,0.679934932749,0.29125384259,0.132397745594,14.0420118246,1.05641777566,0.0384277608567,0.0795672880195,1.92631225043,50,2077,ok,False,True,0.235599578727,0.774672416362,7.6411951564,0.409689138034,0,0.00229969652925,0.0216319434725,5.06983958564e-16
107,B5,0.0414854567822,9.24240395686,0.679934932749,0.29125384259,0.132397745594,14.0420118246,1.05641777566,0.0384277608567,0.0795672880195,1.92631225043,50,2077,ok,False,True,0.0370934386045,0.472841473543,7.21556251381,0.217416546213,0.576068538942,0.016001362739,0.0211415936164,5.22400374501e-16
107,B6,0.0414854567822,9.24240395686,0.679934932749,0.29125384259,0.132397745594,14.0420118246,1.05641777566,0.0384277608567,0.0795672880195,1.92631225043,50,2077,ok,False,True,0.0313442408051,0.471308080412,7.2155414608,0.203452867731,0.576068538942,0.0163942333635,0.0212261746821,6.12393376006e-16
108,B2,0.0124592911454,4.07828767164,0.264950097248,0.380332198192,0.128484466585,22.9107653878,1.13992783917,0.0522795129689,0.141036948325,0.41498715784,50,2077,ok,False,True,0.340776574705,0.805770394918,8.79308939851,0.542676123623,0,0.00200258387818,0.0213715465558,3.71264531014e-16
108,B5,0.0124592911454,4.07828767164,0.264950097248,0.380332198192,0.128484466585,22.9107653878,1.13992783917,0.0522795129689,0.141036948325,0.41498715784,50,2077,ok,False,True,0.32489427935,0.695752955665,8.72874664426,0.526803505409,0.172834116871,0.0032324628929,0.02115665952,4.15127667134e-16
108,B6,0.0124592911454,4.07828767164,0.264950097248,0.380332198192,0.128484466585,22.9107653878,1.13992783917,0.0522795129689,0.141036948325,0.41498715784,50,2077,ok,False,True,0.32424244198,0.697491688688,8.72876455077,0.523571110013,0.172834116871,0.00326480752736,0.0211673946728,4.41549963227e-16
109,B2,0.0176698242846,6.71816229951,0.87507074942,0.276918979178,0.239881473503,25.1100845703,1.11402805749,0.0396307157227,0.229421152288,1.7326910739,50,2077,ok,False,True,0.217698987409,0.761778672901,8.09018717366,0.378381176274,0,0.00239308966331,0.0223810299635,5.5384014308e-16
109,B5,0.0176698242846,6.71816229951,0.87507074942,0.276918979178,0.239881473503,25.1100845703,1.11402805749,0.0396307157227,0.229421152288,1.7326910739,50,2077,ok,False,True,0.217304607886,0.635380028363,8.09018717366,0.376308340781,0.248704533058,0.00239244162584,0.0217658520407,5.5384014308e-16
109,B6,0.0176698242846,6.71816229951,0.87507074942,0.276918979178,0.239881473503,25.1100845703,1.11402805749,0.0396307157227,0.229421152288,1.7326910739,50,2077,ok,False,True,0.215634430607,0.641484009581,8.09018717366,0.363753612808,0.248704533058,0.00260381247254,0.0217876824447,5.37000454276e-16
110,B2,0.0315718905214,4.51724895685,0.341651327618,0.2001335238,0.146093640812,21.8267555715,0.911909834528,0.0155177222299,0.228022228437,0.0486901865901,50,2077,ok,False,True,0.135355248002,0.827373336323,2.50639175404,0.337670261776,0,0.00244496698236,0.0217118198527,3.86905311923e-16
110,B5,0.0315718905214,4.51724895685,0.341651327618,0.2001335238,0.146093640812,21.8267555715,0.911909834528,0.0155177222299,0.228022228437,0.0486901865901,50,2077,ok,False,True,0.14189668443,0.60318834297,2.50639175404,0.344422962634,0.406485026495,0.00208929519183,0.0216708042621,4.4406850237e-16
110,B6,0.0315718905214,4.51724895685,0.341651327618,0.2001335238,0.146093640812,21.8267555715,0.911909834528,0.0155177222299,0.228022228437,0.0486901865901,50,2077,ok,False,True,0.141143258159,0.603836289185,2.50639175404,0.338617614577,0.406485026495,0.00211188504736,0.0216904239108,4.83108740446e-16
111,B2,0.0154694412499,6.87511123348,0.276279792781,0.332557134677,0.170465400061,25.9947893539,1.39596738625,0.0398118780782,0.0805262424353,0.566438219909,50,2077,ok,False,True,0.286407075996,0.809897092581,8.17350455079,0.485117818064,0,0.00208585144717,0.0218668304466,4.7452622089e-16
111,B5,0.0154694412499,6.87511123348,0.276279792781,0.332557134677,0.170465400061,25.9947893539,1.39596738625,0.0398118780782,0.0805262424353,0.566438219909,50,2077,ok,False,True,0.250829278728,0.681237557338,8.17350455079,0.449341382954,0.200117934974,0.00410485734708,0.0213874741249,4.94517659201e-16
111,B6,0.0154694412499,6.87511123348,0.276279792781,0.332557134677,0.170465400061,25.9947893539,1.39596738625,0.0398118780782,0.0805262424353,0.566438219909,50,2077,ok,False,True,0.250180089574,0.68372693178,8.17350455079,0.446630865984,0.200117934974,0.00413386125302,0.0214019949846,5.59154683414e-16
112,B2,0.0301165915693,6.22413952823,0.654042658415,0.329006802211,0.253876291014,15.8665914272,0.393958207702,0.0403537845885,0.0825144731829,0.924187168198,50,2077,ok,False,True,0.281935421916,0.776911232046,3.82229850301,0.470634111656,0,0.00211745782794,0.0224307967087,4.79971524162e-16
112,B5,0.0301165915693,6.22413952823,0.654042658415,0.329006802211,0.253876291014,15.8665914272,0.393958207702,0.0403537845885,0.0825144731829,0.924187168198,50,2077,ok,False,True,0.152358833082,0.498556054698,3.64295912556,0.340270190267,0.499161336849,0.0116053023537,0.0217337753485,4.84925383057e-16
112,B6,0.0301165915693,6.22413952823,0.654042658415,0.329006802211,0.253876291014,15.8665914272,0.393958207702,0.0403537845885,0.0825144731829,0.924187168198,50,2077,ok,False,True,0.146318985096,0.500122814115,3.64300476699,0.324425706117,0.499161336849,0.0120724757623,0.0217818373532,5.22549733442e-16
113,B2,0.0221724805787,6.60850237629,0.226391081964,0.394538440906,0.110532944232,24.3012504181,0.469661193246,0.0499111260984,0.0020880888999,0.79273903837,50,2077,ok,False,True,0.356186775523,0.815241453515,3.88723364264,0.56161774664,0,0.00200879479405,0.0212085385171,5.11400159091e-16
113,B5,0.0221724805787,6.60850237629,0.226391081964,0.394538440906,0.110532944232,24.3012504181,0.469661193246,0.0499111260984,0.0020880888999,0.79273903837,50,2077,ok,False,True,0.316067205588,0.632122888938,3.80726682951,0.521492061664,0.256491114216,0.002060949368,0.0209861348294,6.24568229487e-16
113,B6,0.0221724805787,6.60850237629,0.226391081964,0.394538440906,0.110532944232,24.3012504181,0.469661193246,0.0499111260984,0.0020880888999,0.79273903837,50,2077,ok,False,True,0.315410613727,0.6337576585,3.80728352811,0.519176054897,0.256491114216,0.00207196637788,0.0209928683184,3.82381538043e-16
114,B2,0.0189253279858,1.77592921773,0.568133947056,0.16811366146,0.091126064791,10.4657582807,0.878452629597,0.0414261451346,0.020534122495,1.44365619643,50,2077,ok,False,True,0.0936338593256,0.812094398806,6.60686784831,0.280536497624,0,0.00270836706809,0.0215264545487,4.35022915616e-16
114,B5,0.0189253279858,1.77592921773,0.568133947056,0.16811366146,0.091126064791,10.4657582807,0.878452629597,0.0414261451346,0.020534122495,1.44365619643,50,2077,ok,True,True,0,0.632809207156,6.33581591336,0.186527919034,0.301317104388,0.00433123476826,0.0209262605769,4.19843386097e-16
114,B6,0.0189253279858,1.77592921773,0.568133947056,0.16811366146,0.091126064791,10.4657582807,0.878452629597,0.0414261451346,0.020534122495,1.44365619643,50,2077,ok,True,True,0,0.631724069757,6.33581437504,0.172699780107,0.301317104388,0.00410759737519,0.0207287917336,4.51286700971e-16
115,B2,0.0290714294293,9.12772807225,0.740067343251,0.17316955392,0.236828695693,34.9472880611,1.47098976853,0.0206716819714,0.205087294243,0.00950744764789,50,2077,ok,False,True,0.0997156269497,0.80490127738,3.23213573446,0.281757100653,0,0.0026893128603,0.0221972414087,4.93433581949e-16
115,B5,0.0290714294293,9.12772807225,0.740067343251,0.17316955392,0.236828695693,34.9472880611,1.47098976853,0.0206716819714,0.205087294243,0.00950744764789,50,2077,ok,False,True,0.101933961852,0.681356936766,3.23213573446,0.284786577915,0.227898023121,0.00262584877978,0.0222327462277,4.93433581949e-16
115,B6,0.0290714294293,9.12772807225,0.740067343251,0.17316955392,0.236828695693,34.9472880611,1.47098976853,0.0206716819714,0.205087294243,0.00950744764789,50,2077,ok,False,True,0.100348143559,0.685424165053,3.23213573446,0.273638209392,0.227898023121,0.00268119004831,0.0223312983565,3.75273109156e-16
116,B2,0.0367443559873,5.37602415494,0.315827557774,0.264053579691,0.114418890544,35.7817186778,0.794483271313,0.0446795321252,0.136389056048,1.37074917849,50,2077,ok,False,True,0.192305565054,0.811343497072,4.76601394488,0.388423817491,0,0.00275416565331,0.0212805597839,4.37773701091e-16
116,B5,0.0367443559873,5.37602415494,0.315827557774,0.264053579691,0.114418890544,35.7817186778,0.794483271313,0.0446795321252,0.136389056048,1.37074917849,50,2077,ok,False,True,0.168338906827,0.67860386982,4.59105222595,0.364817728312,0.215967260768,0.00465776038248,0.0210242172404,4.37773701091e-16
116,B6,0.0367443559873,5.37602415494,0.315827557774,0.264053579691,0.114418890544,35.7817186778,0.794483271313,0.0446795321252,0.136389056048,1.37074917849,50,2077,ok,False,True,0.167283002421,0.680687648462,4.59106940368,0.359845507832,0.215967260768,0.0047050324109,0.0210322092233,4.39608349284e-16
117,B2,0.0432280767352,5.26969916159,0.248996552454,0.384360273862,0.231914567064,29.3753990307,1.06789641862,0.0472949069666,0.0957510855564,1.94224629583,50,2077,ok,False,True,0.346872662436,0.806467443931,8.0329733184,0.549606950785,0,0.00196598829579,0.0221145880369,4.8182604743e-16
117,B5,0.0432280767352,5.26969916159,0.248996552454,0.384360273862,0.231914567064,29.3753990307,1.06789641862,0.0472949069666,0.0957510855564,1.94224629583,50,2077,ok,False,True,0.243143872784,0.542540150056,7.06289380484,0.445703956668,0.424949478363,0.00963744620027,0.0215922931854,4.8182604743e-16
117,B6,0.0432280767352,5.26969916159,0.248996552454,0.384360273862,0.231914567064,29.3753990307,1.06789641862,0.0472949069666,0.0957510855564,1.94224629583,50,2077,ok,False,True,0.241603310178,0.543753236815,7.06291687445,0.441403357254,0.424949478363,0.00973944229892,0.0216062607429,4.02780438454e-16
118,B2,0.0325220919814,3.50228073528,0.343999445432,0.368315969999,0.0979511785186,37.8909617607,0.922588740552,0.0561816585496,0.0521270019305,0.467019101854,50,2077,ok,False,True,0.310803681104,0.791316070701,4.95413915073,0.504703422575,0,0.00248306229336,0.0210311948452,4.4659658771e-16
118,B5,0.0325220919814,3.50228073528,0.343999445432,0.368315969999,0.0979511785186,37.8909617607,0.922588740552,0.0561816585496,0.0521270019305,0.467019101854,50,2077,ok,False,True,0.287086630988,0.69029534503,4.91028240865,0.480997105951,0.155854461888,0.0033174465581,0.0208536914503,4.63961465174e-16
118,B6,0.0325220919814,3.50228073528,0.343999445432,0.368315969999,0.0979511785186,37.8909617607,0.922588740552,0.0561816585496,0.0521270019305,0.467019101854,50,2077,ok,False,True,0.285707984984,0.692580288705,4.91029818624,0.475566633858,0.155854461888,0.00338668735677,0.0208613528914,4.21755747535e-16
119,B2,0.0469569305867,4.17977504127,0.294260219452,0.26104507786,0.200479910361,36.6429219365,0.99450878829,0.0513498921015,0.0953480506062,0.397870622489,50,2077,ok,False,True,0.199292766338,0.811756662985,6.33134096774,0.394895823794,0,0.00242845469991,0.0221018350927,4.55119958904e-16
119,B5,0.0469569305867,4.17977504127,0.294260219452,0.26104507786,0.200479910361,36.6429219365,0.99450878829,0.0513498921015,0.0953480506062,0.397870622489,50,2077,ok,False,True,0.125623522275,0.63567845725,6.22319480926,0.321140757413,0.290176132457,0.00784098299464,0.0216473853055,4.58007466548e-16
119,B6,0.0469569305867,4.17977504127,0.294260219452,0.26104507786,0.200479910361,36.6429219365,0.99450878829,0.0513498921015,0.0953480506062,0.397870622489,50,2077,ok,False,True,0.124191627678,0.636637293018,6.22320837395,0.316186721143,0.290176132457,0.00792072849661,0.0216535568978,4.72097268777e-16
120,B2,0.027947033705,5.57539825393,0.99510533479,0.170024349979,0.208089854142,19.9016287979,1.45776411159,0.0238321139813,0.0338438765473,1.15834240327,50,2077,ok,False,True,0.0968520600132,0.795493169719,3.76193684571,0.264090094019,0,0.00269075999718,0.0216497242072,4.4397765365e-16
120,B5,0.027947033705,5.57539825393,0.99510533479,0.170024349979,0.208089854142,19.9016287979,1.45776411159,0.0238321139813,0.0338438765473,1.15834240327,50,2077,ok,True,True,0,0.564502287021,3.76193684571,0.166244001548,0.419294859625,0.00438081924896,0.0211561078899,4.23129188217e-16
120,B6,0.027947033705,5.57539825393,0.99510533479,0.170024349979,0.208089854142,19.9016287979,1.45776411159,0.0238321139813,0.0338438765473,1.15834240327,50,2077,ok,True,True,0,0.560913941245,3.76193684571,0.147053382992,0.419294859625,0.00428609461478,0.0211874388377,3.93385281757e-16
121,B2,0.026262225329,1.94346885013,0.616948534397,0.251203952239,0.106270783713,33.892792778,1.30197408705,0.0447773259576,0.174762122324,0.942296805586,50,2077,ok,False,True,0.172753270168,0.778006042656,7.97486718733,0.343605854514,0,0.00294222836808,0.0212279151879,5.12004920733e-16
121,B5,0.026262225329,1.94346885013,0.616948534397,0.251203952239,0.106270783713,33.892792778,1.30197408705,0.0447773259576,0.174762122324,0.942296805586,50,2077,ok,False,True,0.172950531398,0.678354596576,7.80514313577,0.343859709439,0.178494330829,0.00293120932714,0.0209512851398,4.75036834089e-16
121,B6,0.026262225329,1.94346885013,0.616948534397,0.251203952239,0.106270783713,33.892792778,1.30197408705,0.0447773259576,0.174762122324,0.942296805586,50,2077,ok,False,True,0.170429992111,0.679827256096,7.80515316929,0.328946269933,0.178494330829,0.00304983465926,0.0209571744511,5.10899742333e-16
122,B2,0.0231987716602,5.55972813402,0.448715732464,0.245016271747,0.205676400602,37.5910985772,1.53447305625,0.0454541140635,0.0410964919345,0.615946273559,50,2077,ok,False,True,0.177509944243,0.789705688649,10.7786433408,0.360462527959,0,0.00259056160499,0.0221814945916,3.98937924616e-16
122,B5,0.0231987716602,5.55972813402,0.448715732464,0.245016271747,0.205676400602,37.5910985772,1.53447305625,0.0454541140635,0.0410964919345,0.615946273559,50,2077,ok,False,True,0.140934876297,0.703392664847,10.7774717691,0.317445430428,0.145348119191,0.00369524837946,0.0217099536066,3.96520180106e-16
122,B6,0.0231987716602,5.55972813402,0.448715732464,0.245016271747,0.205676400602,37.5910985772,1.53447305625,0.0454541140635,0.0410964919345,0.615946273559,50,2077,ok,False,True,0.13969485848,0.70682417476,10.777481196,0.31186255324,0.145348119191,0.00373659153883,0.0217162954033,4.12568074602e-16
123,B2,0.0388338130739,6.33360651147,0.710919948109,0.298923822285,0.116706065058,17.2452105548,1.08649411558,0.0346439218492,0.0161689799486,0.896138178526,50,2077,ok,False,True,0.243244119506,0.771607119895,6.37642060463,0.418342276251,0,0.002303869377,0.021460470762,5.52922276514e-16
123,B5,0.0388338130739,6.33360651147,0.710919948109,0.298923822285,0.116706065058,17.2452105548,1.08649411558,0.0346439218492,0.0161689799486,0.896138178526,50,2077,ok,False,True,0.080849786672,0.486066179311,6.37642060463,0.253877194603,0.500320103719,0.00556956439169,0.0210854869183,4.40346630565e-16
123,B6,0.0388338130739,6.33360651147,0.710919948109,0.298923822285,0.116706065058,17.2452105548,1.08649411558,0.0346439218492,0.0161689799486,0.896138178526,50,2077,ok,False,True,0.074697988299,0.486037641469,6.37642060463,0.238303357845,0.500320103719,0.00584346137072,0.0211289082282,4.1382230402e-16
124,B2,0.0485256185613,8.70647716369,0.547389616491,0.391019206127,0.274576383924,31.6556196492,1.38523062308,0.0286591547475,0.00494390634265,0.871313596355,50,2077,ok,False,True,0.352245115393,0.768966132124,4.76170795771,0.540758589935,0,0.00201584675371,0.0237771076438,4.85990981451e-16
124,B5,0.0485256185613,8.70647716369,0.547389616491,0.391019206127,0.274576383924,31.6556196492,1.38523062308,0.0286591547475,0.00494390634265,0.871313596355,50,2077,ok,False,True,0.256488947007,0.500249074629,4.76170795771,0.44405102037,0.428452633543,0.00255413577068,0.0215632443444,4.5924520453e-16
124,B6,0.0485256185613,8.70647716369,0.547389616491,0.391019206127,0.274576383924,31.6556196492,1.38523062308,0.0286591547475,0.00494390634265,0.871313596355,50,2077,ok,False,True,0.253494574023,0.50397454011,4.76170795771,0.435807231446,0.428452633543,0.0027638684102,0.0216356189201,5.05124682579e-16
125,B2,0.0382941442102,8.32062873469,0.457456694318,0.222680591716,0.176415230476,13.4518942201,1.33238985763,0.0502587884485,0.219363240624,1.90187231036,50,2077,ok,False,True,0.161050749443,0.807091891863,12.0403571372,0.353198481979,0,0.00238106044298,0.0222305373782,4.53712722632e-16
125,B5,0.0382941442102,8.32062873469,0.457456694318,0.222680591716,0.176415230476,13.4518942201,1.33238985763,0.0502587884485,0.219363240624,1.90187231036,50,2077,ok,False,True,0.166908645832,0.505031432235,10.6588910653,0.359049066478,0.585389512446,0.00198894913405,0.0214832192402,3.39127194985e-16
125,B6,0.0382941442102,8.32062873469,0.457456694318,0.222680591716,0.176415230476,13.4518942201,1.33238985763,0.0502587884485,0.219363240624,1.90187231036,50,2077,ok,False,True,0.166244942458,0.506309580402,10.6588348815,0.353143267948,0.585389512446,0.00200802943681,0.021521457426,3.6470509966e-16
126,B2,0.033558752983,1.59778124932,0.490029591305,0.316419363741,0.251124822037,30.9669735172,0.644477387382,0.0124436025264,0.132727295927,1.70314589548,50,2077,ok,False,True,0.268606156251,0.799850919509,2.15188444203,0.467561244888,0,0.00210840874663,0.0227180329382,5.74596611979e-16
126,B5,0.033558752983,1.59778124932,0.490029591305,0.316419363741,0.251124822037,30.9669735172,0.644477387382,0.0124436025264,0.132727295927,1.70314589548,50,2077,ok,False,True,0.246516042616,0.60093316595,2.15188444203,0.444327164429,0.32917082834,0.00381060406263,0.022139950459,4.53571991426e-16
126,B6,0.033558752983,1.59778124932,0.490029591305,0.316419363741,0.251124822037,30.9669735172,0.644477387382,0.0124436025264,0.132727295927,1.70314589548,50,2077,ok,False,True,0.24428355223,0.601752662611,2.15188444203,0.431737232566,0.32917082834,0.00396336007547,0.0221606364564,4.84086925252e-16
127,B2,0.00771976909842,3.20510013872,0.352082987841,0.21901741651,0.11318848652,28.6733470845,1.4048705704,0.0303595924799,0.170346799296,1.63006181633,50,2077,ok,False,True,0.148445545204,0.81820511644,5.21646744041,0.345120297277,0,0.00264193810462,0.0213533340957,4.62061110363e-16
127,B5,0.00771976909842,3.20510013872,0.352082987841,0.21901741651,0.11318848652,28.6733470845,1.4048705704,0.0303595924799,0.170346799296,1.63006181633,50,2077,ok,False,True,0.142342052394,0.768205269495,5.21646744041,0.338802750931,0.0805398099018,0.0031623130918,0.0210898890861,4.05768410314e-16
127,B6,0.00771976909842,3.20510013872,0.352082987841,0.21901741651,0.11318848652,28.6733470845,1.4048705704,0.0303595924799,0.170346799296,1.63006181633,50,2077,ok,False,True,0.141147997642,0.769747780213,5.21646744041,0.331689575529,0.0805398099018,0.00320689529531,0.0210936209326,4.78679143919e-16
